/*
 Navicat Premium Data Transfer

 Source Server         : MySQL
 Source Server Type    : MySQL
 Source Server Version : 80026
 Source Host           : localhost:3306
 Source Schema         : 诗词交流平台

 Target Server Type    : MySQL
 Target Server Version : 80026
 File Encoding         : 65001

 Date: 15/05/2024 13:23:00
*/

SET NAMES utf8mb4;
SET FOREIGN_KEY_CHECKS = 0;

-- ----------------------------
-- Table structure for biz_poetry
-- ----------------------------
DROP TABLE IF EXISTS `biz_poetry`;
CREATE TABLE `biz_poetry`  (
  `id` bigint NOT NULL AUTO_INCREMENT COMMENT '主键ID',
  `title` varchar(50) CHARACTER SET utf8mb4 COLLATE utf8mb4_0900_ai_ci NOT NULL COMMENT '标题',
  `content` longtext CHARACTER SET utf8mb4 COLLATE utf8mb4_0900_ai_ci NOT NULL COMMENT '内容',
  `author` varchar(50) CHARACTER SET utf8mb4 COLLATE utf8mb4_0900_ai_ci NOT NULL COMMENT '作者',
  `dynasty` varchar(20) CHARACTER SET utf8mb4 COLLATE utf8mb4_0900_ai_ci NOT NULL COMMENT '朝代',
  `recitation` varchar(255) CHARACTER SET utf8mb4 COLLATE utf8mb4_0900_ai_ci NOT NULL COMMENT '朗诵',
  `video` varchar(255) CHARACTER SET utf8mb4 COLLATE utf8mb4_0900_ai_ci NOT NULL COMMENT '视频',
  `imgs` longtext CHARACTER SET utf8mb4 COLLATE utf8mb4_0900_ai_ci NOT NULL COMMENT '图片',
  `click` bigint NOT NULL COMMENT '点击量',
  `create_by` varchar(64) CHARACTER SET utf8mb4 COLLATE utf8mb4_0900_ai_ci NOT NULL COMMENT '创建者',
  `create_time` datetime NOT NULL COMMENT '创建时间',
  `update_by` varchar(64) CHARACTER SET utf8mb4 COLLATE utf8mb4_0900_ai_ci NULL DEFAULT NULL COMMENT '修改者',
  `update_time` datetime NULL DEFAULT NULL COMMENT '修改时间',
  `remark` varchar(255) CHARACTER SET utf8mb4 COLLATE utf8mb4_0900_ai_ci NOT NULL COMMENT '备注',
  PRIMARY KEY (`id`) USING BTREE
) ENGINE = InnoDB AUTO_INCREMENT = 2 CHARACTER SET = utf8mb4 COLLATE = utf8mb4_0900_ai_ci COMMENT = '诗词表' ROW_FORMAT = Dynamic;

-- ----------------------------
-- Records of biz_poetry
-- ----------------------------
INSERT INTO `biz_poetry` VALUES (1, '关雎', '<p>关关雎鸠，在河之洲。窈窕淑女，君子好逑。</p><p>参差荇菜，左右流之。窈窕淑女，寤寐求之。</p><p>求之不得，寤寐思服。悠哉悠哉，辗转反侧。</p><p>参差荇菜，左右采之。窈窕淑女，琴瑟友之。</p><p>参差荇菜，左右芼之。窈窕淑女，钟鼓乐之。</p>', '佚名', '0', '/profile/upload/2024/05/14/老街北_20240514205738A014.mp3', '/profile/upload/2024/05/14/七里Smile - 幹物女_20240514205742A015.mp4', '/profile/upload/2024/05/14/QQ20221021114707_20240514205652A009.jpg,/profile/upload/2024/05/14/QQ20230916210933_20240514205654A010.jpg,/profile/upload/2024/05/14/QQ20221021114744_20240514205656A011.jpg,/profile/upload/2024/05/14/QQ20221021114753_20240514205658A012.jpg,/profile/upload/2024/05/14/QQ20221021114744_20240514205701A013.jpg', 119, 'admin', '2024-05-14 21:04:01', NULL, '2024-05-14 22:14:47', '');

-- ----------------------------
-- Table structure for biz_poetry_comment
-- ----------------------------
DROP TABLE IF EXISTS `biz_poetry_comment`;
CREATE TABLE `biz_poetry_comment`  (
  `id` bigint NOT NULL AUTO_INCREMENT COMMENT '主键ID',
  `content` longtext CHARACTER SET utf8mb4 COLLATE utf8mb4_0900_ai_ci NOT NULL COMMENT '内容',
  `poetry_id` bigint NOT NULL COMMENT '诗词ID',
  `user_id` bigint NOT NULL COMMENT '用户ID',
  `favor` bigint NOT NULL COMMENT '点赞量',
  `create_by` varchar(64) CHARACTER SET utf8mb4 COLLATE utf8mb4_0900_ai_ci NOT NULL COMMENT '创建者',
  `create_time` datetime NOT NULL COMMENT '创建时间',
  `update_by` varchar(64) CHARACTER SET utf8mb4 COLLATE utf8mb4_0900_ai_ci NULL DEFAULT NULL COMMENT '更新者',
  `update_time` datetime NULL DEFAULT NULL COMMENT '更新时间',
  PRIMARY KEY (`id`) USING BTREE
) ENGINE = InnoDB AUTO_INCREMENT = 1 CHARACTER SET = utf8mb4 COLLATE = utf8mb4_0900_ai_ci COMMENT = '诗词评论表' ROW_FORMAT = Dynamic;

-- ----------------------------
-- Records of biz_poetry_comment
-- ----------------------------
INSERT INTO `biz_poetry_comment` VALUES (1, '非常好诗词，是使我的春心萌动，爱来自关中', 1, 1, 0, 'admin', '2024-05-15 11:21:37', NULL, NULL);
INSERT INTO `biz_poetry_comment` VALUES (2, '关关雎鸠，在河之洲。窈窕淑女，君子好逑', 1, 1, 0, 'admin', '2024-05-15 11:34:13', NULL, NULL);
INSERT INTO `biz_poetry_comment` VALUES (3, '关关雎鸠，在河之洲。窈窕淑女，君子好逑', 1, 1, 0, 'admin', '2024-05-15 11:34:56', NULL, NULL);
INSERT INTO `biz_poetry_comment` VALUES (4, '参差荇菜，左右流之。窈窕淑女，寤寐求之', 1, 1, 0, 'admin', '2024-05-15 11:36:23', NULL, NULL);
INSERT INTO `biz_poetry_comment` VALUES (5, '求之不得，寤寐思服。悠哉悠哉，辗转反侧', 1, 1, 0, 'admin', '2024-05-15 11:37:20', NULL, NULL);
INSERT INTO `biz_poetry_comment` VALUES (6, '测试降序', 1, 1, 0, 'admin', '2024-05-15 12:14:13', NULL, NULL);
INSERT INTO `biz_poetry_comment` VALUES (7, '参差荇菜，左右采之。窈窕淑女，琴瑟友之', 1, 1, 0, 'admin', '2024-05-15 12:22:34', NULL, NULL);
INSERT INTO `biz_poetry_comment` VALUES (8, '小时候最喜欢的一首', 1, 100, 0, '13037503398', '2024-05-15 12:29:57', NULL, NULL);
INSERT INTO `biz_poetry_comment` VALUES (9, '测试回复后排序', 1, 100, 0, '13037503398', '2024-05-15 12:30:28', NULL, NULL);

-- ----------------------------
-- Table structure for biz_poetry_favorite
-- ----------------------------
DROP TABLE IF EXISTS `biz_poetry_favorite`;
CREATE TABLE `biz_poetry_favorite`  (
  `id` bigint NOT NULL AUTO_INCREMENT COMMENT '主键ID',
  `poetry_id` bigint NOT NULL COMMENT '诗词ID',
  `user_id` bigint NOT NULL COMMENT '用户ID',
  `create_by` varchar(64) CHARACTER SET utf8mb4 COLLATE utf8mb4_0900_ai_ci NOT NULL COMMENT '创建者',
  `create_time` datetime NOT NULL COMMENT '创建时间',
  PRIMARY KEY (`id`) USING BTREE,
  UNIQUE INDEX `poetry_id`(`poetry_id`, `user_id`) USING BTREE
) ENGINE = InnoDB AUTO_INCREMENT = 13 CHARACTER SET = utf8mb4 COLLATE = utf8mb4_0900_ai_ci COMMENT = '用户诗词收藏表' ROW_FORMAT = Dynamic;

-- ----------------------------
-- Records of biz_poetry_favorite
-- ----------------------------
INSERT INTO `biz_poetry_favorite` VALUES (12, 1, 1, 'admin', '2024-05-15 11:23:12');
INSERT INTO `biz_poetry_favorite` VALUES (13, 1, 100, '13037503398', '2024-05-15 12:59:45');

-- ----------------------------
-- Table structure for biz_posts
-- ----------------------------
DROP TABLE IF EXISTS `biz_posts`;
CREATE TABLE `biz_posts`  (
  `id` bigint NOT NULL AUTO_INCREMENT COMMENT '主键ID',
  `user_id` bigint NOT NULL COMMENT '用户ID',
  `title` varchar(50) CHARACTER SET utf8mb4 COLLATE utf8mb4_0900_ai_ci NOT NULL COMMENT '标题',
  `content` longtext CHARACTER SET utf8mb4 COLLATE utf8mb4_0900_ai_ci NOT NULL COMMENT '内容',
  `click` bigint NOT NULL COMMENT '点击量',
  `status` char(1) CHARACTER SET utf8mb4 COLLATE utf8mb4_0900_ai_ci NOT NULL COMMENT '状态(0正常、1隐藏)',
  `create_by` varchar(64) CHARACTER SET utf8mb4 COLLATE utf8mb4_0900_ai_ci NOT NULL COMMENT '创建者',
  `create_time` datetime NOT NULL COMMENT '创建时间',
  `update_by` varchar(64) CHARACTER SET utf8mb4 COLLATE utf8mb4_0900_ai_ci NULL DEFAULT NULL COMMENT '更新者',
  `update_time` datetime NULL DEFAULT NULL COMMENT '更新时间',
  `del_flag` int NOT NULL COMMENT '逻辑删除(0正常、1删除)',
  PRIMARY KEY (`id`) USING BTREE
) ENGINE = InnoDB AUTO_INCREMENT = 1 CHARACTER SET = utf8mb4 COLLATE = utf8mb4_0900_ai_ci COMMENT = '帖子表' ROW_FORMAT = Dynamic;

-- ----------------------------
-- Records of biz_posts
-- ----------------------------

-- ----------------------------
-- Table structure for biz_posts_browse
-- ----------------------------
DROP TABLE IF EXISTS `biz_posts_browse`;
CREATE TABLE `biz_posts_browse`  (
  `id` bigint NOT NULL AUTO_INCREMENT COMMENT '主键ID',
  `posts_id` bigint NOT NULL COMMENT '帖子ID',
  `user_id` bigint NOT NULL COMMENT '用户ID',
  `create_by` varchar(64) CHARACTER SET utf8mb4 COLLATE utf8mb4_0900_ai_ci NOT NULL COMMENT '创建者',
  `create_time` datetime NOT NULL COMMENT '创建时间',
  PRIMARY KEY (`id`) USING BTREE,
  UNIQUE INDEX `posts_id`(`posts_id`, `user_id`) USING BTREE
) ENGINE = InnoDB AUTO_INCREMENT = 1 CHARACTER SET = utf8mb4 COLLATE = utf8mb4_0900_ai_ci COMMENT = '帖子浏览记录表' ROW_FORMAT = Dynamic;

-- ----------------------------
-- Records of biz_posts_browse
-- ----------------------------

-- ----------------------------
-- Table structure for gen_table
-- ----------------------------
DROP TABLE IF EXISTS `gen_table`;
CREATE TABLE `gen_table`  (
  `table_id` bigint NOT NULL AUTO_INCREMENT COMMENT '编号',
  `table_name` varchar(200) CHARACTER SET utf8mb4 COLLATE utf8mb4_0900_ai_ci NULL DEFAULT '' COMMENT '表名称',
  `table_comment` varchar(500) CHARACTER SET utf8mb4 COLLATE utf8mb4_0900_ai_ci NULL DEFAULT '' COMMENT '表描述',
  `sub_table_name` varchar(64) CHARACTER SET utf8mb4 COLLATE utf8mb4_0900_ai_ci NULL DEFAULT NULL COMMENT '关联子表的表名',
  `sub_table_fk_name` varchar(64) CHARACTER SET utf8mb4 COLLATE utf8mb4_0900_ai_ci NULL DEFAULT NULL COMMENT '子表关联的外键名',
  `class_name` varchar(100) CHARACTER SET utf8mb4 COLLATE utf8mb4_0900_ai_ci NULL DEFAULT '' COMMENT '实体类名称',
  `tpl_category` varchar(200) CHARACTER SET utf8mb4 COLLATE utf8mb4_0900_ai_ci NULL DEFAULT 'crud' COMMENT '使用的模板（crud单表操作 tree树表操作）',
  `tpl_web_type` varchar(30) CHARACTER SET utf8mb4 COLLATE utf8mb4_0900_ai_ci NULL DEFAULT '' COMMENT '前端模板类型（element-ui模版 element-plus模版）',
  `package_name` varchar(100) CHARACTER SET utf8mb4 COLLATE utf8mb4_0900_ai_ci NULL DEFAULT NULL COMMENT '生成包路径',
  `module_name` varchar(30) CHARACTER SET utf8mb4 COLLATE utf8mb4_0900_ai_ci NULL DEFAULT NULL COMMENT '生成模块名',
  `business_name` varchar(30) CHARACTER SET utf8mb4 COLLATE utf8mb4_0900_ai_ci NULL DEFAULT NULL COMMENT '生成业务名',
  `function_name` varchar(50) CHARACTER SET utf8mb4 COLLATE utf8mb4_0900_ai_ci NULL DEFAULT NULL COMMENT '生成功能名',
  `function_author` varchar(50) CHARACTER SET utf8mb4 COLLATE utf8mb4_0900_ai_ci NULL DEFAULT NULL COMMENT '生成功能作者',
  `gen_type` char(1) CHARACTER SET utf8mb4 COLLATE utf8mb4_0900_ai_ci NULL DEFAULT '0' COMMENT '生成代码方式（0zip压缩包 1自定义路径）',
  `gen_path` varchar(200) CHARACTER SET utf8mb4 COLLATE utf8mb4_0900_ai_ci NULL DEFAULT '/' COMMENT '生成路径（不填默认项目路径）',
  `options` varchar(1000) CHARACTER SET utf8mb4 COLLATE utf8mb4_0900_ai_ci NULL DEFAULT NULL COMMENT '其它生成选项',
  `create_by` varchar(64) CHARACTER SET utf8mb4 COLLATE utf8mb4_0900_ai_ci NULL DEFAULT '' COMMENT '创建者',
  `create_time` datetime NULL DEFAULT NULL COMMENT '创建时间',
  `update_by` varchar(64) CHARACTER SET utf8mb4 COLLATE utf8mb4_0900_ai_ci NULL DEFAULT '' COMMENT '更新者',
  `update_time` datetime NULL DEFAULT NULL COMMENT '更新时间',
  `remark` varchar(500) CHARACTER SET utf8mb4 COLLATE utf8mb4_0900_ai_ci NULL DEFAULT NULL COMMENT '备注',
  PRIMARY KEY (`table_id`) USING BTREE
) ENGINE = InnoDB AUTO_INCREMENT = 6 CHARACTER SET = utf8mb4 COLLATE = utf8mb4_0900_ai_ci COMMENT = '代码生成业务表' ROW_FORMAT = Dynamic;

-- ----------------------------
-- Records of gen_table
-- ----------------------------
INSERT INTO `gen_table` VALUES (1, 'biz_poetry', '诗词表', 'biz_poetry_comment', 'poetry_id', 'BizPoetry', 'sub', 'element-ui', 'com.main.system', 'system', 'poetry', '诗词', 'admin', '0', '/', '{}', 'admin', '2024-05-14 11:36:40', '', '2024-05-14 11:44:20', NULL);
INSERT INTO `gen_table` VALUES (2, 'biz_poetry_comment', '诗词评论表', NULL, NULL, 'BizPoetryComment', 'crud', 'element-ui', 'com.main.system', 'system', 'comment', '诗词评论', 'admin', '0', '/', '{}', 'admin', '2024-05-14 11:36:40', '', '2024-05-14 11:43:46', NULL);
INSERT INTO `gen_table` VALUES (3, 'biz_poetry_favorite', '用户诗词收藏表', NULL, NULL, 'BizPoetryFavorite', 'crud', 'element-ui', 'com.main.system', 'system', 'favorite', '用户诗词收藏', 'admin', '0', '/', '{}', 'admin', '2024-05-14 11:36:40', '', '2024-05-14 11:44:52', NULL);
INSERT INTO `gen_table` VALUES (4, 'biz_posts', '帖子表', NULL, NULL, 'BizPosts', 'crud', 'element-ui', 'com.main.system', 'system', 'posts', '帖子', 'admin', '0', '/', '{}', 'admin', '2024-05-14 11:36:40', '', '2024-05-14 11:47:34', NULL);
INSERT INTO `gen_table` VALUES (5, 'biz_posts_browse', '帖子浏览记录表', NULL, NULL, 'BizPostsBrowse', 'crud', 'element-ui', 'com.main.system', 'system', 'browse', '帖子浏览记录', 'admin', '0', '/', '{}', 'admin', '2024-05-14 11:36:40', '', '2024-05-14 11:48:28', NULL);

-- ----------------------------
-- Table structure for gen_table_column
-- ----------------------------
DROP TABLE IF EXISTS `gen_table_column`;
CREATE TABLE `gen_table_column`  (
  `column_id` bigint NOT NULL AUTO_INCREMENT COMMENT '编号',
  `table_id` bigint NULL DEFAULT NULL COMMENT '归属表编号',
  `column_name` varchar(200) CHARACTER SET utf8mb4 COLLATE utf8mb4_0900_ai_ci NULL DEFAULT NULL COMMENT '列名称',
  `column_comment` varchar(500) CHARACTER SET utf8mb4 COLLATE utf8mb4_0900_ai_ci NULL DEFAULT NULL COMMENT '列描述',
  `column_type` varchar(100) CHARACTER SET utf8mb4 COLLATE utf8mb4_0900_ai_ci NULL DEFAULT NULL COMMENT '列类型',
  `java_type` varchar(500) CHARACTER SET utf8mb4 COLLATE utf8mb4_0900_ai_ci NULL DEFAULT NULL COMMENT 'JAVA类型',
  `java_field` varchar(200) CHARACTER SET utf8mb4 COLLATE utf8mb4_0900_ai_ci NULL DEFAULT NULL COMMENT 'JAVA字段名',
  `is_pk` char(1) CHARACTER SET utf8mb4 COLLATE utf8mb4_0900_ai_ci NULL DEFAULT NULL COMMENT '是否主键（1是）',
  `is_increment` char(1) CHARACTER SET utf8mb4 COLLATE utf8mb4_0900_ai_ci NULL DEFAULT NULL COMMENT '是否自增（1是）',
  `is_required` char(1) CHARACTER SET utf8mb4 COLLATE utf8mb4_0900_ai_ci NULL DEFAULT NULL COMMENT '是否必填（1是）',
  `is_insert` char(1) CHARACTER SET utf8mb4 COLLATE utf8mb4_0900_ai_ci NULL DEFAULT NULL COMMENT '是否为插入字段（1是）',
  `is_edit` char(1) CHARACTER SET utf8mb4 COLLATE utf8mb4_0900_ai_ci NULL DEFAULT NULL COMMENT '是否编辑字段（1是）',
  `is_list` char(1) CHARACTER SET utf8mb4 COLLATE utf8mb4_0900_ai_ci NULL DEFAULT NULL COMMENT '是否列表字段（1是）',
  `is_query` char(1) CHARACTER SET utf8mb4 COLLATE utf8mb4_0900_ai_ci NULL DEFAULT NULL COMMENT '是否查询字段（1是）',
  `query_type` varchar(200) CHARACTER SET utf8mb4 COLLATE utf8mb4_0900_ai_ci NULL DEFAULT 'EQ' COMMENT '查询方式（等于、不等于、大于、小于、范围）',
  `html_type` varchar(200) CHARACTER SET utf8mb4 COLLATE utf8mb4_0900_ai_ci NULL DEFAULT NULL COMMENT '显示类型（文本框、文本域、下拉框、复选框、单选框、日期控件）',
  `dict_type` varchar(200) CHARACTER SET utf8mb4 COLLATE utf8mb4_0900_ai_ci NULL DEFAULT '' COMMENT '字典类型',
  `sort` int NULL DEFAULT NULL COMMENT '排序',
  `create_by` varchar(64) CHARACTER SET utf8mb4 COLLATE utf8mb4_0900_ai_ci NULL DEFAULT '' COMMENT '创建者',
  `create_time` datetime NULL DEFAULT NULL COMMENT '创建时间',
  `update_by` varchar(64) CHARACTER SET utf8mb4 COLLATE utf8mb4_0900_ai_ci NULL DEFAULT '' COMMENT '更新者',
  `update_time` datetime NULL DEFAULT NULL COMMENT '更新时间',
  PRIMARY KEY (`column_id`) USING BTREE
) ENGINE = InnoDB AUTO_INCREMENT = 45 CHARACTER SET = utf8mb4 COLLATE = utf8mb4_0900_ai_ci COMMENT = '代码生成业务表字段' ROW_FORMAT = Dynamic;

-- ----------------------------
-- Records of gen_table_column
-- ----------------------------
INSERT INTO `gen_table_column` VALUES (1, 1, 'id', '主键ID', 'bigint', 'Long', 'id', '1', '1', '0', '1', NULL, NULL, NULL, 'EQ', 'input', '', 1, 'admin', '2024-05-14 11:36:40', '', '2024-05-14 11:44:20');
INSERT INTO `gen_table_column` VALUES (2, 1, 'title', '标题', 'varchar(50)', 'String', 'title', '0', '0', '1', '1', '1', '1', '1', 'EQ', 'textarea', '', 2, 'admin', '2024-05-14 11:36:40', '', '2024-05-14 11:44:20');
INSERT INTO `gen_table_column` VALUES (3, 1, 'content', '内容', 'longtext', 'String', 'content', '0', '0', '1', '1', '1', '1', '1', 'EQ', 'editor', '', 3, 'admin', '2024-05-14 11:36:40', '', '2024-05-14 11:44:20');
INSERT INTO `gen_table_column` VALUES (4, 1, 'author', '作者', 'varchar(50)', 'String', 'author', '0', '0', '1', '1', '1', '1', '1', 'LIKE', 'input', '', 4, 'admin', '2024-05-14 11:36:40', '', '2024-05-14 11:44:20');
INSERT INTO `gen_table_column` VALUES (5, 1, 'dynasty', '朝代', 'varchar(20)', 'String', 'dynasty', '0', '0', '1', '1', '1', '1', '1', 'EQ', 'select', 'biz_poetry_dynasty', 5, 'admin', '2024-05-14 11:36:40', '', '2024-05-14 11:44:20');
INSERT INTO `gen_table_column` VALUES (6, 1, 'recitation', '朗诵', 'varchar(255)', 'String', 'recitation', '0', '0', '1', '1', '1', '1', '0', 'EQ', 'input', '', 6, 'admin', '2024-05-14 11:36:40', '', '2024-05-14 11:44:20');
INSERT INTO `gen_table_column` VALUES (7, 1, 'video', '视频', 'varchar(255)', 'String', 'video', '0', '0', '1', '1', '1', '1', '0', 'EQ', 'input', '', 7, 'admin', '2024-05-14 11:36:40', '', '2024-05-14 11:44:20');
INSERT INTO `gen_table_column` VALUES (8, 1, 'imgs', '图片', 'json', 'String', 'imgs', '0', '0', '1', '1', '1', '1', '0', 'EQ', NULL, '', 8, 'admin', '2024-05-14 11:36:40', '', '2024-05-14 11:44:20');
INSERT INTO `gen_table_column` VALUES (9, 1, 'click', '点击量', 'bigint', 'Long', 'click', '0', '0', '1', '1', '1', '1', '0', 'EQ', 'input', '', 9, 'admin', '2024-05-14 11:36:40', '', '2024-05-14 11:44:20');
INSERT INTO `gen_table_column` VALUES (10, 1, 'create_by', '创建者', 'varchar(64)', 'String', 'createBy', '0', '0', '1', '1', NULL, NULL, NULL, 'EQ', 'input', '', 10, 'admin', '2024-05-14 11:36:40', '', '2024-05-14 11:44:20');
INSERT INTO `gen_table_column` VALUES (11, 1, 'create_time', '创建时间', 'datetime', 'Date', 'createTime', '0', '0', '1', '1', NULL, NULL, NULL, 'BETWEEN', 'datetime', '', 11, 'admin', '2024-05-14 11:36:40', '', '2024-05-14 11:44:20');
INSERT INTO `gen_table_column` VALUES (12, 1, 'update_by', '修改者', 'varchar(64)', 'String', 'updateBy', '0', '0', '0', '1', '1', NULL, NULL, 'EQ', 'input', '', 12, 'admin', '2024-05-14 11:36:40', '', '2024-05-14 11:44:20');
INSERT INTO `gen_table_column` VALUES (13, 1, 'update_time', '修改时间', 'datetime', 'Date', 'updateTime', '0', '0', '0', '1', '1', NULL, NULL, 'EQ', 'datetime', '', 13, 'admin', '2024-05-14 11:36:40', '', '2024-05-14 11:44:20');
INSERT INTO `gen_table_column` VALUES (14, 1, 'remark', '备注', 'varchar(255)', 'String', 'remark', '0', '0', '1', '1', '1', '1', '1', 'LIKE', 'textarea', '', 14, 'admin', '2024-05-14 11:36:40', '', '2024-05-14 11:44:20');
INSERT INTO `gen_table_column` VALUES (15, 2, 'id', '主键ID', 'bigint', 'Long', 'id', '1', '1', '0', '1', NULL, NULL, NULL, 'EQ', 'input', '', 1, 'admin', '2024-05-14 11:36:40', '', '2024-05-14 11:43:46');
INSERT INTO `gen_table_column` VALUES (16, 2, 'content', '内容', 'longtext', 'String', 'content', '0', '0', '1', '1', '1', '1', '1', 'LIKE', 'editor', '', 2, 'admin', '2024-05-14 11:36:40', '', '2024-05-14 11:43:46');
INSERT INTO `gen_table_column` VALUES (17, 2, 'poetry_id', '诗词ID', 'bigint', 'Long', 'poetryId', '0', '0', '1', '1', '0', '1', '1', 'EQ', 'input', '', 3, 'admin', '2024-05-14 11:36:40', '', '2024-05-14 11:43:46');
INSERT INTO `gen_table_column` VALUES (18, 2, 'user_id', '用户ID', 'bigint', 'Long', 'userId', '0', '0', '1', '1', '0', '1', '1', 'EQ', 'input', '', 4, 'admin', '2024-05-14 11:36:40', '', '2024-05-14 11:43:46');
INSERT INTO `gen_table_column` VALUES (19, 2, 'favor', '点赞量', 'bigint', 'Long', 'favor', '0', '0', '1', '1', '1', '1', '1', 'EQ', 'input', '', 5, 'admin', '2024-05-14 11:36:40', '', '2024-05-14 11:43:46');
INSERT INTO `gen_table_column` VALUES (20, 2, 'create_by', '创建者', 'varchar(64)', 'String', 'createBy', '0', '0', '1', '1', NULL, '1', '1', 'EQ', 'input', '', 6, 'admin', '2024-05-14 11:36:40', '', '2024-05-14 11:43:46');
INSERT INTO `gen_table_column` VALUES (21, 2, 'create_time', '创建时间', 'datetime', 'Date', 'createTime', '0', '0', '1', '1', NULL, '1', '1', 'BETWEEN', 'datetime', '', 7, 'admin', '2024-05-14 11:36:40', '', '2024-05-14 11:43:46');
INSERT INTO `gen_table_column` VALUES (22, 2, 'update_by', '更新者', 'varchar(64)', 'String', 'updateBy', '0', '0', '0', '1', '1', NULL, NULL, 'EQ', 'input', '', 8, 'admin', '2024-05-14 11:36:40', '', '2024-05-14 11:43:46');
INSERT INTO `gen_table_column` VALUES (23, 2, 'update_time', '更新时间', 'datetime', 'Date', 'updateTime', '0', '0', '0', '1', '1', NULL, NULL, 'EQ', 'datetime', '', 9, 'admin', '2024-05-14 11:36:40', '', '2024-05-14 11:43:46');
INSERT INTO `gen_table_column` VALUES (24, 3, 'id', '主键ID', 'bigint', 'Long', 'id', '1', '1', '0', '1', NULL, NULL, NULL, 'EQ', 'input', '', 1, 'admin', '2024-05-14 11:36:40', '', '2024-05-14 11:44:52');
INSERT INTO `gen_table_column` VALUES (25, 3, 'poetry_id', '诗词ID', 'bigint', 'Long', 'poetryId', '0', '0', '1', '1', '0', '1', '1', 'EQ', 'input', '', 2, 'admin', '2024-05-14 11:36:40', '', '2024-05-14 11:44:52');
INSERT INTO `gen_table_column` VALUES (26, 3, 'user_id', '用户ID', 'bigint', 'Long', 'userId', '0', '0', '1', '1', '0', '1', '1', 'EQ', 'input', '', 3, 'admin', '2024-05-14 11:36:40', '', '2024-05-14 11:44:52');
INSERT INTO `gen_table_column` VALUES (27, 3, 'create_by', '创建者', 'varchar(64)', 'String', 'createBy', '0', '0', '1', '1', NULL, NULL, NULL, 'EQ', 'input', '', 4, 'admin', '2024-05-14 11:36:40', '', '2024-05-14 11:44:52');
INSERT INTO `gen_table_column` VALUES (28, 3, 'create_time', '创建时间', 'datetime', 'Date', 'createTime', '0', '0', '1', '1', NULL, NULL, NULL, 'EQ', 'datetime', '', 5, 'admin', '2024-05-14 11:36:40', '', '2024-05-14 11:44:52');
INSERT INTO `gen_table_column` VALUES (29, 4, 'id', '主键ID', 'bigint', 'Long', 'id', '1', '1', '0', '1', NULL, NULL, '1', 'EQ', 'input', '', 1, 'admin', '2024-05-14 11:36:40', '', '2024-05-14 11:47:34');
INSERT INTO `gen_table_column` VALUES (30, 4, 'user_id', '用户ID', 'bigint', 'Long', 'userId', '0', '0', '1', '1', '0', '1', '1', 'EQ', 'input', '', 2, 'admin', '2024-05-14 11:36:40', '', '2024-05-14 11:47:34');
INSERT INTO `gen_table_column` VALUES (31, 4, 'title', '标题', 'varchar(50)', 'String', 'title', '0', '0', '1', '1', '1', '1', '1', 'LIKE', 'textarea', '', 3, 'admin', '2024-05-14 11:36:40', '', '2024-05-14 11:47:34');
INSERT INTO `gen_table_column` VALUES (32, 4, 'content', '内容', 'longtext', 'String', 'content', '0', '0', '1', '1', '1', '1', '1', 'LIKE', 'editor', '', 4, 'admin', '2024-05-14 11:36:40', '', '2024-05-14 11:47:34');
INSERT INTO `gen_table_column` VALUES (33, 4, 'click', '点击量', 'bigint', 'Long', 'click', '0', '0', '1', '1', '1', '1', '1', 'EQ', 'input', '', 5, 'admin', '2024-05-14 11:36:40', '', '2024-05-14 11:47:34');
INSERT INTO `gen_table_column` VALUES (34, 4, 'status', '状态', 'char(1)', 'String', 'status', '0', '0', '1', '1', '1', '1', '1', 'EQ', 'select', 'biz_posts_status', 6, 'admin', '2024-05-14 11:36:40', '', '2024-05-14 11:47:34');
INSERT INTO `gen_table_column` VALUES (35, 4, 'create_by', '创建者', 'varchar(64)', 'String', 'createBy', '0', '0', '1', '1', NULL, NULL, NULL, 'EQ', 'input', '', 7, 'admin', '2024-05-14 11:36:40', '', '2024-05-14 11:47:34');
INSERT INTO `gen_table_column` VALUES (36, 4, 'create_time', '创建时间', 'datetime', 'Date', 'createTime', '0', '0', '1', '1', NULL, NULL, NULL, 'BETWEEN', 'datetime', '', 8, 'admin', '2024-05-14 11:36:40', '', '2024-05-14 11:47:34');
INSERT INTO `gen_table_column` VALUES (37, 4, 'update_by', '更新者', 'varchar(64)', 'String', 'updateBy', '0', '0', '0', '1', '1', NULL, NULL, 'EQ', 'input', '', 9, 'admin', '2024-05-14 11:36:40', '', '2024-05-14 11:47:34');
INSERT INTO `gen_table_column` VALUES (38, 4, 'update_time', '更新时间', 'datetime', 'Date', 'updateTime', '0', '0', '0', '1', '1', NULL, NULL, 'EQ', 'datetime', '', 10, 'admin', '2024-05-14 11:36:40', '', '2024-05-14 11:47:34');
INSERT INTO `gen_table_column` VALUES (39, 4, 'del_flag', '逻辑删除', 'int', 'Integer', 'delFlag', '0', '0', '1', '1', '1', NULL, '1', 'EQ', 'input', '', 11, 'admin', '2024-05-14 11:36:40', '', '2024-05-14 11:47:34');
INSERT INTO `gen_table_column` VALUES (40, 5, 'id', '主键ID', 'bigint', 'Long', 'id', '1', '1', '0', '1', NULL, NULL, NULL, 'EQ', 'input', '', 1, 'admin', '2024-05-14 11:36:40', '', '2024-05-14 11:48:28');
INSERT INTO `gen_table_column` VALUES (41, 5, 'posts_id', '帖子ID', 'bigint', 'Long', 'postsId', '0', '0', '1', '1', '0', '1', '1', 'EQ', 'input', '', 2, 'admin', '2024-05-14 11:36:40', '', '2024-05-14 11:48:28');
INSERT INTO `gen_table_column` VALUES (42, 5, 'user_id', '用户ID', 'bigint', 'Long', 'userId', '0', '0', '1', '1', '0', '1', '1', 'EQ', 'input', '', 3, 'admin', '2024-05-14 11:36:40', '', '2024-05-14 11:48:28');
INSERT INTO `gen_table_column` VALUES (43, 5, 'create_by', '创建者', 'varchar(64)', 'String', 'createBy', '0', '0', '1', '1', NULL, NULL, NULL, 'EQ', 'input', '', 4, 'admin', '2024-05-14 11:36:40', '', '2024-05-14 11:48:28');
INSERT INTO `gen_table_column` VALUES (44, 5, 'create_time', '创建时间', 'datetime', 'Date', 'createTime', '0', '0', '1', '1', NULL, NULL, NULL, 'EQ', 'datetime', '', 5, 'admin', '2024-05-14 11:36:40', '', '2024-05-14 11:48:28');

-- ----------------------------
-- Table structure for qrtz_blob_triggers
-- ----------------------------
DROP TABLE IF EXISTS `qrtz_blob_triggers`;
CREATE TABLE `qrtz_blob_triggers`  (
  `sched_name` varchar(120) CHARACTER SET utf8mb4 COLLATE utf8mb4_0900_ai_ci NOT NULL COMMENT '调度名称',
  `trigger_name` varchar(200) CHARACTER SET utf8mb4 COLLATE utf8mb4_0900_ai_ci NOT NULL COMMENT 'qrtz_triggers表trigger_name的外键',
  `trigger_group` varchar(200) CHARACTER SET utf8mb4 COLLATE utf8mb4_0900_ai_ci NOT NULL COMMENT 'qrtz_triggers表trigger_group的外键',
  `blob_data` blob NULL COMMENT '存放持久化Trigger对象',
  PRIMARY KEY (`sched_name`, `trigger_name`, `trigger_group`) USING BTREE,
  CONSTRAINT `qrtz_blob_triggers_ibfk_1` FOREIGN KEY (`sched_name`, `trigger_name`, `trigger_group`) REFERENCES `qrtz_triggers` (`sched_name`, `trigger_name`, `trigger_group`) ON DELETE RESTRICT ON UPDATE RESTRICT
) ENGINE = InnoDB CHARACTER SET = utf8mb4 COLLATE = utf8mb4_0900_ai_ci COMMENT = 'Blob类型的触发器表' ROW_FORMAT = Dynamic;

-- ----------------------------
-- Records of qrtz_blob_triggers
-- ----------------------------

-- ----------------------------
-- Table structure for qrtz_calendars
-- ----------------------------
DROP TABLE IF EXISTS `qrtz_calendars`;
CREATE TABLE `qrtz_calendars`  (
  `sched_name` varchar(120) CHARACTER SET utf8mb4 COLLATE utf8mb4_0900_ai_ci NOT NULL COMMENT '调度名称',
  `calendar_name` varchar(200) CHARACTER SET utf8mb4 COLLATE utf8mb4_0900_ai_ci NOT NULL COMMENT '日历名称',
  `calendar` blob NOT NULL COMMENT '存放持久化calendar对象',
  PRIMARY KEY (`sched_name`, `calendar_name`) USING BTREE
) ENGINE = InnoDB CHARACTER SET = utf8mb4 COLLATE = utf8mb4_0900_ai_ci COMMENT = '日历信息表' ROW_FORMAT = Dynamic;

-- ----------------------------
-- Records of qrtz_calendars
-- ----------------------------

-- ----------------------------
-- Table structure for qrtz_cron_triggers
-- ----------------------------
DROP TABLE IF EXISTS `qrtz_cron_triggers`;
CREATE TABLE `qrtz_cron_triggers`  (
  `sched_name` varchar(120) CHARACTER SET utf8mb4 COLLATE utf8mb4_0900_ai_ci NOT NULL COMMENT '调度名称',
  `trigger_name` varchar(200) CHARACTER SET utf8mb4 COLLATE utf8mb4_0900_ai_ci NOT NULL COMMENT 'qrtz_triggers表trigger_name的外键',
  `trigger_group` varchar(200) CHARACTER SET utf8mb4 COLLATE utf8mb4_0900_ai_ci NOT NULL COMMENT 'qrtz_triggers表trigger_group的外键',
  `cron_expression` varchar(200) CHARACTER SET utf8mb4 COLLATE utf8mb4_0900_ai_ci NOT NULL COMMENT 'cron表达式',
  `time_zone_id` varchar(80) CHARACTER SET utf8mb4 COLLATE utf8mb4_0900_ai_ci NULL DEFAULT NULL COMMENT '时区',
  PRIMARY KEY (`sched_name`, `trigger_name`, `trigger_group`) USING BTREE,
  CONSTRAINT `qrtz_cron_triggers_ibfk_1` FOREIGN KEY (`sched_name`, `trigger_name`, `trigger_group`) REFERENCES `qrtz_triggers` (`sched_name`, `trigger_name`, `trigger_group`) ON DELETE RESTRICT ON UPDATE RESTRICT
) ENGINE = InnoDB CHARACTER SET = utf8mb4 COLLATE = utf8mb4_0900_ai_ci COMMENT = 'Cron类型的触发器表' ROW_FORMAT = Dynamic;

-- ----------------------------
-- Records of qrtz_cron_triggers
-- ----------------------------

-- ----------------------------
-- Table structure for qrtz_fired_triggers
-- ----------------------------
DROP TABLE IF EXISTS `qrtz_fired_triggers`;
CREATE TABLE `qrtz_fired_triggers`  (
  `sched_name` varchar(120) CHARACTER SET utf8mb4 COLLATE utf8mb4_0900_ai_ci NOT NULL COMMENT '调度名称',
  `entry_id` varchar(95) CHARACTER SET utf8mb4 COLLATE utf8mb4_0900_ai_ci NOT NULL COMMENT '调度器实例id',
  `trigger_name` varchar(200) CHARACTER SET utf8mb4 COLLATE utf8mb4_0900_ai_ci NOT NULL COMMENT 'qrtz_triggers表trigger_name的外键',
  `trigger_group` varchar(200) CHARACTER SET utf8mb4 COLLATE utf8mb4_0900_ai_ci NOT NULL COMMENT 'qrtz_triggers表trigger_group的外键',
  `instance_name` varchar(200) CHARACTER SET utf8mb4 COLLATE utf8mb4_0900_ai_ci NOT NULL COMMENT '调度器实例名',
  `fired_time` bigint NOT NULL COMMENT '触发的时间',
  `sched_time` bigint NOT NULL COMMENT '定时器制定的时间',
  `priority` int NOT NULL COMMENT '优先级',
  `state` varchar(16) CHARACTER SET utf8mb4 COLLATE utf8mb4_0900_ai_ci NOT NULL COMMENT '状态',
  `job_name` varchar(200) CHARACTER SET utf8mb4 COLLATE utf8mb4_0900_ai_ci NULL DEFAULT NULL COMMENT '任务名称',
  `job_group` varchar(200) CHARACTER SET utf8mb4 COLLATE utf8mb4_0900_ai_ci NULL DEFAULT NULL COMMENT '任务组名',
  `is_nonconcurrent` varchar(1) CHARACTER SET utf8mb4 COLLATE utf8mb4_0900_ai_ci NULL DEFAULT NULL COMMENT '是否并发',
  `requests_recovery` varchar(1) CHARACTER SET utf8mb4 COLLATE utf8mb4_0900_ai_ci NULL DEFAULT NULL COMMENT '是否接受恢复执行',
  PRIMARY KEY (`sched_name`, `entry_id`) USING BTREE
) ENGINE = InnoDB CHARACTER SET = utf8mb4 COLLATE = utf8mb4_0900_ai_ci COMMENT = '已触发的触发器表' ROW_FORMAT = Dynamic;

-- ----------------------------
-- Records of qrtz_fired_triggers
-- ----------------------------

-- ----------------------------
-- Table structure for qrtz_job_details
-- ----------------------------
DROP TABLE IF EXISTS `qrtz_job_details`;
CREATE TABLE `qrtz_job_details`  (
  `sched_name` varchar(120) CHARACTER SET utf8mb4 COLLATE utf8mb4_0900_ai_ci NOT NULL COMMENT '调度名称',
  `job_name` varchar(200) CHARACTER SET utf8mb4 COLLATE utf8mb4_0900_ai_ci NOT NULL COMMENT '任务名称',
  `job_group` varchar(200) CHARACTER SET utf8mb4 COLLATE utf8mb4_0900_ai_ci NOT NULL COMMENT '任务组名',
  `description` varchar(250) CHARACTER SET utf8mb4 COLLATE utf8mb4_0900_ai_ci NULL DEFAULT NULL COMMENT '相关介绍',
  `job_class_name` varchar(250) CHARACTER SET utf8mb4 COLLATE utf8mb4_0900_ai_ci NOT NULL COMMENT '执行任务类名称',
  `is_durable` varchar(1) CHARACTER SET utf8mb4 COLLATE utf8mb4_0900_ai_ci NOT NULL COMMENT '是否持久化',
  `is_nonconcurrent` varchar(1) CHARACTER SET utf8mb4 COLLATE utf8mb4_0900_ai_ci NOT NULL COMMENT '是否并发',
  `is_update_data` varchar(1) CHARACTER SET utf8mb4 COLLATE utf8mb4_0900_ai_ci NOT NULL COMMENT '是否更新数据',
  `requests_recovery` varchar(1) CHARACTER SET utf8mb4 COLLATE utf8mb4_0900_ai_ci NOT NULL COMMENT '是否接受恢复执行',
  `job_data` blob NULL COMMENT '存放持久化job对象',
  PRIMARY KEY (`sched_name`, `job_name`, `job_group`) USING BTREE
) ENGINE = InnoDB CHARACTER SET = utf8mb4 COLLATE = utf8mb4_0900_ai_ci COMMENT = '任务详细信息表' ROW_FORMAT = Dynamic;

-- ----------------------------
-- Records of qrtz_job_details
-- ----------------------------

-- ----------------------------
-- Table structure for qrtz_locks
-- ----------------------------
DROP TABLE IF EXISTS `qrtz_locks`;
CREATE TABLE `qrtz_locks`  (
  `sched_name` varchar(120) CHARACTER SET utf8mb4 COLLATE utf8mb4_0900_ai_ci NOT NULL COMMENT '调度名称',
  `lock_name` varchar(40) CHARACTER SET utf8mb4 COLLATE utf8mb4_0900_ai_ci NOT NULL COMMENT '悲观锁名称',
  PRIMARY KEY (`sched_name`, `lock_name`) USING BTREE
) ENGINE = InnoDB CHARACTER SET = utf8mb4 COLLATE = utf8mb4_0900_ai_ci COMMENT = '存储的悲观锁信息表' ROW_FORMAT = Dynamic;

-- ----------------------------
-- Records of qrtz_locks
-- ----------------------------

-- ----------------------------
-- Table structure for qrtz_paused_trigger_grps
-- ----------------------------
DROP TABLE IF EXISTS `qrtz_paused_trigger_grps`;
CREATE TABLE `qrtz_paused_trigger_grps`  (
  `sched_name` varchar(120) CHARACTER SET utf8mb4 COLLATE utf8mb4_0900_ai_ci NOT NULL COMMENT '调度名称',
  `trigger_group` varchar(200) CHARACTER SET utf8mb4 COLLATE utf8mb4_0900_ai_ci NOT NULL COMMENT 'qrtz_triggers表trigger_group的外键',
  PRIMARY KEY (`sched_name`, `trigger_group`) USING BTREE
) ENGINE = InnoDB CHARACTER SET = utf8mb4 COLLATE = utf8mb4_0900_ai_ci COMMENT = '暂停的触发器表' ROW_FORMAT = Dynamic;

-- ----------------------------
-- Records of qrtz_paused_trigger_grps
-- ----------------------------

-- ----------------------------
-- Table structure for qrtz_scheduler_state
-- ----------------------------
DROP TABLE IF EXISTS `qrtz_scheduler_state`;
CREATE TABLE `qrtz_scheduler_state`  (
  `sched_name` varchar(120) CHARACTER SET utf8mb4 COLLATE utf8mb4_0900_ai_ci NOT NULL COMMENT '调度名称',
  `instance_name` varchar(200) CHARACTER SET utf8mb4 COLLATE utf8mb4_0900_ai_ci NOT NULL COMMENT '实例名称',
  `last_checkin_time` bigint NOT NULL COMMENT '上次检查时间',
  `checkin_interval` bigint NOT NULL COMMENT '检查间隔时间',
  PRIMARY KEY (`sched_name`, `instance_name`) USING BTREE
) ENGINE = InnoDB CHARACTER SET = utf8mb4 COLLATE = utf8mb4_0900_ai_ci COMMENT = '调度器状态表' ROW_FORMAT = Dynamic;

-- ----------------------------
-- Records of qrtz_scheduler_state
-- ----------------------------

-- ----------------------------
-- Table structure for qrtz_simple_triggers
-- ----------------------------
DROP TABLE IF EXISTS `qrtz_simple_triggers`;
CREATE TABLE `qrtz_simple_triggers`  (
  `sched_name` varchar(120) CHARACTER SET utf8mb4 COLLATE utf8mb4_0900_ai_ci NOT NULL COMMENT '调度名称',
  `trigger_name` varchar(200) CHARACTER SET utf8mb4 COLLATE utf8mb4_0900_ai_ci NOT NULL COMMENT 'qrtz_triggers表trigger_name的外键',
  `trigger_group` varchar(200) CHARACTER SET utf8mb4 COLLATE utf8mb4_0900_ai_ci NOT NULL COMMENT 'qrtz_triggers表trigger_group的外键',
  `repeat_count` bigint NOT NULL COMMENT '重复的次数统计',
  `repeat_interval` bigint NOT NULL COMMENT '重复的间隔时间',
  `times_triggered` bigint NOT NULL COMMENT '已经触发的次数',
  PRIMARY KEY (`sched_name`, `trigger_name`, `trigger_group`) USING BTREE,
  CONSTRAINT `qrtz_simple_triggers_ibfk_1` FOREIGN KEY (`sched_name`, `trigger_name`, `trigger_group`) REFERENCES `qrtz_triggers` (`sched_name`, `trigger_name`, `trigger_group`) ON DELETE RESTRICT ON UPDATE RESTRICT
) ENGINE = InnoDB CHARACTER SET = utf8mb4 COLLATE = utf8mb4_0900_ai_ci COMMENT = '简单触发器的信息表' ROW_FORMAT = Dynamic;

-- ----------------------------
-- Records of qrtz_simple_triggers
-- ----------------------------

-- ----------------------------
-- Table structure for qrtz_simprop_triggers
-- ----------------------------
DROP TABLE IF EXISTS `qrtz_simprop_triggers`;
CREATE TABLE `qrtz_simprop_triggers`  (
  `sched_name` varchar(120) CHARACTER SET utf8mb4 COLLATE utf8mb4_0900_ai_ci NOT NULL COMMENT '调度名称',
  `trigger_name` varchar(200) CHARACTER SET utf8mb4 COLLATE utf8mb4_0900_ai_ci NOT NULL COMMENT 'qrtz_triggers表trigger_name的外键',
  `trigger_group` varchar(200) CHARACTER SET utf8mb4 COLLATE utf8mb4_0900_ai_ci NOT NULL COMMENT 'qrtz_triggers表trigger_group的外键',
  `str_prop_1` varchar(512) CHARACTER SET utf8mb4 COLLATE utf8mb4_0900_ai_ci NULL DEFAULT NULL COMMENT 'String类型的trigger的第一个参数',
  `str_prop_2` varchar(512) CHARACTER SET utf8mb4 COLLATE utf8mb4_0900_ai_ci NULL DEFAULT NULL COMMENT 'String类型的trigger的第二个参数',
  `str_prop_3` varchar(512) CHARACTER SET utf8mb4 COLLATE utf8mb4_0900_ai_ci NULL DEFAULT NULL COMMENT 'String类型的trigger的第三个参数',
  `int_prop_1` int NULL DEFAULT NULL COMMENT 'int类型的trigger的第一个参数',
  `int_prop_2` int NULL DEFAULT NULL COMMENT 'int类型的trigger的第二个参数',
  `long_prop_1` bigint NULL DEFAULT NULL COMMENT 'long类型的trigger的第一个参数',
  `long_prop_2` bigint NULL DEFAULT NULL COMMENT 'long类型的trigger的第二个参数',
  `dec_prop_1` decimal(13, 4) NULL DEFAULT NULL COMMENT 'decimal类型的trigger的第一个参数',
  `dec_prop_2` decimal(13, 4) NULL DEFAULT NULL COMMENT 'decimal类型的trigger的第二个参数',
  `bool_prop_1` varchar(1) CHARACTER SET utf8mb4 COLLATE utf8mb4_0900_ai_ci NULL DEFAULT NULL COMMENT 'Boolean类型的trigger的第一个参数',
  `bool_prop_2` varchar(1) CHARACTER SET utf8mb4 COLLATE utf8mb4_0900_ai_ci NULL DEFAULT NULL COMMENT 'Boolean类型的trigger的第二个参数',
  PRIMARY KEY (`sched_name`, `trigger_name`, `trigger_group`) USING BTREE,
  CONSTRAINT `qrtz_simprop_triggers_ibfk_1` FOREIGN KEY (`sched_name`, `trigger_name`, `trigger_group`) REFERENCES `qrtz_triggers` (`sched_name`, `trigger_name`, `trigger_group`) ON DELETE RESTRICT ON UPDATE RESTRICT
) ENGINE = InnoDB CHARACTER SET = utf8mb4 COLLATE = utf8mb4_0900_ai_ci COMMENT = '同步机制的行锁表' ROW_FORMAT = Dynamic;

-- ----------------------------
-- Records of qrtz_simprop_triggers
-- ----------------------------

-- ----------------------------
-- Table structure for qrtz_triggers
-- ----------------------------
DROP TABLE IF EXISTS `qrtz_triggers`;
CREATE TABLE `qrtz_triggers`  (
  `sched_name` varchar(120) CHARACTER SET utf8mb4 COLLATE utf8mb4_0900_ai_ci NOT NULL COMMENT '调度名称',
  `trigger_name` varchar(200) CHARACTER SET utf8mb4 COLLATE utf8mb4_0900_ai_ci NOT NULL COMMENT '触发器的名字',
  `trigger_group` varchar(200) CHARACTER SET utf8mb4 COLLATE utf8mb4_0900_ai_ci NOT NULL COMMENT '触发器所属组的名字',
  `job_name` varchar(200) CHARACTER SET utf8mb4 COLLATE utf8mb4_0900_ai_ci NOT NULL COMMENT 'qrtz_job_details表job_name的外键',
  `job_group` varchar(200) CHARACTER SET utf8mb4 COLLATE utf8mb4_0900_ai_ci NOT NULL COMMENT 'qrtz_job_details表job_group的外键',
  `description` varchar(250) CHARACTER SET utf8mb4 COLLATE utf8mb4_0900_ai_ci NULL DEFAULT NULL COMMENT '相关介绍',
  `next_fire_time` bigint NULL DEFAULT NULL COMMENT '上一次触发时间（毫秒）',
  `prev_fire_time` bigint NULL DEFAULT NULL COMMENT '下一次触发时间（默认为-1表示不触发）',
  `priority` int NULL DEFAULT NULL COMMENT '优先级',
  `trigger_state` varchar(16) CHARACTER SET utf8mb4 COLLATE utf8mb4_0900_ai_ci NOT NULL COMMENT '触发器状态',
  `trigger_type` varchar(8) CHARACTER SET utf8mb4 COLLATE utf8mb4_0900_ai_ci NOT NULL COMMENT '触发器的类型',
  `start_time` bigint NOT NULL COMMENT '开始时间',
  `end_time` bigint NULL DEFAULT NULL COMMENT '结束时间',
  `calendar_name` varchar(200) CHARACTER SET utf8mb4 COLLATE utf8mb4_0900_ai_ci NULL DEFAULT NULL COMMENT '日程表名称',
  `misfire_instr` smallint NULL DEFAULT NULL COMMENT '补偿执行的策略',
  `job_data` blob NULL COMMENT '存放持久化job对象',
  PRIMARY KEY (`sched_name`, `trigger_name`, `trigger_group`) USING BTREE,
  INDEX `sched_name`(`sched_name`, `job_name`, `job_group`) USING BTREE,
  CONSTRAINT `qrtz_triggers_ibfk_1` FOREIGN KEY (`sched_name`, `job_name`, `job_group`) REFERENCES `qrtz_job_details` (`sched_name`, `job_name`, `job_group`) ON DELETE RESTRICT ON UPDATE RESTRICT
) ENGINE = InnoDB CHARACTER SET = utf8mb4 COLLATE = utf8mb4_0900_ai_ci COMMENT = '触发器详细信息表' ROW_FORMAT = Dynamic;

-- ----------------------------
-- Records of qrtz_triggers
-- ----------------------------

-- ----------------------------
-- Table structure for sys_config
-- ----------------------------
DROP TABLE IF EXISTS `sys_config`;
CREATE TABLE `sys_config`  (
  `config_id` int NOT NULL AUTO_INCREMENT COMMENT '参数主键',
  `config_name` varchar(100) CHARACTER SET utf8mb4 COLLATE utf8mb4_0900_ai_ci NULL DEFAULT '' COMMENT '参数名称',
  `config_key` varchar(100) CHARACTER SET utf8mb4 COLLATE utf8mb4_0900_ai_ci NULL DEFAULT '' COMMENT '参数键名',
  `config_value` varchar(500) CHARACTER SET utf8mb4 COLLATE utf8mb4_0900_ai_ci NULL DEFAULT '' COMMENT '参数键值',
  `config_type` char(1) CHARACTER SET utf8mb4 COLLATE utf8mb4_0900_ai_ci NULL DEFAULT 'N' COMMENT '系统内置（Y是 N否）',
  `create_by` varchar(64) CHARACTER SET utf8mb4 COLLATE utf8mb4_0900_ai_ci NULL DEFAULT '' COMMENT '创建者',
  `create_time` datetime NULL DEFAULT NULL COMMENT '创建时间',
  `update_by` varchar(64) CHARACTER SET utf8mb4 COLLATE utf8mb4_0900_ai_ci NULL DEFAULT '' COMMENT '更新者',
  `update_time` datetime NULL DEFAULT NULL COMMENT '更新时间',
  `remark` varchar(500) CHARACTER SET utf8mb4 COLLATE utf8mb4_0900_ai_ci NULL DEFAULT NULL COMMENT '备注',
  PRIMARY KEY (`config_id`) USING BTREE
) ENGINE = InnoDB AUTO_INCREMENT = 100 CHARACTER SET = utf8mb4 COLLATE = utf8mb4_0900_ai_ci COMMENT = '参数配置表' ROW_FORMAT = Dynamic;

-- ----------------------------
-- Records of sys_config
-- ----------------------------
INSERT INTO `sys_config` VALUES (1, '主框架页-默认皮肤样式名称', 'sys.index.skinName', 'skin-purple', 'Y', 'admin', '2024-05-14 09:57:47', '', NULL, '蓝色 skin-blue、绿色 skin-green、紫色 skin-purple、红色 skin-red、黄色 skin-yellow');
INSERT INTO `sys_config` VALUES (2, '用户管理-账号初始密码', 'sys.user.initPassword', '123456', 'Y', 'admin', '2024-05-14 09:57:47', '', NULL, '初始化密码 123456');
INSERT INTO `sys_config` VALUES (3, '主框架页-侧边栏主题', 'sys.index.sideTheme', 'theme-dark', 'Y', 'admin', '2024-05-14 09:57:47', '', NULL, '深色主题theme-dark，浅色主题theme-light');
INSERT INTO `sys_config` VALUES (4, '账号自助-验证码开关', 'sys.account.captchaEnabled', 'true', 'Y', 'admin', '2024-05-14 09:57:47', '', NULL, '是否开启验证码功能（true开启，false关闭）');
INSERT INTO `sys_config` VALUES (5, '账号自助-是否开启用户注册功能', 'sys.account.registerUser', 'true', 'Y', 'admin', '2024-05-14 09:57:47', '', NULL, '是否开启注册用户功能（true开启，false关闭）');
INSERT INTO `sys_config` VALUES (6, '用户登录-黑名单列表', 'sys.login.blackIPList', '', 'Y', 'admin', '2024-05-14 09:57:47', '', NULL, '设置登录IP黑名单限制，多个匹配项以;分隔，支持匹配（*通配、网段）');

-- ----------------------------
-- Table structure for sys_dept
-- ----------------------------
DROP TABLE IF EXISTS `sys_dept`;
CREATE TABLE `sys_dept`  (
  `dept_id` bigint NOT NULL AUTO_INCREMENT COMMENT '部门id',
  `parent_id` bigint NULL DEFAULT 0 COMMENT '父部门id',
  `ancestors` varchar(50) CHARACTER SET utf8mb4 COLLATE utf8mb4_0900_ai_ci NULL DEFAULT '' COMMENT '祖级列表',
  `dept_name` varchar(30) CHARACTER SET utf8mb4 COLLATE utf8mb4_0900_ai_ci NULL DEFAULT '' COMMENT '部门名称',
  `order_num` int NULL DEFAULT 0 COMMENT '显示顺序',
  `leader` varchar(20) CHARACTER SET utf8mb4 COLLATE utf8mb4_0900_ai_ci NULL DEFAULT NULL COMMENT '负责人',
  `phone` varchar(11) CHARACTER SET utf8mb4 COLLATE utf8mb4_0900_ai_ci NULL DEFAULT NULL COMMENT '联系电话',
  `email` varchar(50) CHARACTER SET utf8mb4 COLLATE utf8mb4_0900_ai_ci NULL DEFAULT NULL COMMENT '邮箱',
  `status` char(1) CHARACTER SET utf8mb4 COLLATE utf8mb4_0900_ai_ci NULL DEFAULT '0' COMMENT '部门状态（0正常 1停用）',
  `del_flag` char(1) CHARACTER SET utf8mb4 COLLATE utf8mb4_0900_ai_ci NULL DEFAULT '0' COMMENT '删除标志（0代表存在 2代表删除）',
  `create_by` varchar(64) CHARACTER SET utf8mb4 COLLATE utf8mb4_0900_ai_ci NULL DEFAULT '' COMMENT '创建者',
  `create_time` datetime NULL DEFAULT NULL COMMENT '创建时间',
  `update_by` varchar(64) CHARACTER SET utf8mb4 COLLATE utf8mb4_0900_ai_ci NULL DEFAULT '' COMMENT '更新者',
  `update_time` datetime NULL DEFAULT NULL COMMENT '更新时间',
  PRIMARY KEY (`dept_id`) USING BTREE
) ENGINE = InnoDB AUTO_INCREMENT = 200 CHARACTER SET = utf8mb4 COLLATE = utf8mb4_0900_ai_ci COMMENT = '部门表' ROW_FORMAT = Dynamic;

-- ----------------------------
-- Records of sys_dept
-- ----------------------------
INSERT INTO `sys_dept` VALUES (100, 0, '0', '测试公司', 0, '管理员', '15888888888', 'admin@qq.com', '0', '0', 'admin', '2024-05-14 09:57:47', '', NULL);
INSERT INTO `sys_dept` VALUES (101, 100, '0,100', '深圳总公司', 1, '管理员', '15888888888', 'admin@qq.com', '0', '0', 'admin', '2024-05-14 09:57:47', '', NULL);
INSERT INTO `sys_dept` VALUES (102, 100, '0,100', '长沙分公司', 2, '管理员', '15888888888', 'admin@qq.com', '0', '0', 'admin', '2024-05-14 09:57:47', '', NULL);
INSERT INTO `sys_dept` VALUES (103, 101, '0,100,101', '研发部门', 1, '管理员', '15888888888', 'admin@qq.com', '0', '0', 'admin', '2024-05-14 09:57:47', '', NULL);
INSERT INTO `sys_dept` VALUES (104, 101, '0,100,101', '市场部门', 2, '管理员', '15888888888', 'admin@qq.com', '0', '0', 'admin', '2024-05-14 09:57:47', '', NULL);
INSERT INTO `sys_dept` VALUES (105, 101, '0,100,101', '测试部门', 3, '管理员', '15888888888', 'admin@qq.com', '0', '0', 'admin', '2024-05-14 09:57:47', '', NULL);
INSERT INTO `sys_dept` VALUES (106, 101, '0,100,101', '财务部门', 4, '管理员', '15888888888', 'admin@qq.com', '0', '0', 'admin', '2024-05-14 09:57:47', '', NULL);
INSERT INTO `sys_dept` VALUES (107, 101, '0,100,101', '运维部门', 5, '管理员', '15888888888', 'admin@qq.com', '0', '0', 'admin', '2024-05-14 09:57:47', '', NULL);
INSERT INTO `sys_dept` VALUES (108, 102, '0,100,102', '市场部门', 1, '管理员', '15888888888', 'admin@qq.com', '0', '0', 'admin', '2024-05-14 09:57:47', '', NULL);
INSERT INTO `sys_dept` VALUES (109, 102, '0,100,102', '财务部门', 2, '管理员', '15888888888', 'admin@qq.com', '0', '0', 'admin', '2024-05-14 09:57:47', '', NULL);

-- ----------------------------
-- Table structure for sys_dict_data
-- ----------------------------
DROP TABLE IF EXISTS `sys_dict_data`;
CREATE TABLE `sys_dict_data`  (
  `dict_code` bigint NOT NULL AUTO_INCREMENT COMMENT '字典编码',
  `dict_sort` int NULL DEFAULT 0 COMMENT '字典排序',
  `dict_label` varchar(100) CHARACTER SET utf8mb4 COLLATE utf8mb4_0900_ai_ci NULL DEFAULT '' COMMENT '字典标签',
  `dict_value` varchar(100) CHARACTER SET utf8mb4 COLLATE utf8mb4_0900_ai_ci NULL DEFAULT '' COMMENT '字典键值',
  `dict_type` varchar(100) CHARACTER SET utf8mb4 COLLATE utf8mb4_0900_ai_ci NULL DEFAULT '' COMMENT '字典类型',
  `css_class` varchar(100) CHARACTER SET utf8mb4 COLLATE utf8mb4_0900_ai_ci NULL DEFAULT NULL COMMENT '样式属性（其他样式扩展）',
  `list_class` varchar(100) CHARACTER SET utf8mb4 COLLATE utf8mb4_0900_ai_ci NULL DEFAULT NULL COMMENT '表格回显样式',
  `is_default` char(1) CHARACTER SET utf8mb4 COLLATE utf8mb4_0900_ai_ci NULL DEFAULT 'N' COMMENT '是否默认（Y是 N否）',
  `status` char(1) CHARACTER SET utf8mb4 COLLATE utf8mb4_0900_ai_ci NULL DEFAULT '0' COMMENT '状态（0正常 1停用）',
  `create_by` varchar(64) CHARACTER SET utf8mb4 COLLATE utf8mb4_0900_ai_ci NULL DEFAULT '' COMMENT '创建者',
  `create_time` datetime NULL DEFAULT NULL COMMENT '创建时间',
  `update_by` varchar(64) CHARACTER SET utf8mb4 COLLATE utf8mb4_0900_ai_ci NULL DEFAULT '' COMMENT '更新者',
  `update_time` datetime NULL DEFAULT NULL COMMENT '更新时间',
  `remark` varchar(500) CHARACTER SET utf8mb4 COLLATE utf8mb4_0900_ai_ci NULL DEFAULT NULL COMMENT '备注',
  PRIMARY KEY (`dict_code`) USING BTREE
) ENGINE = InnoDB AUTO_INCREMENT = 114 CHARACTER SET = utf8mb4 COLLATE = utf8mb4_0900_ai_ci COMMENT = '字典数据表' ROW_FORMAT = Dynamic;

-- ----------------------------
-- Records of sys_dict_data
-- ----------------------------
INSERT INTO `sys_dict_data` VALUES (1, 1, '男', '0', 'sys_user_sex', '', '', 'Y', '0', 'admin', '2024-05-14 09:57:47', '', NULL, '性别男');
INSERT INTO `sys_dict_data` VALUES (2, 2, '女', '1', 'sys_user_sex', '', '', 'N', '0', 'admin', '2024-05-14 09:57:47', '', NULL, '性别女');
INSERT INTO `sys_dict_data` VALUES (3, 3, '未知', '2', 'sys_user_sex', '', '', 'N', '0', 'admin', '2024-05-14 09:57:47', '', NULL, '性别未知');
INSERT INTO `sys_dict_data` VALUES (4, 1, '显示', '0', 'sys_show_hide', '', 'primary', 'Y', '0', 'admin', '2024-05-14 09:57:47', '', NULL, '显示菜单');
INSERT INTO `sys_dict_data` VALUES (5, 2, '隐藏', '1', 'sys_show_hide', '', 'danger', 'N', '0', 'admin', '2024-05-14 09:57:47', '', NULL, '隐藏菜单');
INSERT INTO `sys_dict_data` VALUES (6, 1, '正常', '0', 'sys_normal_disable', '', 'primary', 'Y', '0', 'admin', '2024-05-14 09:57:47', '', NULL, '正常状态');
INSERT INTO `sys_dict_data` VALUES (7, 2, '停用', '1', 'sys_normal_disable', '', 'danger', 'N', '0', 'admin', '2024-05-14 09:57:47', '', NULL, '停用状态');
INSERT INTO `sys_dict_data` VALUES (8, 1, '正常', '0', 'sys_job_status', '', 'primary', 'Y', '0', 'admin', '2024-05-14 09:57:47', '', NULL, '正常状态');
INSERT INTO `sys_dict_data` VALUES (9, 2, '暂停', '1', 'sys_job_status', '', 'danger', 'N', '0', 'admin', '2024-05-14 09:57:47', '', NULL, '停用状态');
INSERT INTO `sys_dict_data` VALUES (10, 1, '默认', 'DEFAULT', 'sys_job_group', '', '', 'Y', '0', 'admin', '2024-05-14 09:57:47', '', NULL, '默认分组');
INSERT INTO `sys_dict_data` VALUES (11, 2, '系统', 'SYSTEM', 'sys_job_group', '', '', 'N', '0', 'admin', '2024-05-14 09:57:47', '', NULL, '系统分组');
INSERT INTO `sys_dict_data` VALUES (12, 1, '是', 'Y', 'sys_yes_no', '', 'primary', 'Y', '0', 'admin', '2024-05-14 09:57:47', '', NULL, '系统默认是');
INSERT INTO `sys_dict_data` VALUES (13, 2, '否', 'N', 'sys_yes_no', '', 'danger', 'N', '0', 'admin', '2024-05-14 09:57:47', '', NULL, '系统默认否');
INSERT INTO `sys_dict_data` VALUES (14, 1, '通知', '1', 'sys_notice_type', '', 'warning', 'Y', '0', 'admin', '2024-05-14 09:57:47', '', NULL, '通知');
INSERT INTO `sys_dict_data` VALUES (15, 2, '公告', '2', 'sys_notice_type', '', 'success', 'N', '0', 'admin', '2024-05-14 09:57:47', '', NULL, '公告');
INSERT INTO `sys_dict_data` VALUES (16, 1, '正常', '0', 'sys_notice_status', '', 'primary', 'Y', '0', 'admin', '2024-05-14 09:57:47', '', NULL, '正常状态');
INSERT INTO `sys_dict_data` VALUES (17, 2, '关闭', '1', 'sys_notice_status', '', 'danger', 'N', '0', 'admin', '2024-05-14 09:57:47', '', NULL, '关闭状态');
INSERT INTO `sys_dict_data` VALUES (18, 99, '其他', '0', 'sys_oper_type', '', 'info', 'N', '0', 'admin', '2024-05-14 09:57:47', '', NULL, '其他操作');
INSERT INTO `sys_dict_data` VALUES (19, 1, '新增', '1', 'sys_oper_type', '', 'info', 'N', '0', 'admin', '2024-05-14 09:57:47', '', NULL, '新增操作');
INSERT INTO `sys_dict_data` VALUES (20, 2, '修改', '2', 'sys_oper_type', '', 'info', 'N', '0', 'admin', '2024-05-14 09:57:47', '', NULL, '修改操作');
INSERT INTO `sys_dict_data` VALUES (21, 3, '删除', '3', 'sys_oper_type', '', 'danger', 'N', '0', 'admin', '2024-05-14 09:57:47', '', NULL, '删除操作');
INSERT INTO `sys_dict_data` VALUES (22, 4, '授权', '4', 'sys_oper_type', '', 'primary', 'N', '0', 'admin', '2024-05-14 09:57:47', '', NULL, '授权操作');
INSERT INTO `sys_dict_data` VALUES (23, 5, '导出', '5', 'sys_oper_type', '', 'warning', 'N', '0', 'admin', '2024-05-14 09:57:47', '', NULL, '导出操作');
INSERT INTO `sys_dict_data` VALUES (24, 6, '导入', '6', 'sys_oper_type', '', 'warning', 'N', '0', 'admin', '2024-05-14 09:57:47', '', NULL, '导入操作');
INSERT INTO `sys_dict_data` VALUES (25, 7, '强退', '7', 'sys_oper_type', '', 'danger', 'N', '0', 'admin', '2024-05-14 09:57:47', '', NULL, '强退操作');
INSERT INTO `sys_dict_data` VALUES (26, 8, '生成代码', '8', 'sys_oper_type', '', 'warning', 'N', '0', 'admin', '2024-05-14 09:57:47', '', NULL, '生成操作');
INSERT INTO `sys_dict_data` VALUES (27, 9, '清空数据', '9', 'sys_oper_type', '', 'danger', 'N', '0', 'admin', '2024-05-14 09:57:47', '', NULL, '清空操作');
INSERT INTO `sys_dict_data` VALUES (28, 1, '成功', '0', 'sys_common_status', '', 'primary', 'N', '0', 'admin', '2024-05-14 09:57:47', '', NULL, '正常状态');
INSERT INTO `sys_dict_data` VALUES (29, 2, '失败', '1', 'sys_common_status', '', 'danger', 'N', '0', 'admin', '2024-05-14 09:57:47', '', NULL, '停用状态');
INSERT INTO `sys_dict_data` VALUES (100, 0, '先秦', '0', 'biz_poetry_dynasty', NULL, 'default', 'N', '0', 'admin', '2024-05-14 11:27:41', '', NULL, '先秦');
INSERT INTO `sys_dict_data` VALUES (101, 1, '两汉', '1', 'biz_poetry_dynasty', NULL, 'default', 'N', '0', 'admin', '2024-05-14 11:27:55', '', NULL, '两汉');
INSERT INTO `sys_dict_data` VALUES (102, 2, '魏晋', '2', 'biz_poetry_dynasty', NULL, 'default', 'N', '0', 'admin', '2024-05-14 11:28:16', '', NULL, '魏晋');
INSERT INTO `sys_dict_data` VALUES (103, 3, '南北朝', '3', 'biz_poetry_dynasty', NULL, 'default', 'N', '0', 'admin', '2024-05-14 11:28:35', '', NULL, '南北朝');
INSERT INTO `sys_dict_data` VALUES (104, 4, '唐', '4', 'biz_poetry_dynasty', NULL, 'default', 'N', '0', 'admin', '2024-05-14 11:28:52', '', NULL, '唐');
INSERT INTO `sys_dict_data` VALUES (105, 5, '宋', '5', 'biz_poetry_dynasty', NULL, 'default', 'N', '0', 'admin', '2024-05-14 11:29:07', '', NULL, '宋');
INSERT INTO `sys_dict_data` VALUES (106, 6, '元', '6', 'biz_poetry_dynasty', NULL, 'default', 'N', '0', 'admin', '2024-05-14 11:29:23', 'admin', '2024-05-14 11:29:29', '元');
INSERT INTO `sys_dict_data` VALUES (107, 7, '明', '7', 'biz_poetry_dynasty', NULL, 'default', 'N', '0', 'admin', '2024-05-14 11:29:42', '', NULL, '明');
INSERT INTO `sys_dict_data` VALUES (108, 8, '清', '8', 'biz_poetry_dynasty', NULL, 'default', 'N', '0', 'admin', '2024-05-14 11:30:12', '', NULL, '清');
INSERT INTO `sys_dict_data` VALUES (109, 9, '民国', '9', 'biz_poetry_dynasty', NULL, 'default', 'N', '0', 'admin', '2024-05-14 11:30:37', '', NULL, '民国');
INSERT INTO `sys_dict_data` VALUES (110, 10, '现代', '10', 'biz_poetry_dynasty', NULL, 'default', 'N', '0', 'admin', '2024-05-14 11:30:50', '', NULL, '现代');
INSERT INTO `sys_dict_data` VALUES (111, 11, '外国', '11', 'biz_poetry_dynasty', NULL, 'default', 'N', '0', 'admin', '2024-05-14 11:31:51', '', NULL, '外国');
INSERT INTO `sys_dict_data` VALUES (112, 0, '正常', '0', 'bie_posts_status', NULL, 'success', 'N', '0', 'admin', '2024-05-14 11:34:56', '', NULL, '正常');
INSERT INTO `sys_dict_data` VALUES (113, 1, '隐藏', '1', 'bie_posts_status', NULL, 'warning', 'N', '0', 'admin', '2024-05-14 11:35:17', '', NULL, '隐藏');

-- ----------------------------
-- Table structure for sys_dict_type
-- ----------------------------
DROP TABLE IF EXISTS `sys_dict_type`;
CREATE TABLE `sys_dict_type`  (
  `dict_id` bigint NOT NULL AUTO_INCREMENT COMMENT '字典主键',
  `dict_name` varchar(100) CHARACTER SET utf8mb4 COLLATE utf8mb4_0900_ai_ci NULL DEFAULT '' COMMENT '字典名称',
  `dict_type` varchar(100) CHARACTER SET utf8mb4 COLLATE utf8mb4_0900_ai_ci NULL DEFAULT '' COMMENT '字典类型',
  `status` char(1) CHARACTER SET utf8mb4 COLLATE utf8mb4_0900_ai_ci NULL DEFAULT '0' COMMENT '状态（0正常 1停用）',
  `create_by` varchar(64) CHARACTER SET utf8mb4 COLLATE utf8mb4_0900_ai_ci NULL DEFAULT '' COMMENT '创建者',
  `create_time` datetime NULL DEFAULT NULL COMMENT '创建时间',
  `update_by` varchar(64) CHARACTER SET utf8mb4 COLLATE utf8mb4_0900_ai_ci NULL DEFAULT '' COMMENT '更新者',
  `update_time` datetime NULL DEFAULT NULL COMMENT '更新时间',
  `remark` varchar(500) CHARACTER SET utf8mb4 COLLATE utf8mb4_0900_ai_ci NULL DEFAULT NULL COMMENT '备注',
  PRIMARY KEY (`dict_id`) USING BTREE,
  UNIQUE INDEX `dict_type`(`dict_type`) USING BTREE
) ENGINE = InnoDB AUTO_INCREMENT = 102 CHARACTER SET = utf8mb4 COLLATE = utf8mb4_0900_ai_ci COMMENT = '字典类型表' ROW_FORMAT = Dynamic;

-- ----------------------------
-- Records of sys_dict_type
-- ----------------------------
INSERT INTO `sys_dict_type` VALUES (1, '用户性别', 'sys_user_sex', '0', 'admin', '2024-05-14 09:57:47', '', NULL, '用户性别列表');
INSERT INTO `sys_dict_type` VALUES (2, '菜单状态', 'sys_show_hide', '0', 'admin', '2024-05-14 09:57:47', '', NULL, '菜单状态列表');
INSERT INTO `sys_dict_type` VALUES (3, '系统开关', 'sys_normal_disable', '0', 'admin', '2024-05-14 09:57:47', '', NULL, '系统开关列表');
INSERT INTO `sys_dict_type` VALUES (4, '任务状态', 'sys_job_status', '0', 'admin', '2024-05-14 09:57:47', '', NULL, '任务状态列表');
INSERT INTO `sys_dict_type` VALUES (5, '任务分组', 'sys_job_group', '0', 'admin', '2024-05-14 09:57:47', '', NULL, '任务分组列表');
INSERT INTO `sys_dict_type` VALUES (6, '系统是否', 'sys_yes_no', '0', 'admin', '2024-05-14 09:57:47', '', NULL, '系统是否列表');
INSERT INTO `sys_dict_type` VALUES (7, '通知类型', 'sys_notice_type', '0', 'admin', '2024-05-14 09:57:47', '', NULL, '通知类型列表');
INSERT INTO `sys_dict_type` VALUES (8, '通知状态', 'sys_notice_status', '0', 'admin', '2024-05-14 09:57:47', '', NULL, '通知状态列表');
INSERT INTO `sys_dict_type` VALUES (9, '操作类型', 'sys_oper_type', '0', 'admin', '2024-05-14 09:57:47', '', NULL, '操作类型列表');
INSERT INTO `sys_dict_type` VALUES (10, '系统状态', 'sys_common_status', '0', 'admin', '2024-05-14 09:57:47', '', NULL, '登录状态列表');
INSERT INTO `sys_dict_type` VALUES (100, '诗词朝代', 'biz_poetry_dynasty', '0', 'admin', '2024-05-14 11:26:51', '', NULL, '诗词朝代列表');
INSERT INTO `sys_dict_type` VALUES (101, '帖子状态', 'biz_posts_status', '0', 'admin', '2024-05-14 11:34:20', 'admin', '2024-05-14 11:34:31', '帖子状态列表');

-- ----------------------------
-- Table structure for sys_job
-- ----------------------------
DROP TABLE IF EXISTS `sys_job`;
CREATE TABLE `sys_job`  (
  `job_id` bigint NOT NULL AUTO_INCREMENT COMMENT '任务ID',
  `job_name` varchar(64) CHARACTER SET utf8mb4 COLLATE utf8mb4_0900_ai_ci NOT NULL DEFAULT '' COMMENT '任务名称',
  `job_group` varchar(64) CHARACTER SET utf8mb4 COLLATE utf8mb4_0900_ai_ci NOT NULL DEFAULT 'DEFAULT' COMMENT '任务组名',
  `invoke_target` varchar(500) CHARACTER SET utf8mb4 COLLATE utf8mb4_0900_ai_ci NOT NULL COMMENT '调用目标字符串',
  `cron_expression` varchar(255) CHARACTER SET utf8mb4 COLLATE utf8mb4_0900_ai_ci NULL DEFAULT '' COMMENT 'cron执行表达式',
  `misfire_policy` varchar(20) CHARACTER SET utf8mb4 COLLATE utf8mb4_0900_ai_ci NULL DEFAULT '3' COMMENT '计划执行错误策略（1立即执行 2执行一次 3放弃执行）',
  `concurrent` char(1) CHARACTER SET utf8mb4 COLLATE utf8mb4_0900_ai_ci NULL DEFAULT '1' COMMENT '是否并发执行（0允许 1禁止）',
  `status` char(1) CHARACTER SET utf8mb4 COLLATE utf8mb4_0900_ai_ci NULL DEFAULT '0' COMMENT '状态（0正常 1暂停）',
  `create_by` varchar(64) CHARACTER SET utf8mb4 COLLATE utf8mb4_0900_ai_ci NULL DEFAULT '' COMMENT '创建者',
  `create_time` datetime NULL DEFAULT NULL COMMENT '创建时间',
  `update_by` varchar(64) CHARACTER SET utf8mb4 COLLATE utf8mb4_0900_ai_ci NULL DEFAULT '' COMMENT '更新者',
  `update_time` datetime NULL DEFAULT NULL COMMENT '更新时间',
  `remark` varchar(500) CHARACTER SET utf8mb4 COLLATE utf8mb4_0900_ai_ci NULL DEFAULT '' COMMENT '备注信息',
  PRIMARY KEY (`job_id`, `job_name`, `job_group`) USING BTREE
) ENGINE = InnoDB AUTO_INCREMENT = 100 CHARACTER SET = utf8mb4 COLLATE = utf8mb4_0900_ai_ci COMMENT = '定时任务调度表' ROW_FORMAT = Dynamic;

-- ----------------------------
-- Records of sys_job
-- ----------------------------

-- ----------------------------
-- Table structure for sys_job_log
-- ----------------------------
DROP TABLE IF EXISTS `sys_job_log`;
CREATE TABLE `sys_job_log`  (
  `job_log_id` bigint NOT NULL AUTO_INCREMENT COMMENT '任务日志ID',
  `job_name` varchar(64) CHARACTER SET utf8mb4 COLLATE utf8mb4_0900_ai_ci NOT NULL COMMENT '任务名称',
  `job_group` varchar(64) CHARACTER SET utf8mb4 COLLATE utf8mb4_0900_ai_ci NOT NULL COMMENT '任务组名',
  `invoke_target` varchar(500) CHARACTER SET utf8mb4 COLLATE utf8mb4_0900_ai_ci NOT NULL COMMENT '调用目标字符串',
  `job_message` varchar(500) CHARACTER SET utf8mb4 COLLATE utf8mb4_0900_ai_ci NULL DEFAULT NULL COMMENT '日志信息',
  `status` char(1) CHARACTER SET utf8mb4 COLLATE utf8mb4_0900_ai_ci NULL DEFAULT '0' COMMENT '执行状态（0正常 1失败）',
  `exception_info` varchar(2000) CHARACTER SET utf8mb4 COLLATE utf8mb4_0900_ai_ci NULL DEFAULT '' COMMENT '异常信息',
  `create_time` datetime NULL DEFAULT NULL COMMENT '创建时间',
  PRIMARY KEY (`job_log_id`) USING BTREE
) ENGINE = InnoDB AUTO_INCREMENT = 1 CHARACTER SET = utf8mb4 COLLATE = utf8mb4_0900_ai_ci COMMENT = '定时任务调度日志表' ROW_FORMAT = Dynamic;

-- ----------------------------
-- Records of sys_job_log
-- ----------------------------

-- ----------------------------
-- Table structure for sys_logininfor
-- ----------------------------
DROP TABLE IF EXISTS `sys_logininfor`;
CREATE TABLE `sys_logininfor`  (
  `info_id` bigint NOT NULL AUTO_INCREMENT COMMENT '访问ID',
  `user_name` varchar(50) CHARACTER SET utf8mb4 COLLATE utf8mb4_0900_ai_ci NULL DEFAULT '' COMMENT '用户账号',
  `ipaddr` varchar(128) CHARACTER SET utf8mb4 COLLATE utf8mb4_0900_ai_ci NULL DEFAULT '' COMMENT '登录IP地址',
  `login_location` varchar(255) CHARACTER SET utf8mb4 COLLATE utf8mb4_0900_ai_ci NULL DEFAULT '' COMMENT '登录地点',
  `browser` varchar(50) CHARACTER SET utf8mb4 COLLATE utf8mb4_0900_ai_ci NULL DEFAULT '' COMMENT '浏览器类型',
  `os` varchar(50) CHARACTER SET utf8mb4 COLLATE utf8mb4_0900_ai_ci NULL DEFAULT '' COMMENT '操作系统',
  `status` char(1) CHARACTER SET utf8mb4 COLLATE utf8mb4_0900_ai_ci NULL DEFAULT '0' COMMENT '登录状态（0成功 1失败）',
  `msg` varchar(255) CHARACTER SET utf8mb4 COLLATE utf8mb4_0900_ai_ci NULL DEFAULT '' COMMENT '提示消息',
  `login_time` datetime NULL DEFAULT NULL COMMENT '访问时间',
  PRIMARY KEY (`info_id`) USING BTREE,
  INDEX `idx_sys_logininfor_s`(`status`) USING BTREE,
  INDEX `idx_sys_logininfor_lt`(`login_time`) USING BTREE
) ENGINE = InnoDB AUTO_INCREMENT = 150 CHARACTER SET = utf8mb4 COLLATE = utf8mb4_0900_ai_ci COMMENT = '系统访问记录' ROW_FORMAT = Dynamic;

-- ----------------------------
-- Records of sys_logininfor
-- ----------------------------
INSERT INTO `sys_logininfor` VALUES (100, 'admin', '127.0.0.1', '内网IP', 'Chrome 12', 'Windows 10', '0', '退出成功', '2024-05-14 11:53:06');
INSERT INTO `sys_logininfor` VALUES (101, 'admin', '127.0.0.1', '内网IP', 'Chrome 12', 'Windows 10', '1', '用户不存在/密码错误', '2024-05-14 11:53:07');
INSERT INTO `sys_logininfor` VALUES (102, 'admin', '127.0.0.1', '内网IP', 'Chrome 12', 'Windows 10', '1', '用户不存在/密码错误', '2024-05-14 11:53:12');
INSERT INTO `sys_logininfor` VALUES (103, 'admin', '127.0.0.1', '内网IP', 'Chrome 12', 'Windows 10', '1', '用户不存在/密码错误', '2024-05-14 11:53:15');
INSERT INTO `sys_logininfor` VALUES (104, 'admin', '127.0.0.1', '内网IP', 'Chrome 12', 'Windows 10', '0', '登录成功', '2024-05-14 11:53:23');
INSERT INTO `sys_logininfor` VALUES (105, 'admin', '127.0.0.1', '内网IP', 'Chrome 12', 'Windows 10', '0', '退出成功', '2024-05-14 11:59:16');
INSERT INTO `sys_logininfor` VALUES (106, 'admin', '127.0.0.1', '内网IP', 'Chrome 12', 'Windows 10', '0', '登录成功', '2024-05-14 11:59:34');
INSERT INTO `sys_logininfor` VALUES (107, 'admin', '127.0.0.1', '内网IP', 'Chrome 12', 'Windows 10', '0', '退出成功', '2024-05-14 12:00:19');
INSERT INTO `sys_logininfor` VALUES (108, 'admin', '127.0.0.1', '内网IP', 'Chrome 12', 'Windows 10', '0', '登录成功', '2024-05-14 12:02:00');
INSERT INTO `sys_logininfor` VALUES (109, 'admin', '127.0.0.1', '内网IP', 'Chrome 12', 'Windows 10', '0', '退出成功', '2024-05-14 12:02:09');
INSERT INTO `sys_logininfor` VALUES (110, 'admin', '127.0.0.1', '内网IP', 'Chrome 12', 'Windows 10', '0', '登录成功', '2024-05-14 13:47:38');
INSERT INTO `sys_logininfor` VALUES (111, 'admin', '127.0.0.1', '内网IP', 'Chrome 12', 'Windows 10', '0', '退出成功', '2024-05-14 13:47:42');
INSERT INTO `sys_logininfor` VALUES (112, '44', '127.0.0.1', '内网IP', 'Chrome 12', 'Windows 10', '1', '用户不存在/密码错误', '2024-05-14 16:42:00');
INSERT INTO `sys_logininfor` VALUES (113, 'admin', '127.0.0.1', '内网IP', 'Chrome 12', 'Windows 10', '1', '用户不存在/密码错误', '2024-05-14 16:42:04');
INSERT INTO `sys_logininfor` VALUES (114, 'admin', '127.0.0.1', '内网IP', 'Chrome 12', 'Windows 10', '1', '用户不存在/密码错误', '2024-05-14 16:42:08');
INSERT INTO `sys_logininfor` VALUES (115, 'admin', '127.0.0.1', '内网IP', 'Chrome 12', 'Windows 10', '1', '用户不存在/密码错误', '2024-05-14 16:42:12');
INSERT INTO `sys_logininfor` VALUES (116, 'test1', '127.0.0.1', '内网IP', 'Chrome 12', 'Windows 10', '1', '用户不存在/密码错误', '2024-05-14 16:43:06');
INSERT INTO `sys_logininfor` VALUES (117, 'test1', '127.0.0.1', '内网IP', 'Chrome 12', 'Windows 10', '1', '用户不存在/密码错误', '2024-05-14 16:43:25');
INSERT INTO `sys_logininfor` VALUES (118, 'test1', '127.0.0.1', '内网IP', 'Chrome 12', 'Windows 10', '1', '用户不存在/密码错误', '2024-05-14 16:43:35');
INSERT INTO `sys_logininfor` VALUES (119, 'test1', '127.0.0.1', '内网IP', 'Chrome 12', 'Windows 10', '0', '登录成功', '2024-05-14 16:45:15');
INSERT INTO `sys_logininfor` VALUES (120, 'test1', '127.0.0.1', '内网IP', 'Chrome 12', 'Windows 10', '0', '登录成功', '2024-05-14 16:45:18');
INSERT INTO `sys_logininfor` VALUES (121, 'test1', '127.0.0.1', '内网IP', 'Chrome 12', 'Windows 10', '0', '退出成功', '2024-05-14 16:45:29');
INSERT INTO `sys_logininfor` VALUES (122, '13037503398', '127.0.0.1', '内网IP', 'Chrome 12', 'Windows 10', '0', '注册成功', '2024-05-14 17:44:21');
INSERT INTO `sys_logininfor` VALUES (123, '13037503398', '127.0.0.1', '内网IP', 'Chrome 12', 'Windows 10', '0', '登录成功', '2024-05-14 17:44:29');
INSERT INTO `sys_logininfor` VALUES (124, '13037503398', '127.0.0.1', '内网IP', 'Chrome 12', 'Windows 10', '0', '退出成功', '2024-05-14 17:44:44');
INSERT INTO `sys_logininfor` VALUES (125, '13037503398', '127.0.0.1', '内网IP', 'Chrome 12', 'Windows 10', '0', '登录成功', '2024-05-14 17:45:09');
INSERT INTO `sys_logininfor` VALUES (126, '13037503398', '127.0.0.1', '内网IP', 'Chrome 12', 'Windows 10', '0', '退出成功', '2024-05-14 17:47:33');
INSERT INTO `sys_logininfor` VALUES (127, 'admin', '127.0.0.1', '内网IP', 'Chrome 12', 'Windows 10', '0', '登录成功', '2024-05-14 17:47:38');
INSERT INTO `sys_logininfor` VALUES (128, 'admin', '127.0.0.1', '内网IP', 'Chrome 12', 'Windows 10', '0', '退出成功', '2024-05-14 17:53:24');
INSERT INTO `sys_logininfor` VALUES (129, '13037503398', '127.0.0.1', '内网IP', 'Chrome 12', 'Windows 10', '0', '登录成功', '2024-05-14 17:53:31');
INSERT INTO `sys_logininfor` VALUES (130, '13037503398', '127.0.0.1', '内网IP', 'Chrome 12', 'Windows 10', '0', '退出成功', '2024-05-14 17:56:28');
INSERT INTO `sys_logininfor` VALUES (131, 'admin', '127.0.0.1', '内网IP', 'Chrome 12', 'Windows 10', '0', '登录成功', '2024-05-14 17:56:33');
INSERT INTO `sys_logininfor` VALUES (132, 'admin', '127.0.0.1', '内网IP', 'Chrome 12', 'Windows 10', '0', '登录成功', '2024-05-14 20:55:58');
INSERT INTO `sys_logininfor` VALUES (133, 'admin', '127.0.0.1', '内网IP', 'Chrome 12', 'Windows 10', '0', '退出成功', '2024-05-14 21:27:45');
INSERT INTO `sys_logininfor` VALUES (134, 'admin', '127.0.0.1', '内网IP', 'Chrome 12', 'Windows 10', '0', '登录成功', '2024-05-14 21:27:48');
INSERT INTO `sys_logininfor` VALUES (135, 'admin', '127.0.0.1', '内网IP', 'Chrome 12', 'Windows 10', '0', '退出成功', '2024-05-14 21:43:05');
INSERT INTO `sys_logininfor` VALUES (136, 'admin', '127.0.0.1', '内网IP', 'Chrome 12', 'Windows 10', '0', '登录成功', '2024-05-14 21:43:08');
INSERT INTO `sys_logininfor` VALUES (137, 'admin', '127.0.0.1', '内网IP', 'Chrome 12', 'Windows 10', '0', '登录成功', '2024-05-15 10:21:21');
INSERT INTO `sys_logininfor` VALUES (138, 'admin', '127.0.0.1', '内网IP', 'Chrome 12', 'Windows 10', '0', '退出成功', '2024-05-15 11:58:24');
INSERT INTO `sys_logininfor` VALUES (139, 'admin', '127.0.0.1', '内网IP', 'Chrome 12', 'Windows 10', '0', '登录成功', '2024-05-15 11:58:25');
INSERT INTO `sys_logininfor` VALUES (140, 'admin', '127.0.0.1', '内网IP', 'Chrome 12', 'Windows 10', '0', '退出成功', '2024-05-15 12:29:04');
INSERT INTO `sys_logininfor` VALUES (141, '13037503398', '127.0.0.1', '内网IP', 'Chrome 12', 'Windows 10', '0', '登录成功', '2024-05-15 12:29:06');
INSERT INTO `sys_logininfor` VALUES (142, '13037503398', '127.0.0.1', '内网IP', 'Chrome 12', 'Windows 10', '0', '退出成功', '2024-05-15 12:31:32');
INSERT INTO `sys_logininfor` VALUES (143, 'admin', '127.0.0.1', '内网IP', 'Chrome 12', 'Windows 10', '0', '登录成功', '2024-05-15 12:31:36');
INSERT INTO `sys_logininfor` VALUES (144, 'admin', '127.0.0.1', '内网IP', 'Chrome 12', 'Windows 10', '0', '退出成功', '2024-05-15 12:32:01');
INSERT INTO `sys_logininfor` VALUES (145, '13037503398', '127.0.0.1', '内网IP', 'Chrome 12', 'Windows 10', '0', '登录成功', '2024-05-15 12:32:07');
INSERT INTO `sys_logininfor` VALUES (146, '13037503398', '127.0.0.1', '内网IP', 'Chrome 12', 'Windows 10', '0', '退出成功', '2024-05-15 12:32:36');
INSERT INTO `sys_logininfor` VALUES (147, 'admin', '127.0.0.1', '内网IP', 'Chrome 12', 'Windows 10', '0', '登录成功', '2024-05-15 12:32:40');
INSERT INTO `sys_logininfor` VALUES (148, 'admin', '127.0.0.1', '内网IP', 'Chrome 12', 'Windows 10', '0', '退出成功', '2024-05-15 12:32:58');
INSERT INTO `sys_logininfor` VALUES (149, '13037503398', '127.0.0.1', '内网IP', 'Chrome 12', 'Windows 10', '0', '登录成功', '2024-05-15 12:33:06');

-- ----------------------------
-- Table structure for sys_menu
-- ----------------------------
DROP TABLE IF EXISTS `sys_menu`;
CREATE TABLE `sys_menu`  (
  `menu_id` bigint NOT NULL AUTO_INCREMENT COMMENT '菜单ID',
  `menu_name` varchar(50) CHARACTER SET utf8mb4 COLLATE utf8mb4_0900_ai_ci NOT NULL COMMENT '菜单名称',
  `parent_id` bigint NULL DEFAULT 0 COMMENT '父菜单ID',
  `order_num` int NULL DEFAULT 0 COMMENT '显示顺序',
  `path` varchar(200) CHARACTER SET utf8mb4 COLLATE utf8mb4_0900_ai_ci NULL DEFAULT '' COMMENT '路由地址',
  `component` varchar(255) CHARACTER SET utf8mb4 COLLATE utf8mb4_0900_ai_ci NULL DEFAULT NULL COMMENT '组件路径',
  `query` varchar(255) CHARACTER SET utf8mb4 COLLATE utf8mb4_0900_ai_ci NULL DEFAULT NULL COMMENT '路由参数',
  `is_frame` int NULL DEFAULT 1 COMMENT '是否为外链（0是 1否）',
  `is_cache` int NULL DEFAULT 0 COMMENT '是否缓存（0缓存 1不缓存）',
  `menu_type` char(1) CHARACTER SET utf8mb4 COLLATE utf8mb4_0900_ai_ci NULL DEFAULT '' COMMENT '菜单类型（M目录 C菜单 F按钮）',
  `visible` char(1) CHARACTER SET utf8mb4 COLLATE utf8mb4_0900_ai_ci NULL DEFAULT '0' COMMENT '菜单状态（0显示 1隐藏）',
  `status` char(1) CHARACTER SET utf8mb4 COLLATE utf8mb4_0900_ai_ci NULL DEFAULT '0' COMMENT '菜单状态（0正常 1停用）',
  `perms` varchar(100) CHARACTER SET utf8mb4 COLLATE utf8mb4_0900_ai_ci NULL DEFAULT NULL COMMENT '权限标识',
  `icon` varchar(100) CHARACTER SET utf8mb4 COLLATE utf8mb4_0900_ai_ci NULL DEFAULT '#' COMMENT '菜单图标',
  `create_by` varchar(64) CHARACTER SET utf8mb4 COLLATE utf8mb4_0900_ai_ci NULL DEFAULT '' COMMENT '创建者',
  `create_time` datetime NULL DEFAULT NULL COMMENT '创建时间',
  `update_by` varchar(64) CHARACTER SET utf8mb4 COLLATE utf8mb4_0900_ai_ci NULL DEFAULT '' COMMENT '更新者',
  `update_time` datetime NULL DEFAULT NULL COMMENT '更新时间',
  `remark` varchar(500) CHARACTER SET utf8mb4 COLLATE utf8mb4_0900_ai_ci NULL DEFAULT '' COMMENT '备注',
  PRIMARY KEY (`menu_id`) USING BTREE
) ENGINE = InnoDB AUTO_INCREMENT = 2033 CHARACTER SET = utf8mb4 COLLATE = utf8mb4_0900_ai_ci COMMENT = '菜单权限表' ROW_FORMAT = Dynamic;

-- ----------------------------
-- Records of sys_menu
-- ----------------------------
INSERT INTO `sys_menu` VALUES (1, '系统管理', 0, 1, 'system', NULL, '', 1, 0, 'M', '0', '0', '', 'system', 'admin', '2024-05-14 09:57:47', '', NULL, '系统管理目录');
INSERT INTO `sys_menu` VALUES (2, '系统监控', 0, 2, 'monitor', NULL, '', 1, 0, 'M', '0', '0', '', 'monitor', 'admin', '2024-05-14 09:57:47', '', NULL, '系统监控目录');
INSERT INTO `sys_menu` VALUES (3, '系统工具', 0, 3, 'tool', NULL, '', 1, 0, 'M', '0', '0', '', 'tool', 'admin', '2024-05-14 09:57:47', '', NULL, '系统工具目录');
INSERT INTO `sys_menu` VALUES (100, '用户管理', 1, 1, 'user', 'system/user/index', '', 1, 0, 'C', '0', '0', 'system:user:list', 'user', 'admin', '2024-05-14 09:57:47', '', NULL, '用户管理菜单');
INSERT INTO `sys_menu` VALUES (101, '角色管理', 1, 2, 'role', 'system/role/index', '', 1, 0, 'C', '0', '0', 'system:role:list', 'peoples', 'admin', '2024-05-14 09:57:47', '', NULL, '角色管理菜单');
INSERT INTO `sys_menu` VALUES (102, '菜单管理', 1, 3, 'menu', 'system/menu/index', '', 1, 0, 'C', '0', '0', 'system:menu:list', 'tree-table', 'admin', '2024-05-14 09:57:47', '', NULL, '菜单管理菜单');
INSERT INTO `sys_menu` VALUES (103, '部门管理', 1, 4, 'dept', 'system/dept/index', '', 1, 0, 'C', '1', '1', 'system:dept:list', 'tree', 'admin', '2024-05-14 09:57:47', 'admin', '2024-05-14 17:51:56', '部门管理菜单');
INSERT INTO `sys_menu` VALUES (104, '岗位管理', 1, 5, 'post', 'system/post/index', '', 1, 0, 'C', '1', '1', 'system:post:list', 'post', 'admin', '2024-05-14 09:57:47', 'admin', '2024-05-14 17:52:06', '岗位管理菜单');
INSERT INTO `sys_menu` VALUES (105, '字典管理', 1, 6, 'dict', 'system/dict/index', '', 1, 0, 'C', '0', '0', 'system:dict:list', 'dict', 'admin', '2024-05-14 09:57:47', '', NULL, '字典管理菜单');
INSERT INTO `sys_menu` VALUES (106, '参数设置', 1, 7, 'config', 'system/config/index', '', 1, 0, 'C', '1', '1', 'system:config:list', 'edit', 'admin', '2024-05-14 09:57:47', 'admin', '2024-05-14 17:52:17', '参数设置菜单');
INSERT INTO `sys_menu` VALUES (107, '通知公告', 1, 8, 'notice', 'system/notice/index', '', 1, 0, 'C', '0', '0', 'system:notice:list', 'message', 'admin', '2024-05-14 09:57:47', '', NULL, '通知公告菜单');
INSERT INTO `sys_menu` VALUES (108, '日志管理', 1, 9, 'log', '', '', 1, 0, 'M', '0', '0', '', 'log', 'admin', '2024-05-14 09:57:47', '', NULL, '日志管理菜单');
INSERT INTO `sys_menu` VALUES (109, '在线用户', 2, 1, 'online', 'monitor/online/index', '', 1, 0, 'C', '0', '0', 'monitor:online:list', 'online', 'admin', '2024-05-14 09:57:47', '', NULL, '在线用户菜单');
INSERT INTO `sys_menu` VALUES (110, '定时任务', 2, 2, 'job', 'monitor/job/index', '', 1, 0, 'C', '0', '0', 'monitor:job:list', 'job', 'admin', '2024-05-14 09:57:47', '', NULL, '定时任务菜单');
INSERT INTO `sys_menu` VALUES (111, '数据监控', 2, 3, 'druid', 'monitor/druid/index', '', 1, 0, 'C', '0', '0', 'monitor:druid:list', 'druid', 'admin', '2024-05-14 09:57:47', '', NULL, '数据监控菜单');
INSERT INTO `sys_menu` VALUES (112, '服务监控', 2, 4, 'server', 'monitor/server/index', '', 1, 0, 'C', '0', '0', 'monitor:server:list', 'server', 'admin', '2024-05-14 09:57:47', '', NULL, '服务监控菜单');
INSERT INTO `sys_menu` VALUES (113, '缓存监控', 2, 5, 'cache', 'monitor/cache/index', '', 1, 0, 'C', '0', '0', 'monitor:cache:list', 'redis', 'admin', '2024-05-14 09:57:47', '', NULL, '缓存监控菜单');
INSERT INTO `sys_menu` VALUES (114, '缓存列表', 2, 6, 'cacheList', 'monitor/cache/list', '', 1, 0, 'C', '0', '0', 'monitor:cache:list', 'redis-list', 'admin', '2024-05-14 09:57:47', '', NULL, '缓存列表菜单');
INSERT INTO `sys_menu` VALUES (115, '表单构建', 3, 1, 'build', 'tool/build/index', '', 1, 0, 'C', '0', '0', 'tool:build:list', 'build', 'admin', '2024-05-14 09:57:47', '', NULL, '表单构建菜单');
INSERT INTO `sys_menu` VALUES (116, '代码生成', 3, 2, 'gen', 'tool/gen/index', '', 1, 0, 'C', '0', '0', 'tool:gen:list', 'code', 'admin', '2024-05-14 09:57:47', '', NULL, '代码生成菜单');
INSERT INTO `sys_menu` VALUES (117, '系统接口', 3, 3, 'swagger', 'tool/swagger/index', '', 1, 0, 'C', '0', '0', 'tool:swagger:list', 'swagger', 'admin', '2024-05-14 09:57:47', '', NULL, '系统接口菜单');
INSERT INTO `sys_menu` VALUES (500, '操作日志', 108, 1, 'operlog', 'monitor/operlog/index', '', 1, 0, 'C', '0', '0', 'monitor:operlog:list', 'form', 'admin', '2024-05-14 09:57:47', '', NULL, '操作日志菜单');
INSERT INTO `sys_menu` VALUES (501, '登录日志', 108, 2, 'logininfor', 'monitor/logininfor/index', '', 1, 0, 'C', '0', '0', 'monitor:logininfor:list', 'logininfor', 'admin', '2024-05-14 09:57:47', '', NULL, '登录日志菜单');
INSERT INTO `sys_menu` VALUES (1000, '用户查询', 100, 1, '', '', '', 1, 0, 'F', '0', '0', 'system:user:query', '#', 'admin', '2024-05-14 09:57:47', '', NULL, '');
INSERT INTO `sys_menu` VALUES (1001, '用户新增', 100, 2, '', '', '', 1, 0, 'F', '0', '0', 'system:user:add', '#', 'admin', '2024-05-14 09:57:47', '', NULL, '');
INSERT INTO `sys_menu` VALUES (1002, '用户修改', 100, 3, '', '', '', 1, 0, 'F', '0', '0', 'system:user:edit', '#', 'admin', '2024-05-14 09:57:47', '', NULL, '');
INSERT INTO `sys_menu` VALUES (1003, '用户删除', 100, 4, '', '', '', 1, 0, 'F', '0', '0', 'system:user:remove', '#', 'admin', '2024-05-14 09:57:47', '', NULL, '');
INSERT INTO `sys_menu` VALUES (1004, '用户导出', 100, 5, '', '', '', 1, 0, 'F', '0', '0', 'system:user:export', '#', 'admin', '2024-05-14 09:57:47', '', NULL, '');
INSERT INTO `sys_menu` VALUES (1005, '用户导入', 100, 6, '', '', '', 1, 0, 'F', '0', '0', 'system:user:import', '#', 'admin', '2024-05-14 09:57:47', '', NULL, '');
INSERT INTO `sys_menu` VALUES (1006, '重置密码', 100, 7, '', '', '', 1, 0, 'F', '0', '0', 'system:user:resetPwd', '#', 'admin', '2024-05-14 09:57:47', '', NULL, '');
INSERT INTO `sys_menu` VALUES (1007, '角色查询', 101, 1, '', '', '', 1, 0, 'F', '0', '0', 'system:role:query', '#', 'admin', '2024-05-14 09:57:47', '', NULL, '');
INSERT INTO `sys_menu` VALUES (1008, '角色新增', 101, 2, '', '', '', 1, 0, 'F', '0', '0', 'system:role:add', '#', 'admin', '2024-05-14 09:57:47', '', NULL, '');
INSERT INTO `sys_menu` VALUES (1009, '角色修改', 101, 3, '', '', '', 1, 0, 'F', '0', '0', 'system:role:edit', '#', 'admin', '2024-05-14 09:57:47', '', NULL, '');
INSERT INTO `sys_menu` VALUES (1010, '角色删除', 101, 4, '', '', '', 1, 0, 'F', '0', '0', 'system:role:remove', '#', 'admin', '2024-05-14 09:57:47', '', NULL, '');
INSERT INTO `sys_menu` VALUES (1011, '角色导出', 101, 5, '', '', '', 1, 0, 'F', '0', '0', 'system:role:export', '#', 'admin', '2024-05-14 09:57:47', '', NULL, '');
INSERT INTO `sys_menu` VALUES (1012, '菜单查询', 102, 1, '', '', '', 1, 0, 'F', '0', '0', 'system:menu:query', '#', 'admin', '2024-05-14 09:57:47', '', NULL, '');
INSERT INTO `sys_menu` VALUES (1013, '菜单新增', 102, 2, '', '', '', 1, 0, 'F', '0', '0', 'system:menu:add', '#', 'admin', '2024-05-14 09:57:47', '', NULL, '');
INSERT INTO `sys_menu` VALUES (1014, '菜单修改', 102, 3, '', '', '', 1, 0, 'F', '0', '0', 'system:menu:edit', '#', 'admin', '2024-05-14 09:57:47', '', NULL, '');
INSERT INTO `sys_menu` VALUES (1015, '菜单删除', 102, 4, '', '', '', 1, 0, 'F', '0', '0', 'system:menu:remove', '#', 'admin', '2024-05-14 09:57:47', '', NULL, '');
INSERT INTO `sys_menu` VALUES (1016, '部门查询', 103, 1, '', '', '', 1, 0, 'F', '0', '0', 'system:dept:query', '#', 'admin', '2024-05-14 09:57:47', '', NULL, '');
INSERT INTO `sys_menu` VALUES (1017, '部门新增', 103, 2, '', '', '', 1, 0, 'F', '0', '0', 'system:dept:add', '#', 'admin', '2024-05-14 09:57:47', '', NULL, '');
INSERT INTO `sys_menu` VALUES (1018, '部门修改', 103, 3, '', '', '', 1, 0, 'F', '0', '0', 'system:dept:edit', '#', 'admin', '2024-05-14 09:57:47', '', NULL, '');
INSERT INTO `sys_menu` VALUES (1019, '部门删除', 103, 4, '', '', '', 1, 0, 'F', '0', '0', 'system:dept:remove', '#', 'admin', '2024-05-14 09:57:47', '', NULL, '');
INSERT INTO `sys_menu` VALUES (1020, '岗位查询', 104, 1, '', '', '', 1, 0, 'F', '0', '0', 'system:post:query', '#', 'admin', '2024-05-14 09:57:47', '', NULL, '');
INSERT INTO `sys_menu` VALUES (1021, '岗位新增', 104, 2, '', '', '', 1, 0, 'F', '0', '0', 'system:post:add', '#', 'admin', '2024-05-14 09:57:47', '', NULL, '');
INSERT INTO `sys_menu` VALUES (1022, '岗位修改', 104, 3, '', '', '', 1, 0, 'F', '0', '0', 'system:post:edit', '#', 'admin', '2024-05-14 09:57:47', '', NULL, '');
INSERT INTO `sys_menu` VALUES (1023, '岗位删除', 104, 4, '', '', '', 1, 0, 'F', '0', '0', 'system:post:remove', '#', 'admin', '2024-05-14 09:57:47', '', NULL, '');
INSERT INTO `sys_menu` VALUES (1024, '岗位导出', 104, 5, '', '', '', 1, 0, 'F', '0', '0', 'system:post:export', '#', 'admin', '2024-05-14 09:57:47', '', NULL, '');
INSERT INTO `sys_menu` VALUES (1025, '字典查询', 105, 1, '#', '', '', 1, 0, 'F', '0', '0', 'system:dict:query', '#', 'admin', '2024-05-14 09:57:47', '', NULL, '');
INSERT INTO `sys_menu` VALUES (1026, '字典新增', 105, 2, '#', '', '', 1, 0, 'F', '0', '0', 'system:dict:add', '#', 'admin', '2024-05-14 09:57:47', '', NULL, '');
INSERT INTO `sys_menu` VALUES (1027, '字典修改', 105, 3, '#', '', '', 1, 0, 'F', '0', '0', 'system:dict:edit', '#', 'admin', '2024-05-14 09:57:47', '', NULL, '');
INSERT INTO `sys_menu` VALUES (1028, '字典删除', 105, 4, '#', '', '', 1, 0, 'F', '0', '0', 'system:dict:remove', '#', 'admin', '2024-05-14 09:57:47', '', NULL, '');
INSERT INTO `sys_menu` VALUES (1029, '字典导出', 105, 5, '#', '', '', 1, 0, 'F', '0', '0', 'system:dict:export', '#', 'admin', '2024-05-14 09:57:47', '', NULL, '');
INSERT INTO `sys_menu` VALUES (1030, '参数查询', 106, 1, '#', '', '', 1, 0, 'F', '0', '0', 'system:config:query', '#', 'admin', '2024-05-14 09:57:47', '', NULL, '');
INSERT INTO `sys_menu` VALUES (1031, '参数新增', 106, 2, '#', '', '', 1, 0, 'F', '0', '0', 'system:config:add', '#', 'admin', '2024-05-14 09:57:47', '', NULL, '');
INSERT INTO `sys_menu` VALUES (1032, '参数修改', 106, 3, '#', '', '', 1, 0, 'F', '0', '0', 'system:config:edit', '#', 'admin', '2024-05-14 09:57:47', '', NULL, '');
INSERT INTO `sys_menu` VALUES (1033, '参数删除', 106, 4, '#', '', '', 1, 0, 'F', '0', '0', 'system:config:remove', '#', 'admin', '2024-05-14 09:57:47', '', NULL, '');
INSERT INTO `sys_menu` VALUES (1034, '参数导出', 106, 5, '#', '', '', 1, 0, 'F', '0', '0', 'system:config:export', '#', 'admin', '2024-05-14 09:57:47', '', NULL, '');
INSERT INTO `sys_menu` VALUES (1035, '公告查询', 107, 1, '#', '', '', 1, 0, 'F', '0', '0', 'system:notice:query', '#', 'admin', '2024-05-14 09:57:47', '', NULL, '');
INSERT INTO `sys_menu` VALUES (1036, '公告新增', 107, 2, '#', '', '', 1, 0, 'F', '0', '0', 'system:notice:add', '#', 'admin', '2024-05-14 09:57:47', '', NULL, '');
INSERT INTO `sys_menu` VALUES (1037, '公告修改', 107, 3, '#', '', '', 1, 0, 'F', '0', '0', 'system:notice:edit', '#', 'admin', '2024-05-14 09:57:47', '', NULL, '');
INSERT INTO `sys_menu` VALUES (1038, '公告删除', 107, 4, '#', '', '', 1, 0, 'F', '0', '0', 'system:notice:remove', '#', 'admin', '2024-05-14 09:57:47', '', NULL, '');
INSERT INTO `sys_menu` VALUES (1039, '操作查询', 500, 1, '#', '', '', 1, 0, 'F', '0', '0', 'monitor:operlog:query', '#', 'admin', '2024-05-14 09:57:47', '', NULL, '');
INSERT INTO `sys_menu` VALUES (1040, '操作删除', 500, 2, '#', '', '', 1, 0, 'F', '0', '0', 'monitor:operlog:remove', '#', 'admin', '2024-05-14 09:57:47', '', NULL, '');
INSERT INTO `sys_menu` VALUES (1041, '日志导出', 500, 3, '#', '', '', 1, 0, 'F', '0', '0', 'monitor:operlog:export', '#', 'admin', '2024-05-14 09:57:47', '', NULL, '');
INSERT INTO `sys_menu` VALUES (1042, '登录查询', 501, 1, '#', '', '', 1, 0, 'F', '0', '0', 'monitor:logininfor:query', '#', 'admin', '2024-05-14 09:57:47', '', NULL, '');
INSERT INTO `sys_menu` VALUES (1043, '登录删除', 501, 2, '#', '', '', 1, 0, 'F', '0', '0', 'monitor:logininfor:remove', '#', 'admin', '2024-05-14 09:57:47', '', NULL, '');
INSERT INTO `sys_menu` VALUES (1044, '日志导出', 501, 3, '#', '', '', 1, 0, 'F', '0', '0', 'monitor:logininfor:export', '#', 'admin', '2024-05-14 09:57:47', '', NULL, '');
INSERT INTO `sys_menu` VALUES (1045, '账户解锁', 501, 4, '#', '', '', 1, 0, 'F', '0', '0', 'monitor:logininfor:unlock', '#', 'admin', '2024-05-14 09:57:47', '', NULL, '');
INSERT INTO `sys_menu` VALUES (1046, '在线查询', 109, 1, '#', '', '', 1, 0, 'F', '0', '0', 'monitor:online:query', '#', 'admin', '2024-05-14 09:57:47', '', NULL, '');
INSERT INTO `sys_menu` VALUES (1047, '批量强退', 109, 2, '#', '', '', 1, 0, 'F', '0', '0', 'monitor:online:batchLogout', '#', 'admin', '2024-05-14 09:57:47', '', NULL, '');
INSERT INTO `sys_menu` VALUES (1048, '单条强退', 109, 3, '#', '', '', 1, 0, 'F', '0', '0', 'monitor:online:forceLogout', '#', 'admin', '2024-05-14 09:57:47', '', NULL, '');
INSERT INTO `sys_menu` VALUES (1049, '任务查询', 110, 1, '#', '', '', 1, 0, 'F', '0', '0', 'monitor:job:query', '#', 'admin', '2024-05-14 09:57:47', '', NULL, '');
INSERT INTO `sys_menu` VALUES (1050, '任务新增', 110, 2, '#', '', '', 1, 0, 'F', '0', '0', 'monitor:job:add', '#', 'admin', '2024-05-14 09:57:47', '', NULL, '');
INSERT INTO `sys_menu` VALUES (1051, '任务修改', 110, 3, '#', '', '', 1, 0, 'F', '0', '0', 'monitor:job:edit', '#', 'admin', '2024-05-14 09:57:47', '', NULL, '');
INSERT INTO `sys_menu` VALUES (1052, '任务删除', 110, 4, '#', '', '', 1, 0, 'F', '0', '0', 'monitor:job:remove', '#', 'admin', '2024-05-14 09:57:47', '', NULL, '');
INSERT INTO `sys_menu` VALUES (1053, '状态修改', 110, 5, '#', '', '', 1, 0, 'F', '0', '0', 'monitor:job:changeStatus', '#', 'admin', '2024-05-14 09:57:47', '', NULL, '');
INSERT INTO `sys_menu` VALUES (1054, '任务导出', 110, 6, '#', '', '', 1, 0, 'F', '0', '0', 'monitor:job:export', '#', 'admin', '2024-05-14 09:57:47', '', NULL, '');
INSERT INTO `sys_menu` VALUES (1055, '生成查询', 116, 1, '#', '', '', 1, 0, 'F', '0', '0', 'tool:gen:query', '#', 'admin', '2024-05-14 09:57:47', '', NULL, '');
INSERT INTO `sys_menu` VALUES (1056, '生成修改', 116, 2, '#', '', '', 1, 0, 'F', '0', '0', 'tool:gen:edit', '#', 'admin', '2024-05-14 09:57:47', '', NULL, '');
INSERT INTO `sys_menu` VALUES (1057, '生成删除', 116, 3, '#', '', '', 1, 0, 'F', '0', '0', 'tool:gen:remove', '#', 'admin', '2024-05-14 09:57:47', '', NULL, '');
INSERT INTO `sys_menu` VALUES (1058, '导入代码', 116, 4, '#', '', '', 1, 0, 'F', '0', '0', 'tool:gen:import', '#', 'admin', '2024-05-14 09:57:47', '', NULL, '');
INSERT INTO `sys_menu` VALUES (1059, '预览代码', 116, 5, '#', '', '', 1, 0, 'F', '0', '0', 'tool:gen:preview', '#', 'admin', '2024-05-14 09:57:47', '', NULL, '');
INSERT INTO `sys_menu` VALUES (1060, '生成代码', 116, 6, '#', '', '', 1, 0, 'F', '0', '0', 'tool:gen:code', '#', 'admin', '2024-05-14 09:57:47', '', NULL, '');
INSERT INTO `sys_menu` VALUES (2000, '帖子浏览记录', 2030, 4, 'browse', 'system/browse/index', NULL, 1, 0, 'C', '0', '0', 'system:browse:list', '#', 'admin', '2024-05-14 11:50:40', 'admin', '2024-05-14 11:56:38', '帖子浏览记录菜单');
INSERT INTO `sys_menu` VALUES (2001, '帖子浏览记录查询', 2000, 1, '#', '', NULL, 1, 0, 'F', '0', '0', 'system:browse:query', '#', 'admin', '2024-05-14 11:50:40', '', NULL, '');
INSERT INTO `sys_menu` VALUES (2002, '帖子浏览记录新增', 2000, 2, '#', '', NULL, 1, 0, 'F', '0', '0', 'system:browse:add', '#', 'admin', '2024-05-14 11:50:40', '', NULL, '');
INSERT INTO `sys_menu` VALUES (2003, '帖子浏览记录修改', 2000, 3, '#', '', NULL, 1, 0, 'F', '0', '0', 'system:browse:edit', '#', 'admin', '2024-05-14 11:50:40', '', NULL, '');
INSERT INTO `sys_menu` VALUES (2004, '帖子浏览记录删除', 2000, 4, '#', '', NULL, 1, 0, 'F', '0', '0', 'system:browse:remove', '#', 'admin', '2024-05-14 11:50:40', '', NULL, '');
INSERT INTO `sys_menu` VALUES (2005, '帖子浏览记录导出', 2000, 5, '#', '', NULL, 1, 0, 'F', '0', '0', 'system:browse:export', '#', 'admin', '2024-05-14 11:50:40', '', NULL, '');
INSERT INTO `sys_menu` VALUES (2006, '诗词评论', 2030, 1, 'comment', 'system/comment/index', NULL, 1, 0, 'C', '0', '0', 'system:comment:list', '#', 'admin', '2024-05-14 11:50:49', 'admin', '2024-05-14 11:55:21', '诗词评论菜单');
INSERT INTO `sys_menu` VALUES (2007, '诗词评论查询', 2006, 1, '#', '', NULL, 1, 0, 'F', '0', '0', 'system:comment:query', '#', 'admin', '2024-05-14 11:50:49', '', NULL, '');
INSERT INTO `sys_menu` VALUES (2008, '诗词评论新增', 2006, 2, '#', '', NULL, 1, 0, 'F', '0', '0', 'system:comment:add', '#', 'admin', '2024-05-14 11:50:49', '', NULL, '');
INSERT INTO `sys_menu` VALUES (2009, '诗词评论修改', 2006, 3, '#', '', NULL, 1, 0, 'F', '0', '0', 'system:comment:edit', '#', 'admin', '2024-05-14 11:50:49', '', NULL, '');
INSERT INTO `sys_menu` VALUES (2010, '诗词评论删除', 2006, 4, '#', '', NULL, 1, 0, 'F', '0', '0', 'system:comment:remove', '#', 'admin', '2024-05-14 11:50:49', '', NULL, '');
INSERT INTO `sys_menu` VALUES (2011, '诗词评论导出', 2006, 5, '#', '', NULL, 1, 0, 'F', '0', '0', 'system:comment:export', '#', 'admin', '2024-05-14 11:50:49', '', NULL, '');
INSERT INTO `sys_menu` VALUES (2012, '诗词收藏', 2030, 2, 'favorite', 'system/favorite/index', NULL, 1, 0, 'C', '0', '0', 'system:favorite:list', '#', 'admin', '2024-05-14 11:50:56', 'admin', '2024-05-14 11:56:53', '用户诗词收藏菜单');
INSERT INTO `sys_menu` VALUES (2013, '用户诗词收藏查询', 2012, 1, '#', '', NULL, 1, 0, 'F', '0', '0', 'system:favorite:query', '#', 'admin', '2024-05-14 11:50:56', '', NULL, '');
INSERT INTO `sys_menu` VALUES (2014, '用户诗词收藏新增', 2012, 2, '#', '', NULL, 1, 0, 'F', '0', '0', 'system:favorite:add', '#', 'admin', '2024-05-14 11:50:56', '', NULL, '');
INSERT INTO `sys_menu` VALUES (2015, '用户诗词收藏修改', 2012, 3, '#', '', NULL, 1, 0, 'F', '0', '0', 'system:favorite:edit', '#', 'admin', '2024-05-14 11:50:56', '', NULL, '');
INSERT INTO `sys_menu` VALUES (2016, '用户诗词收藏删除', 2012, 4, '#', '', NULL, 1, 0, 'F', '0', '0', 'system:favorite:remove', '#', 'admin', '2024-05-14 11:50:56', '', NULL, '');
INSERT INTO `sys_menu` VALUES (2017, '用户诗词收藏导出', 2012, 5, '#', '', NULL, 1, 0, 'F', '0', '0', 'system:favorite:export', '#', 'admin', '2024-05-14 11:50:56', '', NULL, '');
INSERT INTO `sys_menu` VALUES (2018, '诗词', 2030, 0, 'poetry', 'system/poetry/index', NULL, 1, 0, 'C', '0', '0', 'system:poetry:list', '#', 'admin', '2024-05-14 11:51:06', 'admin', '2024-05-14 11:56:00', '诗词菜单');
INSERT INTO `sys_menu` VALUES (2019, '诗词查询', 2018, 1, '#', '', NULL, 1, 0, 'F', '0', '0', 'system:poetry:query', '#', 'admin', '2024-05-14 11:51:06', '', NULL, '');
INSERT INTO `sys_menu` VALUES (2020, '诗词新增', 2018, 2, '#', '', NULL, 1, 0, 'F', '0', '0', 'system:poetry:add', '#', 'admin', '2024-05-14 11:51:06', '', NULL, '');
INSERT INTO `sys_menu` VALUES (2021, '诗词修改', 2018, 3, '#', '', NULL, 1, 0, 'F', '0', '0', 'system:poetry:edit', '#', 'admin', '2024-05-14 11:51:06', '', NULL, '');
INSERT INTO `sys_menu` VALUES (2022, '诗词删除', 2018, 4, '#', '', NULL, 1, 0, 'F', '0', '0', 'system:poetry:remove', '#', 'admin', '2024-05-14 11:51:06', '', NULL, '');
INSERT INTO `sys_menu` VALUES (2023, '诗词导出', 2018, 5, '#', '', NULL, 1, 0, 'F', '0', '0', 'system:poetry:export', '#', 'admin', '2024-05-14 11:51:06', '', NULL, '');
INSERT INTO `sys_menu` VALUES (2024, '帖子', 2030, 3, 'posts', 'system/posts/index', NULL, 1, 0, 'C', '0', '0', 'system:posts:list', '#', 'admin', '2024-05-14 11:51:12', 'admin', '2024-05-14 11:56:33', '帖子菜单');
INSERT INTO `sys_menu` VALUES (2025, '帖子查询', 2024, 1, '#', '', NULL, 1, 0, 'F', '0', '0', 'system:posts:query', '#', 'admin', '2024-05-14 11:51:12', '', NULL, '');
INSERT INTO `sys_menu` VALUES (2026, '帖子新增', 2024, 2, '#', '', NULL, 1, 0, 'F', '0', '0', 'system:posts:add', '#', 'admin', '2024-05-14 11:51:12', '', NULL, '');
INSERT INTO `sys_menu` VALUES (2027, '帖子修改', 2024, 3, '#', '', NULL, 1, 0, 'F', '0', '0', 'system:posts:edit', '#', 'admin', '2024-05-14 11:51:12', '', NULL, '');
INSERT INTO `sys_menu` VALUES (2028, '帖子删除', 2024, 4, '#', '', NULL, 1, 0, 'F', '0', '0', 'system:posts:remove', '#', 'admin', '2024-05-14 11:51:12', '', NULL, '');
INSERT INTO `sys_menu` VALUES (2029, '帖子导出', 2024, 5, '#', '', NULL, 1, 0, 'F', '0', '0', 'system:posts:export', '#', 'admin', '2024-05-14 11:51:12', '', NULL, '');
INSERT INTO `sys_menu` VALUES (2030, '诗词交流', 0, 4, 'biz', NULL, NULL, 1, 0, 'M', '0', '0', NULL, 'list', 'admin', '2024-05-14 11:54:37', '', NULL, '');

-- ----------------------------
-- Table structure for sys_notice
-- ----------------------------
DROP TABLE IF EXISTS `sys_notice`;
CREATE TABLE `sys_notice`  (
  `notice_id` int NOT NULL AUTO_INCREMENT COMMENT '公告ID',
  `notice_title` varchar(50) CHARACTER SET utf8mb4 COLLATE utf8mb4_0900_ai_ci NOT NULL COMMENT '公告标题',
  `notice_type` char(1) CHARACTER SET utf8mb4 COLLATE utf8mb4_0900_ai_ci NOT NULL COMMENT '公告类型（1通知 2公告）',
  `notice_content` longblob NULL COMMENT '公告内容',
  `status` char(1) CHARACTER SET utf8mb4 COLLATE utf8mb4_0900_ai_ci NULL DEFAULT '0' COMMENT '公告状态（0正常 1关闭）',
  `create_by` varchar(64) CHARACTER SET utf8mb4 COLLATE utf8mb4_0900_ai_ci NULL DEFAULT '' COMMENT '创建者',
  `create_time` datetime NULL DEFAULT NULL COMMENT '创建时间',
  `update_by` varchar(64) CHARACTER SET utf8mb4 COLLATE utf8mb4_0900_ai_ci NULL DEFAULT '' COMMENT '更新者',
  `update_time` datetime NULL DEFAULT NULL COMMENT '更新时间',
  `remark` varchar(255) CHARACTER SET utf8mb4 COLLATE utf8mb4_0900_ai_ci NULL DEFAULT NULL COMMENT '备注',
  PRIMARY KEY (`notice_id`) USING BTREE
) ENGINE = InnoDB AUTO_INCREMENT = 10 CHARACTER SET = utf8mb4 COLLATE = utf8mb4_0900_ai_ci COMMENT = '通知公告表' ROW_FORMAT = Dynamic;

-- ----------------------------
-- Records of sys_notice
-- ----------------------------
INSERT INTO `sys_notice` VALUES (1, '温馨提醒：2024-05-14 诗词交流平台新版本发布啦', '2', 0xE696B0E78988E69CACE58685E5AEB9, '0', 'admin', '2024-05-14 09:57:47', '', NULL, '管理员');
INSERT INTO `sys_notice` VALUES (2, '维护通知：2024-05-14 诗词交流平台凌晨维护', '1', 0xE7BBB4E68AA4E58685E5AEB9, '0', 'admin', '2024-05-14 09:57:47', '', NULL, '管理员');

-- ----------------------------
-- Table structure for sys_oper_log
-- ----------------------------
DROP TABLE IF EXISTS `sys_oper_log`;
CREATE TABLE `sys_oper_log`  (
  `oper_id` bigint NOT NULL AUTO_INCREMENT COMMENT '日志主键',
  `title` varchar(50) CHARACTER SET utf8mb4 COLLATE utf8mb4_0900_ai_ci NULL DEFAULT '' COMMENT '模块标题',
  `business_type` int NULL DEFAULT 0 COMMENT '业务类型（0其它 1新增 2修改 3删除）',
  `method` varchar(100) CHARACTER SET utf8mb4 COLLATE utf8mb4_0900_ai_ci NULL DEFAULT '' COMMENT '方法名称',
  `request_method` varchar(10) CHARACTER SET utf8mb4 COLLATE utf8mb4_0900_ai_ci NULL DEFAULT '' COMMENT '请求方式',
  `operator_type` int NULL DEFAULT 0 COMMENT '操作类别（0其它 1后台用户 2手机端用户）',
  `oper_name` varchar(50) CHARACTER SET utf8mb4 COLLATE utf8mb4_0900_ai_ci NULL DEFAULT '' COMMENT '操作人员',
  `dept_name` varchar(50) CHARACTER SET utf8mb4 COLLATE utf8mb4_0900_ai_ci NULL DEFAULT '' COMMENT '部门名称',
  `oper_url` varchar(255) CHARACTER SET utf8mb4 COLLATE utf8mb4_0900_ai_ci NULL DEFAULT '' COMMENT '请求URL',
  `oper_ip` varchar(128) CHARACTER SET utf8mb4 COLLATE utf8mb4_0900_ai_ci NULL DEFAULT '' COMMENT '主机地址',
  `oper_location` varchar(255) CHARACTER SET utf8mb4 COLLATE utf8mb4_0900_ai_ci NULL DEFAULT '' COMMENT '操作地点',
  `oper_param` varchar(2000) CHARACTER SET utf8mb4 COLLATE utf8mb4_0900_ai_ci NULL DEFAULT '' COMMENT '请求参数',
  `json_result` varchar(2000) CHARACTER SET utf8mb4 COLLATE utf8mb4_0900_ai_ci NULL DEFAULT '' COMMENT '返回参数',
  `status` int NULL DEFAULT 0 COMMENT '操作状态（0正常 1异常）',
  `error_msg` varchar(2000) CHARACTER SET utf8mb4 COLLATE utf8mb4_0900_ai_ci NULL DEFAULT '' COMMENT '错误消息',
  `oper_time` datetime NULL DEFAULT NULL COMMENT '操作时间',
  `cost_time` bigint NULL DEFAULT 0 COMMENT '消耗时间',
  PRIMARY KEY (`oper_id`) USING BTREE,
  INDEX `idx_sys_oper_log_bt`(`business_type`) USING BTREE,
  INDEX `idx_sys_oper_log_s`(`status`) USING BTREE,
  INDEX `idx_sys_oper_log_ot`(`oper_time`) USING BTREE
) ENGINE = InnoDB AUTO_INCREMENT = 333 CHARACTER SET = utf8mb4 COLLATE = utf8mb4_0900_ai_ci COMMENT = '操作日志记录' ROW_FORMAT = Dynamic;

-- ----------------------------
-- Records of sys_oper_log
-- ----------------------------
INSERT INTO `sys_oper_log` VALUES (100, '角色管理', 2, 'com.main.web.controller.system.SysRoleController.edit()', 'PUT', 1, 'admin', '研发部门', '/system/role', '127.0.0.1', '内网IP', '{\"admin\":false,\"createTime\":\"2024-05-14 09:57:47\",\"dataScope\":\"2\",\"delFlag\":\"0\",\"deptCheckStrictly\":true,\"flag\":false,\"menuCheckStrictly\":true,\"menuIds\":[1,107,1035],\"params\":{},\"remark\":\"普通角色\",\"roleId\":2,\"roleKey\":\"common\",\"roleName\":\"用户\",\"roleSort\":2,\"status\":\"0\",\"updateBy\":\"admin\"}', '{\"msg\":\"操作成功\",\"code\":200}', 0, NULL, '2024-05-14 10:57:06', 120);
INSERT INTO `sys_oper_log` VALUES (101, '菜单管理', 2, 'com.main.web.controller.system.SysMenuController.edit()', 'PUT', 1, 'admin', '研发部门', '/system/menu', '127.0.0.1', '内网IP', '{\"children\":[],\"createTime\":\"2024-05-14 09:57:47\",\"icon\":\"guide\",\"isCache\":\"0\",\"isFrame\":\"0\",\"menuId\":4,\"menuName\":\"若依官网\",\"menuType\":\"M\",\"orderNum\":4,\"params\":{},\"parentId\":0,\"path\":\"http://ruoyi.vip\",\"perms\":\"\",\"query\":\"\",\"status\":\"1\",\"updateBy\":\"admin\",\"visible\":\"1\"}', '{\"msg\":\"操作成功\",\"code\":200}', 0, NULL, '2024-05-14 10:57:20', 11);
INSERT INTO `sys_oper_log` VALUES (102, '菜单管理', 3, 'com.main.web.controller.system.SysMenuController.remove()', 'DELETE', 1, 'admin', '研发部门', '/system/menu/4', '127.0.0.1', '内网IP', '{}', '{\"msg\":\"操作成功\",\"code\":200}', 0, NULL, '2024-05-14 10:57:24', 17);
INSERT INTO `sys_oper_log` VALUES (103, '个人信息', 2, 'com.main.web.controller.system.SysProfileController.updatePwd()', 'PUT', 1, 'admin', '研发部门', '/system/user/profile/updatePwd', '127.0.0.1', '内网IP', '{}', '{\"msg\":\"修改密码失败，旧密码错误\",\"code\":500}', 0, NULL, '2024-05-14 10:57:45', 71);
INSERT INTO `sys_oper_log` VALUES (104, '个人信息', 2, 'com.main.web.controller.system.SysProfileController.updatePwd()', 'PUT', 1, 'admin', '研发部门', '/system/user/profile/updatePwd', '127.0.0.1', '内网IP', '{}', '{\"msg\":\"修改密码失败，旧密码错误\",\"code\":500}', 0, NULL, '2024-05-14 10:57:50', 66);
INSERT INTO `sys_oper_log` VALUES (105, '个人信息', 2, 'com.main.web.controller.system.SysProfileController.updatePwd()', 'PUT', 1, 'admin', '研发部门', '/system/user/profile/updatePwd', '127.0.0.1', '内网IP', '{}', '{\"msg\":\"修改密码失败，旧密码错误\",\"code\":500}', 0, NULL, '2024-05-14 10:58:04', 67);
INSERT INTO `sys_oper_log` VALUES (106, '个人信息', 2, 'com.main.web.controller.system.SysProfileController.updatePwd()', 'PUT', 1, 'admin', '研发部门', '/system/user/profile/updatePwd', '127.0.0.1', '内网IP', '{}', '{\"msg\":\"新密码不能与旧密码相同\",\"code\":500}', 0, NULL, '2024-05-14 10:58:11', 134);
INSERT INTO `sys_oper_log` VALUES (107, '字典类型', 1, 'com.main.web.controller.system.SysDictTypeController.add()', 'POST', 1, 'admin', '研发部门', '/system/dict/type', '127.0.0.1', '内网IP', '{\"createBy\":\"admin\",\"dictName\":\"诗词朝代\",\"dictType\":\"biz_poetry_dynasty\",\"params\":{},\"remark\":\"诗词朝代列表\",\"status\":\"0\"}', '{\"msg\":\"操作成功\",\"code\":200}', 0, NULL, '2024-05-14 11:26:51', 10);
INSERT INTO `sys_oper_log` VALUES (108, '字典数据', 1, 'com.main.web.controller.system.SysDictDataController.add()', 'POST', 1, 'admin', '研发部门', '/system/dict/data', '127.0.0.1', '内网IP', '{\"createBy\":\"admin\",\"default\":false,\"dictLabel\":\"先秦\",\"dictSort\":0,\"dictType\":\"biz_poetry_dynasty\",\"dictValue\":\"0\",\"listClass\":\"default\",\"params\":{},\"remark\":\"先秦\",\"status\":\"0\"}', '{\"msg\":\"操作成功\",\"code\":200}', 0, NULL, '2024-05-14 11:27:41', 9);
INSERT INTO `sys_oper_log` VALUES (109, '字典数据', 1, 'com.main.web.controller.system.SysDictDataController.add()', 'POST', 1, 'admin', '研发部门', '/system/dict/data', '127.0.0.1', '内网IP', '{\"createBy\":\"admin\",\"default\":false,\"dictLabel\":\"两汉\",\"dictSort\":1,\"dictType\":\"biz_poetry_dynasty\",\"dictValue\":\"1\",\"listClass\":\"default\",\"params\":{},\"remark\":\"两汉\",\"status\":\"0\"}', '{\"msg\":\"操作成功\",\"code\":200}', 0, NULL, '2024-05-14 11:27:55', 6);
INSERT INTO `sys_oper_log` VALUES (110, '字典数据', 1, 'com.main.web.controller.system.SysDictDataController.add()', 'POST', 1, 'admin', '研发部门', '/system/dict/data', '127.0.0.1', '内网IP', '{\"createBy\":\"admin\",\"default\":false,\"dictLabel\":\"魏晋\",\"dictSort\":2,\"dictType\":\"biz_poetry_dynasty\",\"dictValue\":\"2\",\"listClass\":\"default\",\"params\":{},\"remark\":\"魏晋\",\"status\":\"0\"}', '{\"msg\":\"操作成功\",\"code\":200}', 0, NULL, '2024-05-14 11:28:16', 16);
INSERT INTO `sys_oper_log` VALUES (111, '字典数据', 1, 'com.main.web.controller.system.SysDictDataController.add()', 'POST', 1, 'admin', '研发部门', '/system/dict/data', '127.0.0.1', '内网IP', '{\"createBy\":\"admin\",\"default\":false,\"dictLabel\":\"南北朝\",\"dictSort\":3,\"dictType\":\"biz_poetry_dynasty\",\"dictValue\":\"3\",\"listClass\":\"default\",\"params\":{},\"remark\":\"南北朝\",\"status\":\"0\"}', '{\"msg\":\"操作成功\",\"code\":200}', 0, NULL, '2024-05-14 11:28:35', 7);
INSERT INTO `sys_oper_log` VALUES (112, '字典数据', 1, 'com.main.web.controller.system.SysDictDataController.add()', 'POST', 1, 'admin', '研发部门', '/system/dict/data', '127.0.0.1', '内网IP', '{\"createBy\":\"admin\",\"default\":false,\"dictLabel\":\"唐\",\"dictSort\":4,\"dictType\":\"biz_poetry_dynasty\",\"dictValue\":\"4\",\"listClass\":\"default\",\"params\":{},\"remark\":\"唐\",\"status\":\"0\"}', '{\"msg\":\"操作成功\",\"code\":200}', 0, NULL, '2024-05-14 11:28:52', 7);
INSERT INTO `sys_oper_log` VALUES (113, '字典数据', 1, 'com.main.web.controller.system.SysDictDataController.add()', 'POST', 1, 'admin', '研发部门', '/system/dict/data', '127.0.0.1', '内网IP', '{\"createBy\":\"admin\",\"default\":false,\"dictLabel\":\"宋\",\"dictSort\":5,\"dictType\":\"biz_poetry_dynasty\",\"dictValue\":\"5\",\"listClass\":\"default\",\"params\":{},\"remark\":\"宋\",\"status\":\"0\"}', '{\"msg\":\"操作成功\",\"code\":200}', 0, NULL, '2024-05-14 11:29:07', 6);
INSERT INTO `sys_oper_log` VALUES (114, '字典数据', 1, 'com.main.web.controller.system.SysDictDataController.add()', 'POST', 1, 'admin', '研发部门', '/system/dict/data', '127.0.0.1', '内网IP', '{\"createBy\":\"admin\",\"default\":false,\"dictLabel\":\"元\",\"dictSort\":5,\"dictType\":\"biz_poetry_dynasty\",\"dictValue\":\"6\",\"listClass\":\"default\",\"params\":{},\"remark\":\"元\",\"status\":\"0\"}', '{\"msg\":\"操作成功\",\"code\":200}', 0, NULL, '2024-05-14 11:29:23', 7);
INSERT INTO `sys_oper_log` VALUES (115, '字典数据', 2, 'com.main.web.controller.system.SysDictDataController.edit()', 'PUT', 1, 'admin', '研发部门', '/system/dict/data', '127.0.0.1', '内网IP', '{\"createBy\":\"admin\",\"createTime\":\"2024-05-14 11:29:23\",\"default\":false,\"dictCode\":106,\"dictLabel\":\"元\",\"dictSort\":6,\"dictType\":\"biz_poetry_dynasty\",\"dictValue\":\"6\",\"isDefault\":\"N\",\"listClass\":\"default\",\"params\":{},\"remark\":\"元\",\"status\":\"0\",\"updateBy\":\"admin\"}', '{\"msg\":\"操作成功\",\"code\":200}', 0, NULL, '2024-05-14 11:29:29', 8);
INSERT INTO `sys_oper_log` VALUES (116, '字典数据', 1, 'com.main.web.controller.system.SysDictDataController.add()', 'POST', 1, 'admin', '研发部门', '/system/dict/data', '127.0.0.1', '内网IP', '{\"createBy\":\"admin\",\"default\":false,\"dictLabel\":\"明\",\"dictSort\":7,\"dictType\":\"biz_poetry_dynasty\",\"dictValue\":\"7\",\"listClass\":\"default\",\"params\":{},\"remark\":\"明\",\"status\":\"0\"}', '{\"msg\":\"操作成功\",\"code\":200}', 0, NULL, '2024-05-14 11:29:42', 7);
INSERT INTO `sys_oper_log` VALUES (117, '字典数据', 1, 'com.main.web.controller.system.SysDictDataController.add()', 'POST', 1, 'admin', '研发部门', '/system/dict/data', '127.0.0.1', '内网IP', '{\"createBy\":\"admin\",\"default\":false,\"dictLabel\":\"清\",\"dictSort\":8,\"dictType\":\"biz_poetry_dynasty\",\"dictValue\":\"8\",\"listClass\":\"default\",\"params\":{},\"remark\":\"清\",\"status\":\"0\"}', '{\"msg\":\"操作成功\",\"code\":200}', 0, NULL, '2024-05-14 11:30:12', 17);
INSERT INTO `sys_oper_log` VALUES (118, '字典数据', 1, 'com.main.web.controller.system.SysDictDataController.add()', 'POST', 1, 'admin', '研发部门', '/system/dict/data', '127.0.0.1', '内网IP', '{\"createBy\":\"admin\",\"default\":false,\"dictLabel\":\"民国\",\"dictSort\":9,\"dictType\":\"biz_poetry_dynasty\",\"dictValue\":\"9\",\"listClass\":\"default\",\"params\":{},\"remark\":\"民国\",\"status\":\"0\"}', '{\"msg\":\"操作成功\",\"code\":200}', 0, NULL, '2024-05-14 11:30:38', 7);
INSERT INTO `sys_oper_log` VALUES (119, '字典数据', 1, 'com.main.web.controller.system.SysDictDataController.add()', 'POST', 1, 'admin', '研发部门', '/system/dict/data', '127.0.0.1', '内网IP', '{\"createBy\":\"admin\",\"default\":false,\"dictLabel\":\"现代\",\"dictSort\":10,\"dictType\":\"biz_poetry_dynasty\",\"dictValue\":\"10\",\"listClass\":\"default\",\"params\":{},\"remark\":\"现代\",\"status\":\"0\"}', '{\"msg\":\"操作成功\",\"code\":200}', 0, NULL, '2024-05-14 11:30:50', 8);
INSERT INTO `sys_oper_log` VALUES (120, '字典数据', 1, 'com.main.web.controller.system.SysDictDataController.add()', 'POST', 1, 'admin', '研发部门', '/system/dict/data', '127.0.0.1', '内网IP', '{\"createBy\":\"admin\",\"default\":false,\"dictLabel\":\"外国\",\"dictSort\":11,\"dictType\":\"biz_poetry_dynasty\",\"dictValue\":\"11\",\"listClass\":\"default\",\"params\":{},\"remark\":\"外国\",\"status\":\"0\"}', '{\"msg\":\"操作成功\",\"code\":200}', 0, NULL, '2024-05-14 11:31:51', 19);
INSERT INTO `sys_oper_log` VALUES (121, '字典类型', 1, 'com.main.web.controller.system.SysDictTypeController.add()', 'POST', 1, 'admin', '研发部门', '/system/dict/type', '127.0.0.1', '内网IP', '{\"createBy\":\"admin\",\"dictName\":\"帖子状态\",\"dictType\":\"bie_posts_status\",\"params\":{},\"remark\":\"帖子状态列表\",\"status\":\"0\"}', '{\"msg\":\"操作成功\",\"code\":200}', 0, NULL, '2024-05-14 11:34:20', 7);
INSERT INTO `sys_oper_log` VALUES (122, '字典类型', 2, 'com.main.web.controller.system.SysDictTypeController.edit()', 'PUT', 1, 'admin', '研发部门', '/system/dict/type', '127.0.0.1', '内网IP', '{\"createBy\":\"admin\",\"createTime\":\"2024-05-14 11:34:20\",\"dictId\":101,\"dictName\":\"帖子状态\",\"dictType\":\"biz_posts_status\",\"params\":{},\"remark\":\"帖子状态列表\",\"status\":\"0\",\"updateBy\":\"admin\"}', '{\"msg\":\"操作成功\",\"code\":200}', 0, NULL, '2024-05-14 11:34:31', 22);
INSERT INTO `sys_oper_log` VALUES (123, '字典数据', 1, 'com.main.web.controller.system.SysDictDataController.add()', 'POST', 1, 'admin', '研发部门', '/system/dict/data', '127.0.0.1', '内网IP', '{\"createBy\":\"admin\",\"default\":false,\"dictLabel\":\"正常\",\"dictSort\":0,\"dictType\":\"bie_posts_status\",\"dictValue\":\"0\",\"listClass\":\"success\",\"params\":{},\"remark\":\"正常\",\"status\":\"0\"}', '{\"msg\":\"操作成功\",\"code\":200}', 0, NULL, '2024-05-14 11:34:56', 17);
INSERT INTO `sys_oper_log` VALUES (124, '字典数据', 1, 'com.main.web.controller.system.SysDictDataController.add()', 'POST', 1, 'admin', '研发部门', '/system/dict/data', '127.0.0.1', '内网IP', '{\"createBy\":\"admin\",\"default\":false,\"dictLabel\":\"隐藏\",\"dictSort\":1,\"dictType\":\"bie_posts_status\",\"dictValue\":\"1\",\"listClass\":\"warning\",\"params\":{},\"remark\":\"隐藏\",\"status\":\"0\"}', '{\"msg\":\"操作成功\",\"code\":200}', 0, NULL, '2024-05-14 11:35:17', 6);
INSERT INTO `sys_oper_log` VALUES (125, '代码生成', 6, 'com.main.generator.controller.GenController.importTableSave()', 'POST', 1, 'admin', '研发部门', '/tool/gen/importTable', '127.0.0.1', '内网IP', '{\"tables\":\"biz_posts_browse,biz_posts,biz_poetry_comment,biz_poetry,biz_poetry_favorite\"}', '{\"msg\":\"操作成功\",\"code\":200}', 0, NULL, '2024-05-14 11:36:40', 104);
INSERT INTO `sys_oper_log` VALUES (126, '代码生成', 2, 'com.main.generator.controller.GenController.editSave()', 'PUT', 1, 'admin', '研发部门', '/tool/gen', '127.0.0.1', '内网IP', '{\"businessName\":\"poetry\",\"className\":\"BizPoetry\",\"columns\":[{\"capJavaField\":\"Id\",\"columnComment\":\"主键ID\",\"columnId\":1,\"columnName\":\"id\",\"columnType\":\"bigint\",\"createBy\":\"admin\",\"createTime\":\"2024-05-14 11:36:40\",\"dictType\":\"\",\"edit\":false,\"htmlType\":\"input\",\"increment\":true,\"insert\":true,\"isIncrement\":\"1\",\"isInsert\":\"1\",\"isPk\":\"1\",\"isRequired\":\"0\",\"javaField\":\"id\",\"javaType\":\"Long\",\"list\":false,\"params\":{},\"pk\":true,\"query\":false,\"queryType\":\"EQ\",\"required\":false,\"sort\":1,\"superColumn\":false,\"tableId\":1,\"updateBy\":\"\",\"usableColumn\":false},{\"capJavaField\":\"Title\",\"columnComment\":\"标题\",\"columnId\":2,\"columnName\":\"title\",\"columnType\":\"varchar(50)\",\"createBy\":\"admin\",\"createTime\":\"2024-05-14 11:36:40\",\"dictType\":\"\",\"edit\":true,\"htmlType\":\"textarea\",\"increment\":false,\"insert\":true,\"isEdit\":\"1\",\"isIncrement\":\"0\",\"isInsert\":\"1\",\"isList\":\"1\",\"isPk\":\"0\",\"isQuery\":\"1\",\"isRequired\":\"1\",\"javaField\":\"title\",\"javaType\":\"String\",\"list\":true,\"params\":{},\"pk\":false,\"query\":true,\"queryType\":\"EQ\",\"required\":true,\"sort\":2,\"superColumn\":false,\"tableId\":1,\"updateBy\":\"\",\"usableColumn\":false},{\"capJavaField\":\"Content\",\"columnComment\":\"内容\",\"columnId\":3,\"columnName\":\"content\",\"columnType\":\"longtext\",\"createBy\":\"admin\",\"createTime\":\"2024-05-14 11:36:40\",\"dictType\":\"\",\"edit\":true,\"htmlType\":\"editor\",\"increment\":false,\"insert\":true,\"isEdit\":\"1\",\"isIncrement\":\"0\",\"isInsert\":\"1\",\"isList\":\"1\",\"isPk\":\"0\",\"isQuery\":\"1\",\"isRequired\":\"1\",\"javaField\":\"content\",\"javaType\":\"String\",\"list\":true,\"params\":{},\"pk\":false,\"query\":true,\"queryType\":\"EQ\",\"required\":true,\"sort\":3,\"superColumn\":false,\"tableId\":1,\"updateBy\":\"\",\"usableColumn\":false},{\"capJavaField\":\"Author\",\"columnComment\":\"作者\",\"columnId\":4,\"columnName\":\"author\",\"columnType\":\"varchar(50)\",\"createBy\":\"admin\",\"createTime\":\"2024-05-14 11:36:40\",\"dictType\":\"\",\"edit\":true,\"htmlType\":\"input\",\"increment\":false,\"insert\":true,\"isEdit\":\"1\",\"isIncrement\":\"0\",\"isInsert\":\"1\",\"isList\":\"1\",\"isPk\":\"0\",\"isQuery\":\"1\",\"isRequired\":\"1\",\"javaField\":\"author\",\"javaType\":\"Stri', '{\"msg\":\"操作成功\",\"code\":200}', 0, NULL, '2024-05-14 11:37:40', 30);
INSERT INTO `sys_oper_log` VALUES (127, '代码生成', 2, 'com.main.generator.controller.GenController.editSave()', 'PUT', 1, 'admin', '研发部门', '/tool/gen', '127.0.0.1', '内网IP', '{\"businessName\":\"poetry\",\"className\":\"BizPoetry\",\"columns\":[{\"capJavaField\":\"Id\",\"columnComment\":\"主键ID\",\"columnId\":1,\"columnName\":\"id\",\"columnType\":\"bigint\",\"createBy\":\"admin\",\"createTime\":\"2024-05-14 11:36:40\",\"dictType\":\"\",\"edit\":false,\"htmlType\":\"input\",\"increment\":true,\"insert\":true,\"isIncrement\":\"1\",\"isInsert\":\"1\",\"isPk\":\"1\",\"isRequired\":\"0\",\"javaField\":\"id\",\"javaType\":\"Long\",\"list\":false,\"params\":{},\"pk\":true,\"query\":false,\"queryType\":\"EQ\",\"required\":false,\"sort\":1,\"superColumn\":false,\"tableId\":1,\"updateBy\":\"\",\"updateTime\":\"2024-05-14 11:37:40\",\"usableColumn\":false},{\"capJavaField\":\"Title\",\"columnComment\":\"标题\",\"columnId\":2,\"columnName\":\"title\",\"columnType\":\"varchar(50)\",\"createBy\":\"admin\",\"createTime\":\"2024-05-14 11:36:40\",\"dictType\":\"\",\"edit\":true,\"htmlType\":\"textarea\",\"increment\":false,\"insert\":true,\"isEdit\":\"1\",\"isIncrement\":\"0\",\"isInsert\":\"1\",\"isList\":\"1\",\"isPk\":\"0\",\"isQuery\":\"1\",\"isRequired\":\"1\",\"javaField\":\"title\",\"javaType\":\"String\",\"list\":true,\"params\":{},\"pk\":false,\"query\":true,\"queryType\":\"EQ\",\"required\":true,\"sort\":2,\"superColumn\":false,\"tableId\":1,\"updateBy\":\"\",\"updateTime\":\"2024-05-14 11:37:40\",\"usableColumn\":false},{\"capJavaField\":\"Content\",\"columnComment\":\"内容\",\"columnId\":3,\"columnName\":\"content\",\"columnType\":\"longtext\",\"createBy\":\"admin\",\"createTime\":\"2024-05-14 11:36:40\",\"dictType\":\"\",\"edit\":true,\"htmlType\":\"editor\",\"increment\":false,\"insert\":true,\"isEdit\":\"1\",\"isIncrement\":\"0\",\"isInsert\":\"1\",\"isList\":\"1\",\"isPk\":\"0\",\"isQuery\":\"1\",\"isRequired\":\"1\",\"javaField\":\"content\",\"javaType\":\"String\",\"list\":true,\"params\":{},\"pk\":false,\"query\":true,\"queryType\":\"EQ\",\"required\":true,\"sort\":3,\"superColumn\":false,\"tableId\":1,\"updateBy\":\"\",\"updateTime\":\"2024-05-14 11:37:40\",\"usableColumn\":false},{\"capJavaField\":\"Author\",\"columnComment\":\"作者\",\"columnId\":4,\"columnName\":\"author\",\"columnType\":\"varchar(50)\",\"createBy\":\"admin\",\"createTime\":\"2024-05-14 11:36:40\",\"dictType\":\"\",\"edit\":true,\"htmlType\":\"input\",\"increment\":false,\"insert\":true,\"isEdit\":\"1\",\"isIncrement\":\"0\",\"i', '{\"msg\":\"操作成功\",\"code\":200}', 0, NULL, '2024-05-14 11:40:05', 23);
INSERT INTO `sys_oper_log` VALUES (128, '代码生成', 2, 'com.main.generator.controller.GenController.editSave()', 'PUT', 1, 'admin', '研发部门', '/tool/gen', '127.0.0.1', '内网IP', '{\"businessName\":\"comment\",\"className\":\"BizPoetryComment\",\"columns\":[{\"capJavaField\":\"Id\",\"columnComment\":\"主键ID\",\"columnId\":15,\"columnName\":\"id\",\"columnType\":\"bigint\",\"createBy\":\"admin\",\"createTime\":\"2024-05-14 11:36:40\",\"dictType\":\"\",\"edit\":false,\"htmlType\":\"input\",\"increment\":true,\"insert\":true,\"isIncrement\":\"1\",\"isInsert\":\"1\",\"isPk\":\"1\",\"isRequired\":\"0\",\"javaField\":\"id\",\"javaType\":\"Long\",\"list\":false,\"params\":{},\"pk\":true,\"query\":false,\"queryType\":\"EQ\",\"required\":false,\"sort\":1,\"superColumn\":false,\"tableId\":2,\"updateBy\":\"\",\"usableColumn\":false},{\"capJavaField\":\"Content\",\"columnComment\":\"内容\",\"columnId\":16,\"columnName\":\"content\",\"columnType\":\"longtext\",\"createBy\":\"admin\",\"createTime\":\"2024-05-14 11:36:40\",\"dictType\":\"\",\"edit\":true,\"htmlType\":\"editor\",\"increment\":false,\"insert\":true,\"isEdit\":\"1\",\"isIncrement\":\"0\",\"isInsert\":\"1\",\"isList\":\"1\",\"isPk\":\"0\",\"isQuery\":\"1\",\"isRequired\":\"1\",\"javaField\":\"content\",\"javaType\":\"String\",\"list\":true,\"params\":{},\"pk\":false,\"query\":true,\"queryType\":\"LIKE\",\"required\":true,\"sort\":2,\"superColumn\":false,\"tableId\":2,\"updateBy\":\"\",\"usableColumn\":false},{\"capJavaField\":\"PoetryId\",\"columnComment\":\"诗词ID\",\"columnId\":17,\"columnName\":\"poetry_id\",\"columnType\":\"bigint\",\"createBy\":\"admin\",\"createTime\":\"2024-05-14 11:36:40\",\"dictType\":\"\",\"edit\":false,\"htmlType\":\"input\",\"increment\":false,\"insert\":true,\"isEdit\":\"0\",\"isIncrement\":\"0\",\"isInsert\":\"1\",\"isList\":\"1\",\"isPk\":\"0\",\"isQuery\":\"1\",\"isRequired\":\"1\",\"javaField\":\"poetryId\",\"javaType\":\"Long\",\"list\":true,\"params\":{},\"pk\":false,\"query\":true,\"queryType\":\"EQ\",\"required\":true,\"sort\":3,\"superColumn\":false,\"tableId\":2,\"updateBy\":\"\",\"usableColumn\":false},{\"capJavaField\":\"UserId\",\"columnComment\":\"用户ID\",\"columnId\":18,\"columnName\":\"user_id\",\"columnType\":\"bigint\",\"createBy\":\"admin\",\"createTime\":\"2024-05-14 11:36:40\",\"dictType\":\"\",\"edit\":false,\"htmlType\":\"input\",\"increment\":false,\"insert\":true,\"isEdit\":\"0\",\"isIncrement\":\"0\",\"isInsert\":\"1\",\"isList\":\"1\",\"isPk\":\"0\",\"isQuery\":\"1\",\"isRequired\":\"1\",\"javaField\":\"userId\",', '{\"msg\":\"操作成功\",\"code\":200}', 0, NULL, '2024-05-14 11:43:46', 25);
INSERT INTO `sys_oper_log` VALUES (129, '代码生成', 2, 'com.main.generator.controller.GenController.editSave()', 'PUT', 1, 'admin', '研发部门', '/tool/gen', '127.0.0.1', '内网IP', '{\"businessName\":\"poetry\",\"className\":\"BizPoetry\",\"columns\":[{\"capJavaField\":\"Id\",\"columnComment\":\"主键ID\",\"columnId\":1,\"columnName\":\"id\",\"columnType\":\"bigint\",\"createBy\":\"admin\",\"createTime\":\"2024-05-14 11:36:40\",\"dictType\":\"\",\"edit\":false,\"htmlType\":\"input\",\"increment\":true,\"insert\":true,\"isIncrement\":\"1\",\"isInsert\":\"1\",\"isPk\":\"1\",\"isRequired\":\"0\",\"javaField\":\"id\",\"javaType\":\"Long\",\"list\":false,\"params\":{},\"pk\":true,\"query\":false,\"queryType\":\"EQ\",\"required\":false,\"sort\":1,\"superColumn\":false,\"tableId\":1,\"updateBy\":\"\",\"updateTime\":\"2024-05-14 11:40:05\",\"usableColumn\":false},{\"capJavaField\":\"Title\",\"columnComment\":\"标题\",\"columnId\":2,\"columnName\":\"title\",\"columnType\":\"varchar(50)\",\"createBy\":\"admin\",\"createTime\":\"2024-05-14 11:36:40\",\"dictType\":\"\",\"edit\":true,\"htmlType\":\"textarea\",\"increment\":false,\"insert\":true,\"isEdit\":\"1\",\"isIncrement\":\"0\",\"isInsert\":\"1\",\"isList\":\"1\",\"isPk\":\"0\",\"isQuery\":\"1\",\"isRequired\":\"1\",\"javaField\":\"title\",\"javaType\":\"String\",\"list\":true,\"params\":{},\"pk\":false,\"query\":true,\"queryType\":\"EQ\",\"required\":true,\"sort\":2,\"superColumn\":false,\"tableId\":1,\"updateBy\":\"\",\"updateTime\":\"2024-05-14 11:40:05\",\"usableColumn\":false},{\"capJavaField\":\"Content\",\"columnComment\":\"内容\",\"columnId\":3,\"columnName\":\"content\",\"columnType\":\"longtext\",\"createBy\":\"admin\",\"createTime\":\"2024-05-14 11:36:40\",\"dictType\":\"\",\"edit\":true,\"htmlType\":\"editor\",\"increment\":false,\"insert\":true,\"isEdit\":\"1\",\"isIncrement\":\"0\",\"isInsert\":\"1\",\"isList\":\"1\",\"isPk\":\"0\",\"isQuery\":\"1\",\"isRequired\":\"1\",\"javaField\":\"content\",\"javaType\":\"String\",\"list\":true,\"params\":{},\"pk\":false,\"query\":true,\"queryType\":\"EQ\",\"required\":true,\"sort\":3,\"superColumn\":false,\"tableId\":1,\"updateBy\":\"\",\"updateTime\":\"2024-05-14 11:40:05\",\"usableColumn\":false},{\"capJavaField\":\"Author\",\"columnComment\":\"作者\",\"columnId\":4,\"columnName\":\"author\",\"columnType\":\"varchar(50)\",\"createBy\":\"admin\",\"createTime\":\"2024-05-14 11:36:40\",\"dictType\":\"\",\"edit\":true,\"htmlType\":\"input\",\"increment\":false,\"insert\":true,\"isEdit\":\"1\",\"isIncrement\":\"0\",\"i', '{\"msg\":\"操作成功\",\"code\":200}', 0, NULL, '2024-05-14 11:44:20', 17);
INSERT INTO `sys_oper_log` VALUES (130, '代码生成', 2, 'com.main.generator.controller.GenController.editSave()', 'PUT', 1, 'admin', '研发部门', '/tool/gen', '127.0.0.1', '内网IP', '{\"businessName\":\"favorite\",\"className\":\"BizPoetryFavorite\",\"columns\":[{\"capJavaField\":\"Id\",\"columnComment\":\"主键ID\",\"columnId\":24,\"columnName\":\"id\",\"columnType\":\"bigint\",\"createBy\":\"admin\",\"createTime\":\"2024-05-14 11:36:40\",\"dictType\":\"\",\"edit\":false,\"htmlType\":\"input\",\"increment\":true,\"insert\":true,\"isIncrement\":\"1\",\"isInsert\":\"1\",\"isPk\":\"1\",\"isRequired\":\"0\",\"javaField\":\"id\",\"javaType\":\"Long\",\"list\":false,\"params\":{},\"pk\":true,\"query\":false,\"queryType\":\"EQ\",\"required\":false,\"sort\":1,\"superColumn\":false,\"tableId\":3,\"updateBy\":\"\",\"usableColumn\":false},{\"capJavaField\":\"PoetryId\",\"columnComment\":\"诗词ID\",\"columnId\":25,\"columnName\":\"poetry_id\",\"columnType\":\"bigint\",\"createBy\":\"admin\",\"createTime\":\"2024-05-14 11:36:40\",\"dictType\":\"\",\"edit\":false,\"htmlType\":\"input\",\"increment\":false,\"insert\":true,\"isEdit\":\"0\",\"isIncrement\":\"0\",\"isInsert\":\"1\",\"isList\":\"1\",\"isPk\":\"0\",\"isQuery\":\"1\",\"isRequired\":\"1\",\"javaField\":\"poetryId\",\"javaType\":\"Long\",\"list\":true,\"params\":{},\"pk\":false,\"query\":true,\"queryType\":\"EQ\",\"required\":true,\"sort\":2,\"superColumn\":false,\"tableId\":3,\"updateBy\":\"\",\"usableColumn\":false},{\"capJavaField\":\"UserId\",\"columnComment\":\"用户ID\",\"columnId\":26,\"columnName\":\"user_id\",\"columnType\":\"bigint\",\"createBy\":\"admin\",\"createTime\":\"2024-05-14 11:36:40\",\"dictType\":\"\",\"edit\":false,\"htmlType\":\"input\",\"increment\":false,\"insert\":true,\"isEdit\":\"0\",\"isIncrement\":\"0\",\"isInsert\":\"1\",\"isList\":\"1\",\"isPk\":\"0\",\"isQuery\":\"1\",\"isRequired\":\"1\",\"javaField\":\"userId\",\"javaType\":\"Long\",\"list\":true,\"params\":{},\"pk\":false,\"query\":true,\"queryType\":\"EQ\",\"required\":true,\"sort\":3,\"superColumn\":false,\"tableId\":3,\"updateBy\":\"\",\"usableColumn\":false},{\"capJavaField\":\"CreateBy\",\"columnComment\":\"创建者\",\"columnId\":27,\"columnName\":\"create_by\",\"columnType\":\"varchar(64)\",\"createBy\":\"admin\",\"createTime\":\"2024-05-14 11:36:40\",\"dictType\":\"\",\"edit\":false,\"htmlType\":\"input\",\"increment\":false,\"insert\":true,\"isIncrement\":\"0\",\"isInsert\":\"1\",\"isPk\":\"0\",\"isRequired\":\"1\",\"javaField\":\"createBy\",\"javaType\":\"String\",\"list\":false,\"', '{\"msg\":\"操作成功\",\"code\":200}', 0, NULL, '2024-05-14 11:44:52', 21);
INSERT INTO `sys_oper_log` VALUES (131, '代码生成', 2, 'com.main.generator.controller.GenController.editSave()', 'PUT', 1, 'admin', '研发部门', '/tool/gen', '127.0.0.1', '内网IP', '{\"businessName\":\"posts\",\"className\":\"BizPosts\",\"columns\":[{\"capJavaField\":\"Id\",\"columnComment\":\"主键ID\",\"columnId\":29,\"columnName\":\"id\",\"columnType\":\"bigint\",\"createBy\":\"admin\",\"createTime\":\"2024-05-14 11:36:40\",\"dictType\":\"\",\"edit\":false,\"htmlType\":\"input\",\"increment\":true,\"insert\":true,\"isIncrement\":\"1\",\"isInsert\":\"1\",\"isPk\":\"1\",\"isQuery\":\"1\",\"isRequired\":\"0\",\"javaField\":\"id\",\"javaType\":\"Long\",\"list\":false,\"params\":{},\"pk\":true,\"query\":true,\"queryType\":\"EQ\",\"required\":false,\"sort\":1,\"superColumn\":false,\"tableId\":4,\"updateBy\":\"\",\"usableColumn\":false},{\"capJavaField\":\"UserId\",\"columnComment\":\"用户ID\",\"columnId\":30,\"columnName\":\"user_id\",\"columnType\":\"bigint\",\"createBy\":\"admin\",\"createTime\":\"2024-05-14 11:36:40\",\"dictType\":\"\",\"edit\":false,\"htmlType\":\"input\",\"increment\":false,\"insert\":true,\"isEdit\":\"0\",\"isIncrement\":\"0\",\"isInsert\":\"1\",\"isList\":\"1\",\"isPk\":\"0\",\"isQuery\":\"1\",\"isRequired\":\"1\",\"javaField\":\"userId\",\"javaType\":\"Long\",\"list\":true,\"params\":{},\"pk\":false,\"query\":true,\"queryType\":\"EQ\",\"required\":true,\"sort\":2,\"superColumn\":false,\"tableId\":4,\"updateBy\":\"\",\"usableColumn\":false},{\"capJavaField\":\"Title\",\"columnComment\":\"标题\",\"columnId\":31,\"columnName\":\"title\",\"columnType\":\"varchar(50)\",\"createBy\":\"admin\",\"createTime\":\"2024-05-14 11:36:40\",\"dictType\":\"\",\"edit\":true,\"htmlType\":\"textarea\",\"increment\":false,\"insert\":true,\"isEdit\":\"1\",\"isIncrement\":\"0\",\"isInsert\":\"1\",\"isList\":\"1\",\"isPk\":\"0\",\"isQuery\":\"1\",\"isRequired\":\"1\",\"javaField\":\"title\",\"javaType\":\"String\",\"list\":true,\"params\":{},\"pk\":false,\"query\":true,\"queryType\":\"LIKE\",\"required\":true,\"sort\":3,\"superColumn\":false,\"tableId\":4,\"updateBy\":\"\",\"usableColumn\":false},{\"capJavaField\":\"Content\",\"columnComment\":\"内容\",\"columnId\":32,\"columnName\":\"content\",\"columnType\":\"longtext\",\"createBy\":\"admin\",\"createTime\":\"2024-05-14 11:36:40\",\"dictType\":\"\",\"edit\":true,\"htmlType\":\"editor\",\"increment\":false,\"insert\":true,\"isEdit\":\"1\",\"isIncrement\":\"0\",\"isInsert\":\"1\",\"isList\":\"1\",\"isPk\":\"0\",\"isQuery\":\"1\",\"isRequired\":\"1\",\"javaField\":\"content\",\"j', '{\"msg\":\"操作成功\",\"code\":200}', 0, NULL, '2024-05-14 11:46:35', 26);
INSERT INTO `sys_oper_log` VALUES (132, '代码生成', 2, 'com.main.generator.controller.GenController.editSave()', 'PUT', 1, 'admin', '研发部门', '/tool/gen', '127.0.0.1', '内网IP', '{\"businessName\":\"posts\",\"className\":\"BizPosts\",\"columns\":[{\"capJavaField\":\"Id\",\"columnComment\":\"主键ID\",\"columnId\":29,\"columnName\":\"id\",\"columnType\":\"bigint\",\"createBy\":\"admin\",\"createTime\":\"2024-05-14 11:36:40\",\"dictType\":\"\",\"edit\":false,\"htmlType\":\"input\",\"increment\":true,\"insert\":true,\"isIncrement\":\"1\",\"isInsert\":\"1\",\"isPk\":\"1\",\"isQuery\":\"1\",\"isRequired\":\"0\",\"javaField\":\"id\",\"javaType\":\"Long\",\"list\":false,\"params\":{},\"pk\":true,\"query\":true,\"queryType\":\"EQ\",\"required\":false,\"sort\":1,\"superColumn\":false,\"tableId\":4,\"updateBy\":\"\",\"updateTime\":\"2024-05-14 11:46:35\",\"usableColumn\":false},{\"capJavaField\":\"UserId\",\"columnComment\":\"用户ID\",\"columnId\":30,\"columnName\":\"user_id\",\"columnType\":\"bigint\",\"createBy\":\"admin\",\"createTime\":\"2024-05-14 11:36:40\",\"dictType\":\"\",\"edit\":false,\"htmlType\":\"input\",\"increment\":false,\"insert\":true,\"isEdit\":\"0\",\"isIncrement\":\"0\",\"isInsert\":\"1\",\"isList\":\"1\",\"isPk\":\"0\",\"isQuery\":\"1\",\"isRequired\":\"1\",\"javaField\":\"userId\",\"javaType\":\"Long\",\"list\":true,\"params\":{},\"pk\":false,\"query\":true,\"queryType\":\"EQ\",\"required\":true,\"sort\":2,\"superColumn\":false,\"tableId\":4,\"updateBy\":\"\",\"updateTime\":\"2024-05-14 11:46:35\",\"usableColumn\":false},{\"capJavaField\":\"Title\",\"columnComment\":\"标题\",\"columnId\":31,\"columnName\":\"title\",\"columnType\":\"varchar(50)\",\"createBy\":\"admin\",\"createTime\":\"2024-05-14 11:36:40\",\"dictType\":\"\",\"edit\":true,\"htmlType\":\"textarea\",\"increment\":false,\"insert\":true,\"isEdit\":\"1\",\"isIncrement\":\"0\",\"isInsert\":\"1\",\"isList\":\"1\",\"isPk\":\"0\",\"isQuery\":\"1\",\"isRequired\":\"1\",\"javaField\":\"title\",\"javaType\":\"String\",\"list\":true,\"params\":{},\"pk\":false,\"query\":true,\"queryType\":\"LIKE\",\"required\":true,\"sort\":3,\"superColumn\":false,\"tableId\":4,\"updateBy\":\"\",\"updateTime\":\"2024-05-14 11:46:35\",\"usableColumn\":false},{\"capJavaField\":\"Content\",\"columnComment\":\"内容\",\"columnId\":32,\"columnName\":\"content\",\"columnType\":\"longtext\",\"createBy\":\"admin\",\"createTime\":\"2024-05-14 11:36:40\",\"dictType\":\"\",\"edit\":true,\"htmlType\":\"editor\",\"increment\":false,\"insert\":true,\"isEdit\":\"1\",\"isIncr', '{\"msg\":\"操作成功\",\"code\":200}', 0, NULL, '2024-05-14 11:47:34', 16);
INSERT INTO `sys_oper_log` VALUES (133, '代码生成', 2, 'com.main.generator.controller.GenController.editSave()', 'PUT', 1, 'admin', '研发部门', '/tool/gen', '127.0.0.1', '内网IP', '{\"businessName\":\"browse\",\"className\":\"BizPostsBrowse\",\"columns\":[{\"capJavaField\":\"Id\",\"columnComment\":\"主键ID\",\"columnId\":40,\"columnName\":\"id\",\"columnType\":\"bigint\",\"createBy\":\"admin\",\"createTime\":\"2024-05-14 11:36:40\",\"dictType\":\"\",\"edit\":false,\"htmlType\":\"input\",\"increment\":true,\"insert\":true,\"isIncrement\":\"1\",\"isInsert\":\"1\",\"isPk\":\"1\",\"isRequired\":\"0\",\"javaField\":\"id\",\"javaType\":\"Long\",\"list\":false,\"params\":{},\"pk\":true,\"query\":false,\"queryType\":\"EQ\",\"required\":false,\"sort\":1,\"superColumn\":false,\"tableId\":5,\"updateBy\":\"\",\"usableColumn\":false},{\"capJavaField\":\"PostsId\",\"columnComment\":\"帖子ID\",\"columnId\":41,\"columnName\":\"posts_id\",\"columnType\":\"bigint\",\"createBy\":\"admin\",\"createTime\":\"2024-05-14 11:36:40\",\"dictType\":\"\",\"edit\":false,\"htmlType\":\"input\",\"increment\":false,\"insert\":true,\"isEdit\":\"0\",\"isIncrement\":\"0\",\"isInsert\":\"1\",\"isList\":\"1\",\"isPk\":\"0\",\"isQuery\":\"1\",\"isRequired\":\"1\",\"javaField\":\"postsId\",\"javaType\":\"Long\",\"list\":true,\"params\":{},\"pk\":false,\"query\":true,\"queryType\":\"EQ\",\"required\":true,\"sort\":2,\"superColumn\":false,\"tableId\":5,\"updateBy\":\"\",\"usableColumn\":false},{\"capJavaField\":\"UserId\",\"columnComment\":\"用户ID\",\"columnId\":42,\"columnName\":\"user_id\",\"columnType\":\"bigint\",\"createBy\":\"admin\",\"createTime\":\"2024-05-14 11:36:40\",\"dictType\":\"\",\"edit\":false,\"htmlType\":\"input\",\"increment\":false,\"insert\":true,\"isEdit\":\"0\",\"isIncrement\":\"0\",\"isInsert\":\"1\",\"isList\":\"1\",\"isPk\":\"0\",\"isQuery\":\"1\",\"isRequired\":\"1\",\"javaField\":\"userId\",\"javaType\":\"Long\",\"list\":true,\"params\":{},\"pk\":false,\"query\":true,\"queryType\":\"EQ\",\"required\":true,\"sort\":3,\"superColumn\":false,\"tableId\":5,\"updateBy\":\"\",\"usableColumn\":false},{\"capJavaField\":\"CreateBy\",\"columnComment\":\"创建者\",\"columnId\":43,\"columnName\":\"create_by\",\"columnType\":\"varchar(64)\",\"createBy\":\"admin\",\"createTime\":\"2024-05-14 11:36:40\",\"dictType\":\"\",\"edit\":false,\"htmlType\":\"input\",\"increment\":false,\"insert\":true,\"isIncrement\":\"0\",\"isInsert\":\"1\",\"isPk\":\"0\",\"isRequired\":\"1\",\"javaField\":\"createBy\",\"javaType\":\"String\",\"list\":false,\"params\":', '{\"msg\":\"操作成功\",\"code\":200}', 0, NULL, '2024-05-14 11:48:28', 20);
INSERT INTO `sys_oper_log` VALUES (134, '代码生成', 8, 'com.main.generator.controller.GenController.batchGenCode()', 'GET', 1, 'admin', '研发部门', '/tool/gen/batchGenCode', '127.0.0.1', '内网IP', '{\"tables\":\"biz_poetry,biz_poetry_comment,biz_poetry_favorite,biz_posts,biz_posts_browse\"}', NULL, 0, NULL, '2024-05-14 11:49:16', 417);
INSERT INTO `sys_oper_log` VALUES (135, '菜单管理', 1, 'com.main.web.controller.system.SysMenuController.add()', 'POST', 1, 'admin', '研发部门', '/system/menu', '127.0.0.1', '内网IP', '{\"children\":[],\"createBy\":\"admin\",\"icon\":\"list\",\"isCache\":\"0\",\"isFrame\":\"1\",\"menuName\":\"诗词交流\",\"menuType\":\"M\",\"orderNum\":4,\"params\":{},\"parentId\":0,\"path\":\"biz\",\"status\":\"0\",\"visible\":\"0\"}', '{\"msg\":\"操作成功\",\"code\":200}', 0, NULL, '2024-05-14 11:54:37', 27);
INSERT INTO `sys_oper_log` VALUES (136, '菜单管理', 2, 'com.main.web.controller.system.SysMenuController.edit()', 'PUT', 1, 'admin', '研发部门', '/system/menu', '127.0.0.1', '内网IP', '{\"children\":[],\"component\":\"system/browse/index\",\"createTime\":\"2024-05-14 11:50:40\",\"icon\":\"#\",\"isCache\":\"0\",\"isFrame\":\"1\",\"menuId\":2000,\"menuName\":\"帖子浏览记录\",\"menuType\":\"C\",\"orderNum\":1,\"params\":{},\"parentId\":2030,\"path\":\"browse\",\"perms\":\"system:browse:list\",\"status\":\"0\",\"updateBy\":\"admin\",\"visible\":\"0\"}', '{\"msg\":\"操作成功\",\"code\":200}', 0, NULL, '2024-05-14 11:55:05', 18);
INSERT INTO `sys_oper_log` VALUES (137, '菜单管理', 2, 'com.main.web.controller.system.SysMenuController.edit()', 'PUT', 1, 'admin', '研发部门', '/system/menu', '127.0.0.1', '内网IP', '{\"children\":[],\"component\":\"system/comment/index\",\"createTime\":\"2024-05-14 11:50:49\",\"icon\":\"#\",\"isCache\":\"0\",\"isFrame\":\"1\",\"menuId\":2006,\"menuName\":\"诗词评论\",\"menuType\":\"C\",\"orderNum\":1,\"params\":{},\"parentId\":2030,\"path\":\"comment\",\"perms\":\"system:comment:list\",\"status\":\"0\",\"updateBy\":\"admin\",\"visible\":\"0\"}', '{\"msg\":\"操作成功\",\"code\":200}', 0, NULL, '2024-05-14 11:55:22', 18);
INSERT INTO `sys_oper_log` VALUES (138, '菜单管理', 2, 'com.main.web.controller.system.SysMenuController.edit()', 'PUT', 1, 'admin', '研发部门', '/system/menu', '127.0.0.1', '内网IP', '{\"children\":[],\"component\":\"system/favorite/index\",\"createTime\":\"2024-05-14 11:50:56\",\"icon\":\"#\",\"isCache\":\"0\",\"isFrame\":\"1\",\"menuId\":2012,\"menuName\":\"用户诗词收藏\",\"menuType\":\"C\",\"orderNum\":1,\"params\":{},\"parentId\":2030,\"path\":\"favorite\",\"perms\":\"system:favorite:list\",\"status\":\"0\",\"updateBy\":\"admin\",\"visible\":\"0\"}', '{\"msg\":\"操作成功\",\"code\":200}', 0, NULL, '2024-05-14 11:55:28', 6);
INSERT INTO `sys_oper_log` VALUES (139, '菜单管理', 2, 'com.main.web.controller.system.SysMenuController.edit()', 'PUT', 1, 'admin', '研发部门', '/system/menu', '127.0.0.1', '内网IP', '{\"children\":[],\"component\":\"system/poetry/index\",\"createTime\":\"2024-05-14 11:51:06\",\"icon\":\"#\",\"isCache\":\"0\",\"isFrame\":\"1\",\"menuId\":2018,\"menuName\":\"诗词\",\"menuType\":\"C\",\"orderNum\":1,\"params\":{},\"parentId\":2030,\"path\":\"poetry\",\"perms\":\"system:poetry:list\",\"status\":\"0\",\"updateBy\":\"admin\",\"visible\":\"0\"}', '{\"msg\":\"操作成功\",\"code\":200}', 0, NULL, '2024-05-14 11:55:33', 6);
INSERT INTO `sys_oper_log` VALUES (140, '菜单管理', 2, 'com.main.web.controller.system.SysMenuController.edit()', 'PUT', 1, 'admin', '研发部门', '/system/menu', '127.0.0.1', '内网IP', '{\"children\":[],\"component\":\"system/posts/index\",\"createTime\":\"2024-05-14 11:51:12\",\"icon\":\"#\",\"isCache\":\"0\",\"isFrame\":\"1\",\"menuId\":2024,\"menuName\":\"帖子\",\"menuType\":\"C\",\"orderNum\":1,\"params\":{},\"parentId\":2030,\"path\":\"posts\",\"perms\":\"system:posts:list\",\"status\":\"0\",\"updateBy\":\"admin\",\"visible\":\"0\"}', '{\"msg\":\"操作成功\",\"code\":200}', 0, NULL, '2024-05-14 11:55:38', 16);
INSERT INTO `sys_oper_log` VALUES (141, '菜单管理', 2, 'com.main.web.controller.system.SysMenuController.edit()', 'PUT', 1, 'admin', '研发部门', '/system/menu', '127.0.0.1', '内网IP', '{\"children\":[],\"component\":\"system/poetry/index\",\"createTime\":\"2024-05-14 11:51:06\",\"icon\":\"#\",\"isCache\":\"0\",\"isFrame\":\"1\",\"menuId\":2018,\"menuName\":\"诗词\",\"menuType\":\"C\",\"orderNum\":0,\"params\":{},\"parentId\":2030,\"path\":\"poetry\",\"perms\":\"system:poetry:list\",\"status\":\"0\",\"updateBy\":\"admin\",\"visible\":\"0\"}', '{\"msg\":\"操作成功\",\"code\":200}', 0, NULL, '2024-05-14 11:56:00', 7);
INSERT INTO `sys_oper_log` VALUES (142, '菜单管理', 2, 'com.main.web.controller.system.SysMenuController.edit()', 'PUT', 1, 'admin', '研发部门', '/system/menu', '127.0.0.1', '内网IP', '{\"children\":[],\"component\":\"system/favorite/index\",\"createTime\":\"2024-05-14 11:50:56\",\"icon\":\"#\",\"isCache\":\"0\",\"isFrame\":\"1\",\"menuId\":2012,\"menuName\":\"用户诗词收藏\",\"menuType\":\"C\",\"orderNum\":2,\"params\":{},\"parentId\":2030,\"path\":\"favorite\",\"perms\":\"system:favorite:list\",\"status\":\"0\",\"updateBy\":\"admin\",\"visible\":\"0\"}', '{\"msg\":\"操作成功\",\"code\":200}', 0, NULL, '2024-05-14 11:56:16', 6);
INSERT INTO `sys_oper_log` VALUES (143, '菜单管理', 2, 'com.main.web.controller.system.SysMenuController.edit()', 'PUT', 1, 'admin', '研发部门', '/system/menu', '127.0.0.1', '内网IP', '{\"children\":[],\"component\":\"system/posts/index\",\"createTime\":\"2024-05-14 11:51:12\",\"icon\":\"#\",\"isCache\":\"0\",\"isFrame\":\"1\",\"menuId\":2024,\"menuName\":\"帖子\",\"menuType\":\"C\",\"orderNum\":3,\"params\":{},\"parentId\":2030,\"path\":\"posts\",\"perms\":\"system:posts:list\",\"status\":\"0\",\"updateBy\":\"admin\",\"visible\":\"0\"}', '{\"msg\":\"操作成功\",\"code\":200}', 0, NULL, '2024-05-14 11:56:33', 17);
INSERT INTO `sys_oper_log` VALUES (144, '菜单管理', 2, 'com.main.web.controller.system.SysMenuController.edit()', 'PUT', 1, 'admin', '研发部门', '/system/menu', '127.0.0.1', '内网IP', '{\"children\":[],\"component\":\"system/browse/index\",\"createTime\":\"2024-05-14 11:50:40\",\"icon\":\"#\",\"isCache\":\"0\",\"isFrame\":\"1\",\"menuId\":2000,\"menuName\":\"帖子浏览记录\",\"menuType\":\"C\",\"orderNum\":4,\"params\":{},\"parentId\":2030,\"path\":\"browse\",\"perms\":\"system:browse:list\",\"status\":\"0\",\"updateBy\":\"admin\",\"visible\":\"0\"}', '{\"msg\":\"操作成功\",\"code\":200}', 0, NULL, '2024-05-14 11:56:38', 16);
INSERT INTO `sys_oper_log` VALUES (145, '菜单管理', 2, 'com.main.web.controller.system.SysMenuController.edit()', 'PUT', 1, 'admin', '研发部门', '/system/menu', '127.0.0.1', '内网IP', '{\"children\":[],\"component\":\"system/favorite/index\",\"createTime\":\"2024-05-14 11:50:56\",\"icon\":\"#\",\"isCache\":\"0\",\"isFrame\":\"1\",\"menuId\":2012,\"menuName\":\"诗词收藏\",\"menuType\":\"C\",\"orderNum\":2,\"params\":{},\"parentId\":2030,\"path\":\"favorite\",\"perms\":\"system:favorite:list\",\"status\":\"0\",\"updateBy\":\"admin\",\"visible\":\"0\"}', '{\"msg\":\"操作成功\",\"code\":200}', 0, NULL, '2024-05-14 11:56:53', 16);
INSERT INTO `sys_oper_log` VALUES (146, '角色管理', 2, 'com.main.web.controller.system.SysRoleController.edit()', 'PUT', 1, 'admin', '研发部门', '/system/role', '127.0.0.1', '内网IP', '{\"admin\":false,\"createTime\":\"2024-05-14 09:57:47\",\"dataScope\":\"2\",\"delFlag\":\"0\",\"deptCheckStrictly\":true,\"flag\":false,\"menuCheckStrictly\":true,\"menuIds\":[1,107,1035,2030,2018,2019,2020,2021,2022,2023,2006,2007,2008,2009,2010,2011,2012,2013,2014,2015,2016,2017,2024,2025,2026,2027,2028,2029,2000,2001,2002,2003,2004,2005],\"params\":{},\"remark\":\"用户\",\"roleId\":2,\"roleKey\":\"common\",\"roleName\":\"用户\",\"roleSort\":2,\"status\":\"0\",\"updateBy\":\"admin\"}', '{\"msg\":\"操作成功\",\"code\":200}', 0, NULL, '2024-05-14 12:00:08', 38);
INSERT INTO `sys_oper_log` VALUES (147, '用户管理', 2, 'com.main.web.controller.system.SysUserController.edit()', 'PUT', 1, 'admin', '研发部门', '/system/user', '127.0.0.1', '内网IP', '{\"admin\":false,\"avatar\":\"\",\"createBy\":\"\",\"createTime\":\"2024-05-14 17:44:21\",\"delFlag\":\"0\",\"email\":\"\",\"loginDate\":\"2024-05-14 17:45:09\",\"loginIp\":\"127.0.0.1\",\"nickName\":\"13037503398\",\"params\":{},\"phonenumber\":\"\",\"postIds\":[],\"roleIds\":[2],\"roles\":[],\"sex\":\"0\",\"status\":\"0\",\"updateBy\":\"admin\",\"userId\":100,\"userName\":\"13037503398\"}', '{\"msg\":\"操作成功\",\"code\":200}', 0, NULL, '2024-05-14 17:47:49', 32);
INSERT INTO `sys_oper_log` VALUES (148, '菜单管理', 2, 'com.main.web.controller.system.SysMenuController.edit()', 'PUT', 1, 'admin', '研发部门', '/system/menu', '127.0.0.1', '内网IP', '{\"children\":[],\"component\":\"system/dept/index\",\"createTime\":\"2024-05-14 09:57:47\",\"icon\":\"tree\",\"isCache\":\"0\",\"isFrame\":\"1\",\"menuId\":103,\"menuName\":\"部门管理\",\"menuType\":\"C\",\"orderNum\":4,\"params\":{},\"parentId\":1,\"path\":\"dept\",\"perms\":\"system:dept:list\",\"query\":\"\",\"status\":\"1\",\"updateBy\":\"admin\",\"visible\":\"1\"}', '{\"msg\":\"操作成功\",\"code\":200}', 0, NULL, '2024-05-14 17:51:57', 24);
INSERT INTO `sys_oper_log` VALUES (149, '菜单管理', 2, 'com.main.web.controller.system.SysMenuController.edit()', 'PUT', 1, 'admin', '研发部门', '/system/menu', '127.0.0.1', '内网IP', '{\"children\":[],\"component\":\"system/post/index\",\"createTime\":\"2024-05-14 09:57:47\",\"icon\":\"post\",\"isCache\":\"0\",\"isFrame\":\"1\",\"menuId\":104,\"menuName\":\"岗位管理\",\"menuType\":\"C\",\"orderNum\":5,\"params\":{},\"parentId\":1,\"path\":\"post\",\"perms\":\"system:post:list\",\"query\":\"\",\"status\":\"1\",\"updateBy\":\"admin\",\"visible\":\"1\"}', '{\"msg\":\"操作成功\",\"code\":200}', 0, NULL, '2024-05-14 17:52:06', 17);
INSERT INTO `sys_oper_log` VALUES (150, '菜单管理', 2, 'com.main.web.controller.system.SysMenuController.edit()', 'PUT', 1, 'admin', '研发部门', '/system/menu', '127.0.0.1', '内网IP', '{\"children\":[],\"component\":\"system/config/index\",\"createTime\":\"2024-05-14 09:57:47\",\"icon\":\"edit\",\"isCache\":\"0\",\"isFrame\":\"1\",\"menuId\":106,\"menuName\":\"参数设置\",\"menuType\":\"C\",\"orderNum\":7,\"params\":{},\"parentId\":1,\"path\":\"config\",\"perms\":\"system:config:list\",\"query\":\"\",\"status\":\"1\",\"updateBy\":\"admin\",\"visible\":\"1\"}', '{\"msg\":\"操作成功\",\"code\":200}', 0, NULL, '2024-05-14 17:52:17', 17);
INSERT INTO `sys_oper_log` VALUES (151, '诗词', 1, 'com.main.system.controller.BizPoetryController.add()', 'POST', 1, 'admin', '研发部门', '/system/poetry', '127.0.0.1', '内网IP', '{\"author\":\"佚名\",\"bizPoetryCommentList\":[],\"content\":\"关关雎鸠，在河之洲。窈窕淑女，君子好逑。 参差荇菜，左右流之。窈窕淑女，寤寐求之。 求之不得，寤寐思服。悠哉悠哉，辗转反侧。 参差荇菜，左右采之。窈窕淑女，琴瑟友之。 参差荇菜，左右芼之。窈窕淑女，钟鼓乐之。\",\"createTime\":\"2024-05-14 19:23:12\",\"dynasty\":\"0\",\"params\":{},\"recitation\":\"/profile/upload/2024/05/14/老街北_20240514192307A003.mp3\",\"remark\":\"\",\"title\":\"关雎\",\"video\":\"/profile/upload/2024/05/14/七里Smile - 幹物女_20240514192310A004.mp4\"}', NULL, 1, '\r\n### Error updating database.  Cause: java.sql.SQLException: Field \'imgs\' doesn\'t have a default value\r\n### The error may exist in file [C:\\Users\\FOREVERGWC\\IdeaProjects\\若依框架\\PoetryCommunicationPlatform\\main-system\\target\\classes\\mapper\\system\\BizPoetryMapper.xml]\r\n### The error may involve com.main.system.mapper.BizPoetryMapper.insertBizPoetry-Inline\r\n### The error occurred while setting parameters\r\n### SQL: insert into biz_poetry          ( title,             content,             author,             dynasty,             recitation,             video,                                                    create_time )           values ( ?,             ?,             ?,             ?,             ?,             ?,                                                    ? )\r\n### Cause: java.sql.SQLException: Field \'imgs\' doesn\'t have a default value\n; Field \'imgs\' doesn\'t have a default value; nested exception is java.sql.SQLException: Field \'imgs\' doesn\'t have a default value', '2024-05-14 19:23:13', 148);
INSERT INTO `sys_oper_log` VALUES (152, '诗词', 1, 'com.main.system.controller.BizPoetryController.add()', 'POST', 1, 'admin', '研发部门', '/system/poetry', '127.0.0.1', '内网IP', '{\"author\":\"1\",\"bizPoetryCommentList\":[],\"content\":\"1\",\"createTime\":\"2024-05-14 19:26:03\",\"dynasty\":\"0\",\"imgs\":\"/profile/upload/2024/05/14/QQ20221021114734_20240514192533A005.jpg,/profile/upload/2024/05/14/QQ20221021114734_20240514192536A006.jpg\",\"params\":{},\"recitation\":\"/profile/upload/2024/05/14/老街北_20240514192556A008.mp3\",\"remark\":\"\",\"title\":\"1\",\"video\":\"/profile/upload/2024/05/14/七里Smile - 幹物女_20240514192552A007.mp4\"}', NULL, 1, '\r\n### Error updating database.  Cause: com.mysql.cj.jdbc.exceptions.MysqlDataTruncation: Data truncation: Invalid JSON text: \"Invalid value.\" at position 0 in value for column \'biz_poetry.imgs\'.\r\n### The error may exist in file [C:\\Users\\FOREVERGWC\\IdeaProjects\\若依框架\\PoetryCommunicationPlatform\\main-system\\target\\classes\\mapper\\system\\BizPoetryMapper.xml]\r\n### The error may involve com.main.system.mapper.BizPoetryMapper.insertBizPoetry-Inline\r\n### The error occurred while setting parameters\r\n### SQL: insert into biz_poetry          ( title,             content,             author,             dynasty,             recitation,             video,             imgs,                                       create_time )           values ( ?,             ?,             ?,             ?,             ?,             ?,             ?,                                       ? )\r\n### Cause: com.mysql.cj.jdbc.exceptions.MysqlDataTruncation: Data truncation: Invalid JSON text: \"Invalid value.\" at position 0 in value for column \'biz_poetry.imgs\'.\n; Data truncation: Invalid JSON text: \"Invalid value.\" at position 0 in value for column \'biz_poetry.imgs\'.; nested exception is com.mysql.cj.jdbc.exceptions.MysqlDataTruncation: Data truncation: Invalid JSON text: \"Invalid value.\" at position 0 in value for column \'biz_poetry.imgs\'.', '2024-05-14 19:26:03', 19);
INSERT INTO `sys_oper_log` VALUES (153, '诗词', 1, 'com.main.system.controller.BizPoetryController.add()', 'POST', 1, 'admin', '研发部门', '/system/poetry', '127.0.0.1', '内网IP', '{\"author\":\"1\",\"bizPoetryCommentList\":[],\"content\":\"1\",\"createTime\":\"2024-05-14 20:57:46\",\"dynasty\":\"0\",\"imgs\":\"/profile/upload/2024/05/14/QQ20221021114707_20240514205652A009.jpg,/profile/upload/2024/05/14/QQ20230916210933_20240514205654A010.jpg,/profile/upload/2024/05/14/QQ20221021114744_20240514205656A011.jpg,/profile/upload/2024/05/14/QQ20221021114753_20240514205658A012.jpg,/profile/upload/2024/05/14/QQ20221021114744_20240514205701A013.jpg\",\"params\":{},\"recitation\":\"/profile/upload/2024/05/14/老街北_20240514205738A014.mp3\",\"remark\":\"\",\"title\":\"1\",\"video\":\"/profile/upload/2024/05/14/七里Smile - 幹物女_20240514205742A015.mp4\"}', NULL, 1, '\r\n### Error updating database.  Cause: com.mysql.cj.jdbc.exceptions.MysqlDataTruncation: Data truncation: Invalid JSON text: \"Invalid value.\" at position 0 in value for column \'biz_poetry.imgs\'.\r\n### The error may exist in file [C:\\Users\\FOREVERGWC\\IdeaProjects\\若依框架\\PoetryCommunicationPlatform\\main-system\\target\\classes\\mapper\\system\\BizPoetryMapper.xml]\r\n### The error may involve com.main.system.mapper.BizPoetryMapper.insertBizPoetry-Inline\r\n### The error occurred while setting parameters\r\n### SQL: insert into biz_poetry          ( title,             content,             author,             dynasty,             recitation,             video,             imgs,                                       create_time )           values ( ?,             ?,             ?,             ?,             ?,             ?,             ?,                                       ? )\r\n### Cause: com.mysql.cj.jdbc.exceptions.MysqlDataTruncation: Data truncation: Invalid JSON text: \"Invalid value.\" at position 0 in value for column \'biz_poetry.imgs\'.\n; Data truncation: Invalid JSON text: \"Invalid value.\" at position 0 in value for column \'biz_poetry.imgs\'.; nested exception is com.mysql.cj.jdbc.exceptions.MysqlDataTruncation: Data truncation: Invalid JSON text: \"Invalid value.\" at position 0 in value for column \'biz_poetry.imgs\'.', '2024-05-14 20:57:46', 20);
INSERT INTO `sys_oper_log` VALUES (154, '诗词', 1, 'com.main.system.controller.BizPoetryController.add()', 'POST', 1, 'admin', '研发部门', '/system/poetry', '127.0.0.1', '内网IP', '{\"author\":\"1\",\"bizPoetryCommentList\":[],\"content\":\"1\",\"createTime\":\"2024-05-14 20:58:15\",\"dynasty\":\"0\",\"imgs\":\"/profile/upload/2024/05/14/QQ20221021114707_20240514205652A009.jpg,/profile/upload/2024/05/14/QQ20230916210933_20240514205654A010.jpg,/profile/upload/2024/05/14/QQ20221021114744_20240514205656A011.jpg,/profile/upload/2024/05/14/QQ20221021114753_20240514205658A012.jpg,/profile/upload/2024/05/14/QQ20221021114744_20240514205701A013.jpg\",\"params\":{},\"recitation\":\"/profile/upload/2024/05/14/老街北_20240514205738A014.mp3\",\"remark\":\"\",\"title\":\"1\",\"video\":\"/profile/upload/2024/05/14/七里Smile - 幹物女_20240514205742A015.mp4\"}', NULL, 1, '\r\n### Error updating database.  Cause: java.sql.SQLException: Field \'click\' doesn\'t have a default value\r\n### The error may exist in file [C:\\Users\\FOREVERGWC\\IdeaProjects\\若依框架\\PoetryCommunicationPlatform\\main-system\\target\\classes\\mapper\\system\\BizPoetryMapper.xml]\r\n### The error may involve com.main.system.mapper.BizPoetryMapper.insertBizPoetry-Inline\r\n### The error occurred while setting parameters\r\n### SQL: insert into biz_poetry          ( title,             content,             author,             dynasty,             recitation,             video,             imgs,                                       create_time )           values ( ?,             ?,             ?,             ?,             ?,             ?,             ?,                                       ? )\r\n### Cause: java.sql.SQLException: Field \'click\' doesn\'t have a default value\n; Field \'click\' doesn\'t have a default value; nested exception is java.sql.SQLException: Field \'click\' doesn\'t have a default value', '2024-05-14 20:58:15', 5);
INSERT INTO `sys_oper_log` VALUES (155, '诗词', 1, 'com.main.system.controller.BizPoetryController.add()', 'POST', 1, 'admin', '研发部门', '/system/poetry', '127.0.0.1', '内网IP', '{\"author\":\"1\",\"bizPoetryCommentList\":[],\"content\":\"1\",\"createTime\":\"2024-05-14 21:00:17\",\"dynasty\":\"0\",\"imgs\":\"/profile/upload/2024/05/14/QQ20221021114707_20240514205652A009.jpg,/profile/upload/2024/05/14/QQ20230916210933_20240514205654A010.jpg,/profile/upload/2024/05/14/QQ20221021114744_20240514205656A011.jpg,/profile/upload/2024/05/14/QQ20221021114753_20240514205658A012.jpg,/profile/upload/2024/05/14/QQ20221021114744_20240514205701A013.jpg\",\"params\":{},\"recitation\":\"/profile/upload/2024/05/14/老街北_20240514205738A014.mp3\",\"remark\":\"\",\"title\":\"1\",\"video\":\"/profile/upload/2024/05/14/七里Smile - 幹物女_20240514205742A015.mp4\"}', NULL, 1, '\r\n### Error updating database.  Cause: java.sql.SQLException: Column count doesn\'t match value count at row 1\r\n### The error may exist in file [C:\\Users\\FOREVERGWC\\IdeaProjects\\若依框架\\PoetryCommunicationPlatform\\main-system\\target\\classes\\mapper\\system\\BizPoetryMapper.xml]\r\n### The error may involve com.main.system.mapper.BizPoetryMapper.insertBizPoetry-Inline\r\n### The error occurred while setting parameters\r\n### SQL: insert into biz_poetry          ( title,             content,             author,             dynasty,             recitation,             video,             imgs,                          create_time )           values ( ?,             ?,             ?,             ?,             ?,             ?,             ?,             0,                          ? )\r\n### Cause: java.sql.SQLException: Column count doesn\'t match value count at row 1\n; bad SQL grammar []; nested exception is java.sql.SQLException: Column count doesn\'t match value count at row 1', '2024-05-14 21:00:17', 143);
INSERT INTO `sys_oper_log` VALUES (156, '诗词', 1, 'com.main.system.controller.BizPoetryController.add()', 'POST', 1, 'admin', '研发部门', '/system/poetry', '127.0.0.1', '内网IP', '{\"author\":\"1\",\"bizPoetryCommentList\":[],\"content\":\"1\",\"createTime\":\"2024-05-14 21:00:22\",\"dynasty\":\"0\",\"imgs\":\"/profile/upload/2024/05/14/QQ20221021114707_20240514205652A009.jpg,/profile/upload/2024/05/14/QQ20230916210933_20240514205654A010.jpg,/profile/upload/2024/05/14/QQ20221021114744_20240514205656A011.jpg,/profile/upload/2024/05/14/QQ20221021114753_20240514205658A012.jpg,/profile/upload/2024/05/14/QQ20221021114744_20240514205701A013.jpg\",\"params\":{},\"recitation\":\"/profile/upload/2024/05/14/老街北_20240514205738A014.mp3\",\"remark\":\"\",\"title\":\"1\",\"video\":\"/profile/upload/2024/05/14/七里Smile - 幹物女_20240514205742A015.mp4\"}', NULL, 1, '\r\n### Error updating database.  Cause: java.sql.SQLException: Column count doesn\'t match value count at row 1\r\n### The error may exist in file [C:\\Users\\FOREVERGWC\\IdeaProjects\\若依框架\\PoetryCommunicationPlatform\\main-system\\target\\classes\\mapper\\system\\BizPoetryMapper.xml]\r\n### The error may involve com.main.system.mapper.BizPoetryMapper.insertBizPoetry-Inline\r\n### The error occurred while setting parameters\r\n### SQL: insert into biz_poetry          ( title,             content,             author,             dynasty,             recitation,             video,             imgs,                          create_time )           values ( ?,             ?,             ?,             ?,             ?,             ?,             ?,             0,                          ? )\r\n### Cause: java.sql.SQLException: Column count doesn\'t match value count at row 1\n; bad SQL grammar []; nested exception is java.sql.SQLException: Column count doesn\'t match value count at row 1', '2024-05-14 21:00:22', 5);
INSERT INTO `sys_oper_log` VALUES (157, '诗词', 1, 'com.main.system.controller.BizPoetryController.add()', 'POST', 1, 'admin', '研发部门', '/system/poetry', '127.0.0.1', '内网IP', '{\"author\":\"1\",\"bizPoetryCommentList\":[],\"content\":\"1\",\"createTime\":\"2024-05-14 21:01:26\",\"dynasty\":\"0\",\"imgs\":\"/profile/upload/2024/05/14/QQ20221021114707_20240514205652A009.jpg,/profile/upload/2024/05/14/QQ20230916210933_20240514205654A010.jpg,/profile/upload/2024/05/14/QQ20221021114744_20240514205656A011.jpg,/profile/upload/2024/05/14/QQ20221021114753_20240514205658A012.jpg,/profile/upload/2024/05/14/QQ20221021114744_20240514205701A013.jpg\",\"params\":{},\"recitation\":\"/profile/upload/2024/05/14/老街北_20240514205738A014.mp3\",\"remark\":\"\",\"title\":\"1\",\"video\":\"/profile/upload/2024/05/14/七里Smile - 幹物女_20240514205742A015.mp4\"}', NULL, 1, '\r\n### Error updating database.  Cause: java.sql.SQLException: Field \'create_by\' doesn\'t have a default value\r\n### The error may exist in file [C:\\Users\\FOREVERGWC\\IdeaProjects\\若依框架\\PoetryCommunicationPlatform\\main-system\\target\\classes\\mapper\\system\\BizPoetryMapper.xml]\r\n### The error may involve com.main.system.mapper.BizPoetryMapper.insertBizPoetry-Inline\r\n### The error occurred while setting parameters\r\n### SQL: insert into biz_poetry          ( title,             content,             author,             dynasty,             recitation,             video,             imgs,             click,                          create_time )           values ( ?,             ?,             ?,             ?,             ?,             ?,             ?,             0,                          ? )\r\n### Cause: java.sql.SQLException: Field \'create_by\' doesn\'t have a default value\n; Field \'create_by\' doesn\'t have a default value; nested exception is java.sql.SQLException: Field \'create_by\' doesn\'t have a default value', '2024-05-14 21:01:26', 154);
INSERT INTO `sys_oper_log` VALUES (158, '诗词', 1, 'com.main.system.controller.BizPoetryController.add()', 'POST', 1, 'admin', '研发部门', '/system/poetry', '127.0.0.1', '内网IP', '{\"author\":\"1\",\"bizPoetryCommentList\":[],\"click\":0,\"content\":\"1\",\"createBy\":\"admin\",\"createTime\":\"2024-05-14 21:02:35\",\"dynasty\":\"0\",\"imgs\":\"/profile/upload/2024/05/14/QQ20221021114707_20240514205652A009.jpg,/profile/upload/2024/05/14/QQ20230916210933_20240514205654A010.jpg,/profile/upload/2024/05/14/QQ20221021114744_20240514205656A011.jpg,/profile/upload/2024/05/14/QQ20221021114753_20240514205658A012.jpg,/profile/upload/2024/05/14/QQ20221021114744_20240514205701A013.jpg\",\"params\":{},\"recitation\":\"/profile/upload/2024/05/14/老街北_20240514205738A014.mp3\",\"remark\":\"\",\"title\":\"1\",\"video\":\"/profile/upload/2024/05/14/七里Smile - 幹物女_20240514205742A015.mp4\"}', NULL, 1, '\r\n### Error updating database.  Cause: java.sql.SQLException: Field \'remark\' doesn\'t have a default value\r\n### The error may exist in file [C:\\Users\\FOREVERGWC\\IdeaProjects\\若依框架\\PoetryCommunicationPlatform\\main-system\\target\\classes\\mapper\\system\\BizPoetryMapper.xml]\r\n### The error may involve com.main.system.mapper.BizPoetryMapper.insertBizPoetry-Inline\r\n### The error occurred while setting parameters\r\n### SQL: insert into biz_poetry          ( title,             content,             author,             dynasty,             recitation,             video,             imgs,             click,             create_by,             create_time )           values ( ?,             ?,             ?,             ?,             ?,             ?,             ?,             ?,             ?,             ? )\r\n### Cause: java.sql.SQLException: Field \'remark\' doesn\'t have a default value\n; Field \'remark\' doesn\'t have a default value; nested exception is java.sql.SQLException: Field \'remark\' doesn\'t have a default value', '2024-05-14 21:02:35', 154);
INSERT INTO `sys_oper_log` VALUES (159, '诗词', 1, 'com.main.system.controller.BizPoetryController.add()', 'POST', 1, 'admin', '研发部门', '/system/poetry', '127.0.0.1', '内网IP', '{\"author\":\"1\",\"bizPoetryCommentList\":[],\"click\":0,\"content\":\"1\",\"createBy\":\"admin\",\"createTime\":\"2024-05-14 21:04:01\",\"dynasty\":\"0\",\"id\":1,\"imgs\":\"/profile/upload/2024/05/14/QQ20221021114707_20240514205652A009.jpg,/profile/upload/2024/05/14/QQ20230916210933_20240514205654A010.jpg,/profile/upload/2024/05/14/QQ20221021114744_20240514205656A011.jpg,/profile/upload/2024/05/14/QQ20221021114753_20240514205658A012.jpg,/profile/upload/2024/05/14/QQ20221021114744_20240514205701A013.jpg\",\"params\":{},\"recitation\":\"/profile/upload/2024/05/14/老街北_20240514205738A014.mp3\",\"remark\":\"\",\"title\":\"1\",\"video\":\"/profile/upload/2024/05/14/七里Smile - 幹物女_20240514205742A015.mp4\"}', '{\"msg\":\"操作成功\",\"code\":200}', 0, NULL, '2024-05-14 21:04:01', 126);
INSERT INTO `sys_oper_log` VALUES (160, '诗词', 2, 'com.main.system.controller.BizPoetryController.edit()', 'PUT', 1, 'admin', '研发部门', '/system/poetry', '127.0.0.1', '内网IP', '{\"author\":\"佚名\",\"bizPoetryCommentList\":[],\"click\":0,\"content\":\"关关雎鸠，在河之洲。窈窕淑女，君子好逑。参差荇菜，左右流之。窈窕淑女，寤寐求之。求之不得，寤寐思服。悠哉悠哉，辗转反侧。参差荇菜，左右采之。窈窕淑女，琴瑟友之。参差荇菜，左右芼之。窈窕淑女，钟鼓乐之。\",\"createBy\":\"admin\",\"createTime\":\"2024-05-14 21:04:01\",\"dynasty\":\"0\",\"id\":1,\"imgs\":\"/profile/upload/2024/05/14/QQ20221021114707_20240514205652A009.jpg,/profile/upload/2024/05/14/QQ20230916210933_20240514205654A010.jpg,/profile/upload/2024/05/14/QQ20221021114744_20240514205656A011.jpg,/profile/upload/2024/05/14/QQ20221021114753_20240514205658A012.jpg,/profile/upload/2024/05/14/QQ20221021114744_20240514205701A013.jpg\",\"params\":{},\"recitation\":\"/profile/upload/2024/05/14/老街北_20240514205738A014.mp3\",\"remark\":\"\",\"title\":\"关雎\",\"updateTime\":\"2024-05-14 21:14:53\",\"video\":\"/profile/upload/2024/05/14/七里Smile - 幹物女_20240514205742A015.mp4\"}', '{\"msg\":\"操作成功\",\"code\":200}', 0, NULL, '2024-05-14 21:14:53', 11);
INSERT INTO `sys_oper_log` VALUES (161, '菜单管理', 1, 'com.main.web.controller.system.SysMenuController.add()', 'POST', 1, 'admin', '研发部门', '/system/menu', '127.0.0.1', '内网IP', '{\"children\":[],\"createBy\":\"admin\",\"icon\":\"education\",\"isCache\":\"0\",\"isFrame\":\"1\",\"menuName\":\"诗词详情\",\"menuType\":\"C\",\"orderNum\":0,\"params\":{},\"parentId\":0,\"path\":\"1\",\"perms\":\"1\",\"status\":\"0\",\"visible\":\"1\"}', '{\"msg\":\"操作成功\",\"code\":200}', 0, NULL, '2024-05-14 21:16:16', 13);
INSERT INTO `sys_oper_log` VALUES (162, '菜单管理', 2, 'com.main.web.controller.system.SysMenuController.edit()', 'PUT', 1, 'admin', '研发部门', '/system/menu', '127.0.0.1', '内网IP', '{\"children\":[],\"createTime\":\"2024-05-14 21:16:16\",\"icon\":\"education\",\"isCache\":\"0\",\"isFrame\":\"1\",\"menuId\":2031,\"menuName\":\"诗词详情\",\"menuType\":\"C\",\"orderNum\":0,\"params\":{},\"parentId\":2030,\"path\":\"1\",\"perms\":\"1\",\"status\":\"0\",\"updateBy\":\"admin\",\"visible\":\"1\"}', '{\"msg\":\"操作成功\",\"code\":200}', 0, NULL, '2024-05-14 21:16:30', 8);
INSERT INTO `sys_oper_log` VALUES (163, '菜单管理', 2, 'com.main.web.controller.system.SysMenuController.edit()', 'PUT', 1, 'admin', '研发部门', '/system/menu', '127.0.0.1', '内网IP', '{\"children\":[],\"createTime\":\"2024-05-14 21:16:16\",\"icon\":\"education\",\"isCache\":\"0\",\"isFrame\":\"1\",\"menuId\":2031,\"menuName\":\"诗词详情\",\"menuType\":\"C\",\"orderNum\":0,\"params\":{},\"parentId\":2030,\"path\":\"1\",\"perms\":\"system:poetry:query\",\"status\":\"0\",\"updateBy\":\"admin\",\"visible\":\"1\"}', '{\"msg\":\"操作成功\",\"code\":200}', 0, NULL, '2024-05-14 21:16:59', 19);
INSERT INTO `sys_oper_log` VALUES (164, '菜单管理', 2, 'com.main.web.controller.system.SysMenuController.edit()', 'PUT', 1, 'admin', '研发部门', '/system/menu', '127.0.0.1', '内网IP', '{\"children\":[],\"component\":\"system/poetry/detail\",\"createTime\":\"2024-05-14 21:16:16\",\"icon\":\"education\",\"isCache\":\"0\",\"isFrame\":\"1\",\"menuId\":2031,\"menuName\":\"诗词详情\",\"menuType\":\"C\",\"orderNum\":0,\"params\":{},\"parentId\":2030,\"path\":\"1\",\"perms\":\"system:poetry:query\",\"status\":\"0\",\"updateBy\":\"admin\",\"visible\":\"1\"}', '{\"msg\":\"操作成功\",\"code\":200}', 0, NULL, '2024-05-14 21:17:15', 8);
INSERT INTO `sys_oper_log` VALUES (165, '菜单管理', 2, 'com.main.web.controller.system.SysMenuController.edit()', 'PUT', 1, 'admin', '研发部门', '/system/menu', '127.0.0.1', '内网IP', '{\"children\":[],\"component\":\"system/poetry/detail\",\"createTime\":\"2024-05-14 21:16:16\",\"icon\":\"education\",\"isCache\":\"0\",\"isFrame\":\"1\",\"menuId\":2031,\"menuName\":\"诗词详情\",\"menuType\":\"C\",\"orderNum\":0,\"params\":{},\"parentId\":2030,\"path\":\"detail\",\"perms\":\"system:poetry:query\",\"status\":\"0\",\"updateBy\":\"admin\",\"visible\":\"1\"}', '{\"msg\":\"操作成功\",\"code\":200}', 0, NULL, '2024-05-14 21:17:40', 16);
INSERT INTO `sys_oper_log` VALUES (166, '菜单管理', 2, 'com.main.web.controller.system.SysMenuController.edit()', 'PUT', 1, 'admin', '研发部门', '/system/menu', '127.0.0.1', '内网IP', '{\"children\":[],\"component\":\"system/poetry/detail\",\"createTime\":\"2024-05-14 21:16:16\",\"icon\":\"education\",\"isCache\":\"0\",\"isFrame\":\"1\",\"menuId\":2031,\"menuName\":\"诗词详情\",\"menuType\":\"C\",\"orderNum\":0,\"params\":{},\"parentId\":2030,\"path\":\"poetry/detail\",\"perms\":\"system:poetry:query\",\"status\":\"0\",\"updateBy\":\"admin\",\"visible\":\"1\"}', '{\"msg\":\"操作成功\",\"code\":200}', 0, NULL, '2024-05-14 21:17:54', 9);
INSERT INTO `sys_oper_log` VALUES (167, '诗词', 2, 'com.main.system.controller.BizPoetryController.edit()', 'PUT', 1, 'admin', '研发部门', '/system/poetry', '127.0.0.1', '内网IP', '{\"author\":\"佚名\",\"bizPoetryCommentList\":[],\"click\":0,\"content\":\"关关雎鸠，在河之洲。窈窕淑女，君子好逑。参差荇菜，左右流之。窈窕淑女，寤寐求之。求之不得，寤寐思服。悠哉悠哉，辗转反侧。参差荇菜，左右采之。窈窕淑女，琴瑟友之。参差荇菜，左右芼之。窈窕淑女，钟鼓乐之。\",\"createBy\":\"admin\",\"createTime\":\"2024-05-14 21:04:01\",\"dynasty\":\"0\",\"id\":1,\"imgs\":\"/profile/upload/2024/05/14/QQ20221021114707_20240514205652A009.jpg,/profile/upload/2024/05/14/QQ20230916210933_20240514205654A010.jpg,/profile/upload/2024/05/14/QQ20221021114744_20240514205656A011.jpg,/profile/upload/2024/05/14/QQ20221021114753_20240514205658A012.jpg,/profile/upload/2024/05/14/QQ20221021114744_20240514205701A013.jpg\",\"params\":{},\"recitation\":\"/profile/upload/2024/05/14/老街北_20240514205738A014.mp3\",\"remark\":\"\",\"title\":\"关雎\",\"updateTime\":\"2024-05-14 21:20:13\",\"video\":\"/profile/upload/2024/05/14/七里Smile - 幹物女_20240514205742A015.mp4\"}', '{\"msg\":\"操作成功\",\"code\":200}', 0, NULL, '2024-05-14 21:20:13', 18);
INSERT INTO `sys_oper_log` VALUES (168, '菜单管理', 2, 'com.main.web.controller.system.SysMenuController.edit()', 'PUT', 1, 'admin', '研发部门', '/system/menu', '127.0.0.1', '内网IP', '{\"children\":[],\"component\":\"system/poetry/detail\",\"createTime\":\"2024-05-14 21:16:16\",\"icon\":\"education\",\"isCache\":\"0\",\"isFrame\":\"1\",\"menuId\":2031,\"menuName\":\"诗词详情\",\"menuType\":\"C\",\"orderNum\":0,\"params\":{},\"parentId\":2018,\"path\":\"detail\",\"perms\":\"system:poetry:query\",\"status\":\"0\",\"updateBy\":\"admin\",\"visible\":\"1\"}', '{\"msg\":\"操作成功\",\"code\":200}', 0, NULL, '2024-05-14 21:24:00', 6);
INSERT INTO `sys_oper_log` VALUES (169, '菜单管理', 3, 'com.main.web.controller.system.SysMenuController.remove()', 'DELETE', 1, 'admin', '研发部门', '/system/menu/2031', '127.0.0.1', '内网IP', '{}', '{\"msg\":\"操作成功\",\"code\":200}', 0, NULL, '2024-05-14 21:33:11', 9);
INSERT INTO `sys_oper_log` VALUES (170, '菜单管理', 1, 'com.main.web.controller.system.SysMenuController.add()', 'POST', 1, 'admin', '研发部门', '/system/menu', '127.0.0.1', '内网IP', '{\"children\":[],\"component\":\"system/poetry/detail\",\"createBy\":\"admin\",\"icon\":\"education\",\"isCache\":\"0\",\"isFrame\":\"1\",\"menuName\":\"诗词详情\",\"menuType\":\"C\",\"orderNum\":0,\"params\":{},\"parentId\":2018,\"path\":\"detail/:poetryId(\\\\\\\\d+)\",\"perms\":\"system:poetry:query\",\"status\":\"0\",\"visible\":\"1\"}', '{\"msg\":\"操作成功\",\"code\":200}', 0, NULL, '2024-05-14 21:49:03', 9);
INSERT INTO `sys_oper_log` VALUES (171, '菜单管理', 3, 'com.main.web.controller.system.SysMenuController.remove()', 'DELETE', 1, 'admin', '研发部门', '/system/menu/2032', '127.0.0.1', '内网IP', '{}', '{\"msg\":\"操作成功\",\"code\":200}', 0, NULL, '2024-05-14 21:51:12', 8);
INSERT INTO `sys_oper_log` VALUES (172, '诗词', 2, 'com.main.system.controller.BizPoetryController.edit()', 'PUT', 1, 'admin', '研发部门', '/system/poetry', '127.0.0.1', '内网IP', '{\"author\":\"佚名\",\"bizPoetryCommentList\":[],\"click\":0,\"content\":\"<p>关关雎鸠，在河之洲。</p><p>窈窕淑女，君子好逑。</p><p>参差荇菜，左右流之。</p><p>窈窕淑女，寤寐求之。</p><p>求之不得，寤寐思服。</p><p>悠哉悠哉，辗转反侧。</p><p>参差荇菜，左右采之。</p><p>窈窕淑女，琴瑟友之。</p><p>参差荇菜，左右芼之。</p><p>窈窕淑女，钟鼓乐之。</p>\",\"createBy\":\"admin\",\"createTime\":\"2024-05-14 21:04:01\",\"dynasty\":\"0\",\"id\":1,\"imgs\":\"/profile/upload/2024/05/14/QQ20221021114707_20240514205652A009.jpg,/profile/upload/2024/05/14/QQ20230916210933_20240514205654A010.jpg,/profile/upload/2024/05/14/QQ20221021114744_20240514205656A011.jpg,/profile/upload/2024/05/14/QQ20221021114753_20240514205658A012.jpg,/profile/upload/2024/05/14/QQ20221021114744_20240514205701A013.jpg\",\"params\":{},\"recitation\":\"/profile/upload/2024/05/14/老街北_20240514205738A014.mp3\",\"remark\":\"\",\"title\":\"关雎\",\"updateTime\":\"2024-05-14 22:14:18\",\"video\":\"/profile/upload/2024/05/14/七里Smile - 幹物女_20240514205742A015.mp4\"}', '{\"msg\":\"操作成功\",\"code\":200}', 0, NULL, '2024-05-14 22:14:18', 43);
INSERT INTO `sys_oper_log` VALUES (173, '诗词', 2, 'com.main.system.controller.BizPoetryController.edit()', 'PUT', 1, 'admin', '研发部门', '/system/poetry', '127.0.0.1', '内网IP', '{\"author\":\"佚名\",\"bizPoetryCommentList\":[],\"click\":0,\"content\":\"<p>关关雎鸠，在河之洲。窈窕淑女，君子好逑。</p><p>参差荇菜，左右流之。窈窕淑女，寤寐求之。</p><p>求之不得，寤寐思服。悠哉悠哉，辗转反侧。</p><p>参差荇菜，左右采之。窈窕淑女，琴瑟友之。</p><p>参差荇菜，左右芼之。窈窕淑女，钟鼓乐之。</p>\",\"createBy\":\"admin\",\"createTime\":\"2024-05-14 21:04:01\",\"dynasty\":\"0\",\"id\":1,\"imgs\":\"/profile/upload/2024/05/14/QQ20221021114707_20240514205652A009.jpg,/profile/upload/2024/05/14/QQ20230916210933_20240514205654A010.jpg,/profile/upload/2024/05/14/QQ20221021114744_20240514205656A011.jpg,/profile/upload/2024/05/14/QQ20221021114753_20240514205658A012.jpg,/profile/upload/2024/05/14/QQ20221021114744_20240514205701A013.jpg\",\"params\":{},\"recitation\":\"/profile/upload/2024/05/14/老街北_20240514205738A014.mp3\",\"remark\":\"\",\"title\":\"关雎\",\"updateTime\":\"2024-05-14 22:14:46\",\"video\":\"/profile/upload/2024/05/14/七里Smile - 幹物女_20240514205742A015.mp4\"}', '{\"msg\":\"操作成功\",\"code\":200}', 0, NULL, '2024-05-14 22:14:46', 21);
INSERT INTO `sys_oper_log` VALUES (174, '诗词', 2, 'com.main.system.controller.BizPoetryController.read()', 'PUT', 1, 'admin', '研发部门', '/system/poetry/read/1', '127.0.0.1', '内网IP', '1', '{\"msg\":\"操作成功\",\"code\":200}', 0, NULL, '2024-05-14 23:16:56', 20);
INSERT INTO `sys_oper_log` VALUES (175, '诗词', 2, 'com.main.system.controller.BizPoetryController.read()', 'PUT', 1, 'admin', '研发部门', '/system/poetry/read/1', '127.0.0.1', '内网IP', '1', '{\"msg\":\"操作成功\",\"code\":200}', 0, NULL, '2024-05-14 23:17:02', 7);
INSERT INTO `sys_oper_log` VALUES (176, '诗词', 2, 'com.main.system.controller.BizPoetryController.read()', 'PUT', 1, 'admin', '研发部门', '/system/poetry/read/1', '127.0.0.1', '内网IP', '1', '{\"msg\":\"操作成功\",\"code\":200}', 0, NULL, '2024-05-14 23:17:16', 6);
INSERT INTO `sys_oper_log` VALUES (177, '诗词', 2, 'com.main.system.controller.BizPoetryController.read()', 'PUT', 1, 'admin', '研发部门', '/system/poetry/read/1', '127.0.0.1', '内网IP', '1', '{\"msg\":\"操作成功\",\"code\":200,\"data\":{\"author\":\"佚名\",\"bizPoetryCommentList\":[],\"click\":4,\"content\":\"<p>关关雎鸠，在河之洲。窈窕淑女，君子好逑。</p><p>参差荇菜，左右流之。窈窕淑女，寤寐求之。</p><p>求之不得，寤寐思服。悠哉悠哉，辗转反侧。</p><p>参差荇菜，左右采之。窈窕淑女，琴瑟友之。</p><p>参差荇菜，左右芼之。窈窕淑女，钟鼓乐之。</p>\",\"createBy\":\"admin\",\"createTime\":\"2024-05-14 21:04:01\",\"dynasty\":\"0\",\"id\":1,\"imgs\":\"/profile/upload/2024/05/14/QQ20221021114707_20240514205652A009.jpg,/profile/upload/2024/05/14/QQ20230916210933_20240514205654A010.jpg,/profile/upload/2024/05/14/QQ20221021114744_20240514205656A011.jpg,/profile/upload/2024/05/14/QQ20221021114753_20240514205658A012.jpg,/profile/upload/2024/05/14/QQ20221021114744_20240514205701A013.jpg\",\"params\":{},\"recitation\":\"/profile/upload/2024/05/14/老街北_20240514205738A014.mp3\",\"remark\":\"\",\"title\":\"关雎\",\"updateTime\":\"2024-05-14 22:14:47\",\"video\":\"/profile/upload/2024/05/14/七里Smile - 幹物女_20240514205742A015.mp4\"}}', 0, NULL, '2024-05-14 23:20:14', 40);
INSERT INTO `sys_oper_log` VALUES (178, '诗词', 2, 'com.main.system.controller.BizPoetryController.read()', 'PUT', 1, 'admin', '研发部门', '/system/poetry/read/1', '127.0.0.1', '内网IP', '1', '{\"msg\":\"操作成功\",\"code\":200,\"data\":{\"author\":\"佚名\",\"bizPoetryCommentList\":[],\"click\":5,\"content\":\"<p>关关雎鸠，在河之洲。窈窕淑女，君子好逑。</p><p>参差荇菜，左右流之。窈窕淑女，寤寐求之。</p><p>求之不得，寤寐思服。悠哉悠哉，辗转反侧。</p><p>参差荇菜，左右采之。窈窕淑女，琴瑟友之。</p><p>参差荇菜，左右芼之。窈窕淑女，钟鼓乐之。</p>\",\"createBy\":\"admin\",\"createTime\":\"2024-05-14 21:04:01\",\"dynasty\":\"0\",\"id\":1,\"imgs\":\"/profile/upload/2024/05/14/QQ20221021114707_20240514205652A009.jpg,/profile/upload/2024/05/14/QQ20230916210933_20240514205654A010.jpg,/profile/upload/2024/05/14/QQ20221021114744_20240514205656A011.jpg,/profile/upload/2024/05/14/QQ20221021114753_20240514205658A012.jpg,/profile/upload/2024/05/14/QQ20221021114744_20240514205701A013.jpg\",\"params\":{},\"recitation\":\"/profile/upload/2024/05/14/老街北_20240514205738A014.mp3\",\"remark\":\"\",\"title\":\"关雎\",\"updateTime\":\"2024-05-14 22:14:47\",\"video\":\"/profile/upload/2024/05/14/七里Smile - 幹物女_20240514205742A015.mp4\"}}', 0, NULL, '2024-05-14 23:20:18', 11);
INSERT INTO `sys_oper_log` VALUES (179, '诗词', 2, 'com.main.system.controller.BizPoetryController.read()', 'PUT', 1, 'admin', '研发部门', '/system/poetry/read/1', '127.0.0.1', '内网IP', '1', '{\"msg\":\"操作成功\",\"code\":200,\"data\":{\"author\":\"佚名\",\"bizPoetryCommentList\":[],\"click\":6,\"content\":\"<p>关关雎鸠，在河之洲。窈窕淑女，君子好逑。</p><p>参差荇菜，左右流之。窈窕淑女，寤寐求之。</p><p>求之不得，寤寐思服。悠哉悠哉，辗转反侧。</p><p>参差荇菜，左右采之。窈窕淑女，琴瑟友之。</p><p>参差荇菜，左右芼之。窈窕淑女，钟鼓乐之。</p>\",\"createBy\":\"admin\",\"createTime\":\"2024-05-14 21:04:01\",\"dynasty\":\"0\",\"id\":1,\"imgs\":\"/profile/upload/2024/05/14/QQ20221021114707_20240514205652A009.jpg,/profile/upload/2024/05/14/QQ20230916210933_20240514205654A010.jpg,/profile/upload/2024/05/14/QQ20221021114744_20240514205656A011.jpg,/profile/upload/2024/05/14/QQ20221021114753_20240514205658A012.jpg,/profile/upload/2024/05/14/QQ20221021114744_20240514205701A013.jpg\",\"params\":{},\"recitation\":\"/profile/upload/2024/05/14/老街北_20240514205738A014.mp3\",\"remark\":\"\",\"title\":\"关雎\",\"updateTime\":\"2024-05-14 22:14:47\",\"video\":\"/profile/upload/2024/05/14/七里Smile - 幹物女_20240514205742A015.mp4\"}}', 0, NULL, '2024-05-14 23:20:21', 15);
INSERT INTO `sys_oper_log` VALUES (180, '诗词', 2, 'com.main.system.controller.BizPoetryController.read()', 'PUT', 1, 'admin', '研发部门', '/system/poetry/read/1', '127.0.0.1', '内网IP', '1', '{\"msg\":\"操作成功\",\"code\":200,\"data\":{\"author\":\"佚名\",\"bizPoetryCommentList\":[],\"click\":7,\"content\":\"<p>关关雎鸠，在河之洲。窈窕淑女，君子好逑。</p><p>参差荇菜，左右流之。窈窕淑女，寤寐求之。</p><p>求之不得，寤寐思服。悠哉悠哉，辗转反侧。</p><p>参差荇菜，左右采之。窈窕淑女，琴瑟友之。</p><p>参差荇菜，左右芼之。窈窕淑女，钟鼓乐之。</p>\",\"createBy\":\"admin\",\"createTime\":\"2024-05-14 21:04:01\",\"dynasty\":\"0\",\"id\":1,\"imgs\":\"/profile/upload/2024/05/14/QQ20221021114707_20240514205652A009.jpg,/profile/upload/2024/05/14/QQ20230916210933_20240514205654A010.jpg,/profile/upload/2024/05/14/QQ20221021114744_20240514205656A011.jpg,/profile/upload/2024/05/14/QQ20221021114753_20240514205658A012.jpg,/profile/upload/2024/05/14/QQ20221021114744_20240514205701A013.jpg\",\"params\":{},\"recitation\":\"/profile/upload/2024/05/14/老街北_20240514205738A014.mp3\",\"remark\":\"\",\"title\":\"关雎\",\"updateTime\":\"2024-05-14 22:14:47\",\"video\":\"/profile/upload/2024/05/14/七里Smile - 幹物女_20240514205742A015.mp4\"}}', 0, NULL, '2024-05-14 23:20:44', 9);
INSERT INTO `sys_oper_log` VALUES (181, '诗词', 2, 'com.main.system.controller.BizPoetryController.read()', 'PUT', 1, 'admin', '研发部门', '/system/poetry/read/1', '127.0.0.1', '内网IP', '1', '{\"msg\":\"操作成功\",\"code\":200,\"data\":{\"author\":\"佚名\",\"bizPoetryCommentList\":[],\"click\":8,\"content\":\"<p>关关雎鸠，在河之洲。窈窕淑女，君子好逑。</p><p>参差荇菜，左右流之。窈窕淑女，寤寐求之。</p><p>求之不得，寤寐思服。悠哉悠哉，辗转反侧。</p><p>参差荇菜，左右采之。窈窕淑女，琴瑟友之。</p><p>参差荇菜，左右芼之。窈窕淑女，钟鼓乐之。</p>\",\"createBy\":\"admin\",\"createTime\":\"2024-05-14 21:04:01\",\"dynasty\":\"0\",\"id\":1,\"imgs\":\"/profile/upload/2024/05/14/QQ20221021114707_20240514205652A009.jpg,/profile/upload/2024/05/14/QQ20230916210933_20240514205654A010.jpg,/profile/upload/2024/05/14/QQ20221021114744_20240514205656A011.jpg,/profile/upload/2024/05/14/QQ20221021114753_20240514205658A012.jpg,/profile/upload/2024/05/14/QQ20221021114744_20240514205701A013.jpg\",\"params\":{},\"recitation\":\"/profile/upload/2024/05/14/老街北_20240514205738A014.mp3\",\"remark\":\"\",\"title\":\"关雎\",\"updateTime\":\"2024-05-14 22:14:47\",\"video\":\"/profile/upload/2024/05/14/七里Smile - 幹物女_20240514205742A015.mp4\"}}', 0, NULL, '2024-05-14 23:21:51', 8);
INSERT INTO `sys_oper_log` VALUES (182, '诗词', 2, 'com.main.system.controller.BizPoetryController.read()', 'PUT', 1, 'admin', '研发部门', '/system/poetry/read/1', '127.0.0.1', '内网IP', '1', '{\"msg\":\"操作成功\",\"code\":200,\"data\":{\"author\":\"佚名\",\"bizPoetryCommentList\":[],\"click\":9,\"content\":\"<p>关关雎鸠，在河之洲。窈窕淑女，君子好逑。</p><p>参差荇菜，左右流之。窈窕淑女，寤寐求之。</p><p>求之不得，寤寐思服。悠哉悠哉，辗转反侧。</p><p>参差荇菜，左右采之。窈窕淑女，琴瑟友之。</p><p>参差荇菜，左右芼之。窈窕淑女，钟鼓乐之。</p>\",\"createBy\":\"admin\",\"createTime\":\"2024-05-14 21:04:01\",\"dynasty\":\"0\",\"id\":1,\"imgs\":\"/profile/upload/2024/05/14/QQ20221021114707_20240514205652A009.jpg,/profile/upload/2024/05/14/QQ20230916210933_20240514205654A010.jpg,/profile/upload/2024/05/14/QQ20221021114744_20240514205656A011.jpg,/profile/upload/2024/05/14/QQ20221021114753_20240514205658A012.jpg,/profile/upload/2024/05/14/QQ20221021114744_20240514205701A013.jpg\",\"params\":{},\"recitation\":\"/profile/upload/2024/05/14/老街北_20240514205738A014.mp3\",\"remark\":\"\",\"title\":\"关雎\",\"updateTime\":\"2024-05-14 22:14:47\",\"video\":\"/profile/upload/2024/05/14/七里Smile - 幹物女_20240514205742A015.mp4\"}}', 0, NULL, '2024-05-14 23:24:40', 6);
INSERT INTO `sys_oper_log` VALUES (183, '诗词', 2, 'com.main.system.controller.BizPoetryController.read()', 'PUT', 1, 'admin', '研发部门', '/system/poetry/read/1', '127.0.0.1', '内网IP', '1', '{\"msg\":\"操作成功\",\"code\":200,\"data\":{\"author\":\"佚名\",\"bizPoetryCommentList\":[],\"click\":10,\"content\":\"<p>关关雎鸠，在河之洲。窈窕淑女，君子好逑。</p><p>参差荇菜，左右流之。窈窕淑女，寤寐求之。</p><p>求之不得，寤寐思服。悠哉悠哉，辗转反侧。</p><p>参差荇菜，左右采之。窈窕淑女，琴瑟友之。</p><p>参差荇菜，左右芼之。窈窕淑女，钟鼓乐之。</p>\",\"createBy\":\"admin\",\"createTime\":\"2024-05-14 21:04:01\",\"dynasty\":\"0\",\"id\":1,\"imgs\":\"/profile/upload/2024/05/14/QQ20221021114707_20240514205652A009.jpg,/profile/upload/2024/05/14/QQ20230916210933_20240514205654A010.jpg,/profile/upload/2024/05/14/QQ20221021114744_20240514205656A011.jpg,/profile/upload/2024/05/14/QQ20221021114753_20240514205658A012.jpg,/profile/upload/2024/05/14/QQ20221021114744_20240514205701A013.jpg\",\"params\":{},\"recitation\":\"/profile/upload/2024/05/14/老街北_20240514205738A014.mp3\",\"remark\":\"\",\"title\":\"关雎\",\"updateTime\":\"2024-05-14 22:14:47\",\"video\":\"/profile/upload/2024/05/14/七里Smile - 幹物女_20240514205742A015.mp4\"}}', 0, NULL, '2024-05-14 23:25:11', 19);
INSERT INTO `sys_oper_log` VALUES (184, '诗词', 2, 'com.main.system.controller.BizPoetryController.read()', 'PUT', 1, 'admin', '研发部门', '/system/poetry/read/1', '127.0.0.1', '内网IP', '1', '{\"msg\":\"操作成功\",\"code\":200,\"data\":{\"author\":\"佚名\",\"bizPoetryCommentList\":[],\"click\":11,\"content\":\"<p>关关雎鸠，在河之洲。窈窕淑女，君子好逑。</p><p>参差荇菜，左右流之。窈窕淑女，寤寐求之。</p><p>求之不得，寤寐思服。悠哉悠哉，辗转反侧。</p><p>参差荇菜，左右采之。窈窕淑女，琴瑟友之。</p><p>参差荇菜，左右芼之。窈窕淑女，钟鼓乐之。</p>\",\"createBy\":\"admin\",\"createTime\":\"2024-05-14 21:04:01\",\"dynasty\":\"0\",\"id\":1,\"imgs\":\"/profile/upload/2024/05/14/QQ20221021114707_20240514205652A009.jpg,/profile/upload/2024/05/14/QQ20230916210933_20240514205654A010.jpg,/profile/upload/2024/05/14/QQ20221021114744_20240514205656A011.jpg,/profile/upload/2024/05/14/QQ20221021114753_20240514205658A012.jpg,/profile/upload/2024/05/14/QQ20221021114744_20240514205701A013.jpg\",\"params\":{},\"recitation\":\"/profile/upload/2024/05/14/老街北_20240514205738A014.mp3\",\"remark\":\"\",\"title\":\"关雎\",\"updateTime\":\"2024-05-14 22:14:47\",\"video\":\"/profile/upload/2024/05/14/七里Smile - 幹物女_20240514205742A015.mp4\"}}', 0, NULL, '2024-05-14 23:25:30', 7);
INSERT INTO `sys_oper_log` VALUES (185, '诗词', 2, 'com.main.system.controller.BizPoetryController.read()', 'PUT', 1, 'admin', '研发部门', '/system/poetry/read/1', '127.0.0.1', '内网IP', '1', '{\"msg\":\"操作成功\",\"code\":200,\"data\":{\"author\":\"佚名\",\"bizPoetryCommentList\":[],\"click\":12,\"content\":\"<p>关关雎鸠，在河之洲。窈窕淑女，君子好逑。</p><p>参差荇菜，左右流之。窈窕淑女，寤寐求之。</p><p>求之不得，寤寐思服。悠哉悠哉，辗转反侧。</p><p>参差荇菜，左右采之。窈窕淑女，琴瑟友之。</p><p>参差荇菜，左右芼之。窈窕淑女，钟鼓乐之。</p>\",\"createBy\":\"admin\",\"createTime\":\"2024-05-14 21:04:01\",\"dynasty\":\"0\",\"id\":1,\"imgs\":\"/profile/upload/2024/05/14/QQ20221021114707_20240514205652A009.jpg,/profile/upload/2024/05/14/QQ20230916210933_20240514205654A010.jpg,/profile/upload/2024/05/14/QQ20221021114744_20240514205656A011.jpg,/profile/upload/2024/05/14/QQ20221021114753_20240514205658A012.jpg,/profile/upload/2024/05/14/QQ20221021114744_20240514205701A013.jpg\",\"params\":{},\"recitation\":\"/profile/upload/2024/05/14/老街北_20240514205738A014.mp3\",\"remark\":\"\",\"title\":\"关雎\",\"updateTime\":\"2024-05-14 22:14:47\",\"video\":\"/profile/upload/2024/05/14/七里Smile - 幹物女_20240514205742A015.mp4\"}}', 0, NULL, '2024-05-14 23:25:43', 16);
INSERT INTO `sys_oper_log` VALUES (186, '诗词', 2, 'com.main.system.controller.BizPoetryController.read()', 'PUT', 1, 'admin', '研发部门', '/system/poetry/read/1', '127.0.0.1', '内网IP', '1', '{\"msg\":\"操作成功\",\"code\":200,\"data\":{\"author\":\"佚名\",\"bizPoetryCommentList\":[],\"click\":13,\"content\":\"<p>关关雎鸠，在河之洲。窈窕淑女，君子好逑。</p><p>参差荇菜，左右流之。窈窕淑女，寤寐求之。</p><p>求之不得，寤寐思服。悠哉悠哉，辗转反侧。</p><p>参差荇菜，左右采之。窈窕淑女，琴瑟友之。</p><p>参差荇菜，左右芼之。窈窕淑女，钟鼓乐之。</p>\",\"createBy\":\"admin\",\"createTime\":\"2024-05-14 21:04:01\",\"dynasty\":\"0\",\"id\":1,\"imgs\":\"/profile/upload/2024/05/14/QQ20221021114707_20240514205652A009.jpg,/profile/upload/2024/05/14/QQ20230916210933_20240514205654A010.jpg,/profile/upload/2024/05/14/QQ20221021114744_20240514205656A011.jpg,/profile/upload/2024/05/14/QQ20221021114753_20240514205658A012.jpg,/profile/upload/2024/05/14/QQ20221021114744_20240514205701A013.jpg\",\"params\":{},\"recitation\":\"/profile/upload/2024/05/14/老街北_20240514205738A014.mp3\",\"remark\":\"\",\"title\":\"关雎\",\"updateTime\":\"2024-05-14 22:14:47\",\"video\":\"/profile/upload/2024/05/14/七里Smile - 幹物女_20240514205742A015.mp4\"}}', 0, NULL, '2024-05-14 23:27:04', 8);
INSERT INTO `sys_oper_log` VALUES (187, '诗词', 2, 'com.main.system.controller.BizPoetryController.read()', 'PUT', 1, 'admin', '研发部门', '/system/poetry/read/1', '127.0.0.1', '内网IP', '1', '{\"msg\":\"操作成功\",\"code\":200,\"data\":{\"author\":\"佚名\",\"bizPoetryCommentList\":[],\"click\":14,\"content\":\"<p>关关雎鸠，在河之洲。窈窕淑女，君子好逑。</p><p>参差荇菜，左右流之。窈窕淑女，寤寐求之。</p><p>求之不得，寤寐思服。悠哉悠哉，辗转反侧。</p><p>参差荇菜，左右采之。窈窕淑女，琴瑟友之。</p><p>参差荇菜，左右芼之。窈窕淑女，钟鼓乐之。</p>\",\"createBy\":\"admin\",\"createTime\":\"2024-05-14 21:04:01\",\"dynasty\":\"0\",\"id\":1,\"imgs\":\"/profile/upload/2024/05/14/QQ20221021114707_20240514205652A009.jpg,/profile/upload/2024/05/14/QQ20230916210933_20240514205654A010.jpg,/profile/upload/2024/05/14/QQ20221021114744_20240514205656A011.jpg,/profile/upload/2024/05/14/QQ20221021114753_20240514205658A012.jpg,/profile/upload/2024/05/14/QQ20221021114744_20240514205701A013.jpg\",\"params\":{},\"recitation\":\"/profile/upload/2024/05/14/老街北_20240514205738A014.mp3\",\"remark\":\"\",\"title\":\"关雎\",\"updateTime\":\"2024-05-14 22:14:47\",\"video\":\"/profile/upload/2024/05/14/七里Smile - 幹物女_20240514205742A015.mp4\"}}', 0, NULL, '2024-05-14 23:27:08', 12);
INSERT INTO `sys_oper_log` VALUES (188, '诗词', 2, 'com.main.system.controller.BizPoetryController.read()', 'PUT', 1, 'admin', '研发部门', '/system/poetry/read/1', '127.0.0.1', '内网IP', '1', '{\"msg\":\"操作成功\",\"code\":200,\"data\":{\"author\":\"佚名\",\"bizPoetryCommentList\":[],\"click\":15,\"content\":\"<p>关关雎鸠，在河之洲。窈窕淑女，君子好逑。</p><p>参差荇菜，左右流之。窈窕淑女，寤寐求之。</p><p>求之不得，寤寐思服。悠哉悠哉，辗转反侧。</p><p>参差荇菜，左右采之。窈窕淑女，琴瑟友之。</p><p>参差荇菜，左右芼之。窈窕淑女，钟鼓乐之。</p>\",\"createBy\":\"admin\",\"createTime\":\"2024-05-14 21:04:01\",\"dynasty\":\"0\",\"id\":1,\"imgs\":\"/profile/upload/2024/05/14/QQ20221021114707_20240514205652A009.jpg,/profile/upload/2024/05/14/QQ20230916210933_20240514205654A010.jpg,/profile/upload/2024/05/14/QQ20221021114744_20240514205656A011.jpg,/profile/upload/2024/05/14/QQ20221021114753_20240514205658A012.jpg,/profile/upload/2024/05/14/QQ20221021114744_20240514205701A013.jpg\",\"params\":{},\"recitation\":\"/profile/upload/2024/05/14/老街北_20240514205738A014.mp3\",\"remark\":\"\",\"title\":\"关雎\",\"updateTime\":\"2024-05-14 22:14:47\",\"video\":\"/profile/upload/2024/05/14/七里Smile - 幹物女_20240514205742A015.mp4\"}}', 0, NULL, '2024-05-14 23:30:12', 7);
INSERT INTO `sys_oper_log` VALUES (189, '诗词', 2, 'com.main.system.controller.BizPoetryController.read()', 'PUT', 1, 'admin', '研发部门', '/system/poetry/read/1', '127.0.0.1', '内网IP', '1', '{\"msg\":\"操作成功\",\"code\":200,\"data\":{\"author\":\"佚名\",\"bizPoetryCommentList\":[],\"click\":16,\"content\":\"<p>关关雎鸠，在河之洲。窈窕淑女，君子好逑。</p><p>参差荇菜，左右流之。窈窕淑女，寤寐求之。</p><p>求之不得，寤寐思服。悠哉悠哉，辗转反侧。</p><p>参差荇菜，左右采之。窈窕淑女，琴瑟友之。</p><p>参差荇菜，左右芼之。窈窕淑女，钟鼓乐之。</p>\",\"createBy\":\"admin\",\"createTime\":\"2024-05-14 21:04:01\",\"dynasty\":\"0\",\"id\":1,\"imgs\":\"/profile/upload/2024/05/14/QQ20221021114707_20240514205652A009.jpg,/profile/upload/2024/05/14/QQ20230916210933_20240514205654A010.jpg,/profile/upload/2024/05/14/QQ20221021114744_20240514205656A011.jpg,/profile/upload/2024/05/14/QQ20221021114753_20240514205658A012.jpg,/profile/upload/2024/05/14/QQ20221021114744_20240514205701A013.jpg\",\"params\":{},\"recitation\":\"/profile/upload/2024/05/14/老街北_20240514205738A014.mp3\",\"remark\":\"\",\"title\":\"关雎\",\"updateTime\":\"2024-05-14 22:14:47\",\"video\":\"/profile/upload/2024/05/14/七里Smile - 幹物女_20240514205742A015.mp4\"}}', 0, NULL, '2024-05-14 23:31:25', 19);
INSERT INTO `sys_oper_log` VALUES (190, '诗词', 2, 'com.main.system.controller.BizPoetryController.read()', 'PUT', 1, 'admin', '研发部门', '/system/poetry/read/1', '127.0.0.1', '内网IP', '1', '{\"msg\":\"操作成功\",\"code\":200,\"data\":{\"author\":\"佚名\",\"bizPoetryCommentList\":[],\"click\":17,\"content\":\"<p>关关雎鸠，在河之洲。窈窕淑女，君子好逑。</p><p>参差荇菜，左右流之。窈窕淑女，寤寐求之。</p><p>求之不得，寤寐思服。悠哉悠哉，辗转反侧。</p><p>参差荇菜，左右采之。窈窕淑女，琴瑟友之。</p><p>参差荇菜，左右芼之。窈窕淑女，钟鼓乐之。</p>\",\"createBy\":\"admin\",\"createTime\":\"2024-05-14 21:04:01\",\"dynasty\":\"0\",\"id\":1,\"imgs\":\"/profile/upload/2024/05/14/QQ20221021114707_20240514205652A009.jpg,/profile/upload/2024/05/14/QQ20230916210933_20240514205654A010.jpg,/profile/upload/2024/05/14/QQ20221021114744_20240514205656A011.jpg,/profile/upload/2024/05/14/QQ20221021114753_20240514205658A012.jpg,/profile/upload/2024/05/14/QQ20221021114744_20240514205701A013.jpg\",\"params\":{},\"recitation\":\"/profile/upload/2024/05/14/老街北_20240514205738A014.mp3\",\"remark\":\"\",\"title\":\"关雎\",\"updateTime\":\"2024-05-14 22:14:47\",\"video\":\"/profile/upload/2024/05/14/七里Smile - 幹物女_20240514205742A015.mp4\"}}', 0, NULL, '2024-05-14 23:33:30', 14);
INSERT INTO `sys_oper_log` VALUES (191, '诗词', 2, 'com.main.system.controller.BizPoetryController.read()', 'PUT', 1, 'admin', '研发部门', '/system/poetry/read/1', '127.0.0.1', '内网IP', '1', '{\"msg\":\"操作成功\",\"code\":200,\"data\":{\"author\":\"佚名\",\"bizPoetryCommentList\":[],\"click\":18,\"content\":\"<p>关关雎鸠，在河之洲。窈窕淑女，君子好逑。</p><p>参差荇菜，左右流之。窈窕淑女，寤寐求之。</p><p>求之不得，寤寐思服。悠哉悠哉，辗转反侧。</p><p>参差荇菜，左右采之。窈窕淑女，琴瑟友之。</p><p>参差荇菜，左右芼之。窈窕淑女，钟鼓乐之。</p>\",\"createBy\":\"admin\",\"createTime\":\"2024-05-14 21:04:01\",\"dynasty\":\"0\",\"id\":1,\"imgs\":\"/profile/upload/2024/05/14/QQ20221021114707_20240514205652A009.jpg,/profile/upload/2024/05/14/QQ20230916210933_20240514205654A010.jpg,/profile/upload/2024/05/14/QQ20221021114744_20240514205656A011.jpg,/profile/upload/2024/05/14/QQ20221021114753_20240514205658A012.jpg,/profile/upload/2024/05/14/QQ20221021114744_20240514205701A013.jpg\",\"params\":{},\"recitation\":\"/profile/upload/2024/05/14/老街北_20240514205738A014.mp3\",\"remark\":\"\",\"title\":\"关雎\",\"updateTime\":\"2024-05-14 22:14:47\",\"video\":\"/profile/upload/2024/05/14/七里Smile - 幹物女_20240514205742A015.mp4\"}}', 0, NULL, '2024-05-14 23:34:21', 19);
INSERT INTO `sys_oper_log` VALUES (192, '诗词', 2, 'com.main.system.controller.BizPoetryController.read()', 'PUT', 1, 'admin', '研发部门', '/system/poetry/read/1', '127.0.0.1', '内网IP', '1', '{\"msg\":\"操作成功\",\"code\":200,\"data\":{\"author\":\"佚名\",\"bizPoetryCommentList\":[],\"click\":19,\"content\":\"<p>关关雎鸠，在河之洲。窈窕淑女，君子好逑。</p><p>参差荇菜，左右流之。窈窕淑女，寤寐求之。</p><p>求之不得，寤寐思服。悠哉悠哉，辗转反侧。</p><p>参差荇菜，左右采之。窈窕淑女，琴瑟友之。</p><p>参差荇菜，左右芼之。窈窕淑女，钟鼓乐之。</p>\",\"createBy\":\"admin\",\"createTime\":\"2024-05-14 21:04:01\",\"dynasty\":\"0\",\"id\":1,\"imgs\":\"/profile/upload/2024/05/14/QQ20221021114707_20240514205652A009.jpg,/profile/upload/2024/05/14/QQ20230916210933_20240514205654A010.jpg,/profile/upload/2024/05/14/QQ20221021114744_20240514205656A011.jpg,/profile/upload/2024/05/14/QQ20221021114753_20240514205658A012.jpg,/profile/upload/2024/05/14/QQ20221021114744_20240514205701A013.jpg\",\"params\":{},\"recitation\":\"/profile/upload/2024/05/14/老街北_20240514205738A014.mp3\",\"remark\":\"\",\"title\":\"关雎\",\"updateTime\":\"2024-05-14 22:14:47\",\"video\":\"/profile/upload/2024/05/14/七里Smile - 幹物女_20240514205742A015.mp4\"}}', 0, NULL, '2024-05-14 23:34:49', 8);
INSERT INTO `sys_oper_log` VALUES (193, '诗词', 2, 'com.main.system.controller.BizPoetryController.read()', 'PUT', 1, 'admin', '研发部门', '/system/poetry/read/1', '127.0.0.1', '内网IP', '1', '{\"msg\":\"操作成功\",\"code\":200,\"data\":{\"author\":\"佚名\",\"bizPoetryCommentList\":[],\"click\":20,\"content\":\"<p>关关雎鸠，在河之洲。窈窕淑女，君子好逑。</p><p>参差荇菜，左右流之。窈窕淑女，寤寐求之。</p><p>求之不得，寤寐思服。悠哉悠哉，辗转反侧。</p><p>参差荇菜，左右采之。窈窕淑女，琴瑟友之。</p><p>参差荇菜，左右芼之。窈窕淑女，钟鼓乐之。</p>\",\"createBy\":\"admin\",\"createTime\":\"2024-05-14 21:04:01\",\"dynasty\":\"0\",\"id\":1,\"imgs\":\"/profile/upload/2024/05/14/QQ20221021114707_20240514205652A009.jpg,/profile/upload/2024/05/14/QQ20230916210933_20240514205654A010.jpg,/profile/upload/2024/05/14/QQ20221021114744_20240514205656A011.jpg,/profile/upload/2024/05/14/QQ20221021114753_20240514205658A012.jpg,/profile/upload/2024/05/14/QQ20221021114744_20240514205701A013.jpg\",\"params\":{},\"recitation\":\"/profile/upload/2024/05/14/老街北_20240514205738A014.mp3\",\"remark\":\"\",\"title\":\"关雎\",\"updateTime\":\"2024-05-14 22:14:47\",\"video\":\"/profile/upload/2024/05/14/七里Smile - 幹物女_20240514205742A015.mp4\"}}', 0, NULL, '2024-05-14 23:35:15', 6);
INSERT INTO `sys_oper_log` VALUES (194, '诗词', 2, 'com.main.system.controller.BizPoetryController.read()', 'PUT', 1, 'admin', '研发部门', '/system/poetry/read/1', '127.0.0.1', '内网IP', '1', '{\"msg\":\"操作成功\",\"code\":200,\"data\":{\"author\":\"佚名\",\"bizPoetryCommentList\":[],\"click\":21,\"content\":\"<p>关关雎鸠，在河之洲。窈窕淑女，君子好逑。</p><p>参差荇菜，左右流之。窈窕淑女，寤寐求之。</p><p>求之不得，寤寐思服。悠哉悠哉，辗转反侧。</p><p>参差荇菜，左右采之。窈窕淑女，琴瑟友之。</p><p>参差荇菜，左右芼之。窈窕淑女，钟鼓乐之。</p>\",\"createBy\":\"admin\",\"createTime\":\"2024-05-14 21:04:01\",\"dynasty\":\"0\",\"id\":1,\"imgs\":\"/profile/upload/2024/05/14/QQ20221021114707_20240514205652A009.jpg,/profile/upload/2024/05/14/QQ20230916210933_20240514205654A010.jpg,/profile/upload/2024/05/14/QQ20221021114744_20240514205656A011.jpg,/profile/upload/2024/05/14/QQ20221021114753_20240514205658A012.jpg,/profile/upload/2024/05/14/QQ20221021114744_20240514205701A013.jpg\",\"params\":{},\"recitation\":\"/profile/upload/2024/05/14/老街北_20240514205738A014.mp3\",\"remark\":\"\",\"title\":\"关雎\",\"updateTime\":\"2024-05-14 22:14:47\",\"video\":\"/profile/upload/2024/05/14/七里Smile - 幹物女_20240514205742A015.mp4\"}}', 0, NULL, '2024-05-14 23:36:01', 18);
INSERT INTO `sys_oper_log` VALUES (195, '诗词', 2, 'com.main.system.controller.BizPoetryController.read()', 'PUT', 1, 'admin', '研发部门', '/system/poetry/read/1', '127.0.0.1', '内网IP', '1', '{\"msg\":\"操作成功\",\"code\":200,\"data\":{\"author\":\"佚名\",\"bizPoetryCommentList\":[],\"click\":22,\"content\":\"<p>关关雎鸠，在河之洲。窈窕淑女，君子好逑。</p><p>参差荇菜，左右流之。窈窕淑女，寤寐求之。</p><p>求之不得，寤寐思服。悠哉悠哉，辗转反侧。</p><p>参差荇菜，左右采之。窈窕淑女，琴瑟友之。</p><p>参差荇菜，左右芼之。窈窕淑女，钟鼓乐之。</p>\",\"createBy\":\"admin\",\"createTime\":\"2024-05-14 21:04:01\",\"dynasty\":\"0\",\"id\":1,\"imgs\":\"/profile/upload/2024/05/14/QQ20221021114707_20240514205652A009.jpg,/profile/upload/2024/05/14/QQ20230916210933_20240514205654A010.jpg,/profile/upload/2024/05/14/QQ20221021114744_20240514205656A011.jpg,/profile/upload/2024/05/14/QQ20221021114753_20240514205658A012.jpg,/profile/upload/2024/05/14/QQ20221021114744_20240514205701A013.jpg\",\"params\":{},\"recitation\":\"/profile/upload/2024/05/14/老街北_20240514205738A014.mp3\",\"remark\":\"\",\"title\":\"关雎\",\"updateTime\":\"2024-05-14 22:14:47\",\"video\":\"/profile/upload/2024/05/14/七里Smile - 幹物女_20240514205742A015.mp4\"}}', 0, NULL, '2024-05-14 23:36:40', 16);
INSERT INTO `sys_oper_log` VALUES (196, '诗词', 2, 'com.main.system.controller.BizPoetryController.read()', 'PUT', 1, 'admin', '研发部门', '/system/poetry/read/1', '127.0.0.1', '内网IP', '1', '{\"msg\":\"操作成功\",\"code\":200,\"data\":{\"author\":\"佚名\",\"bizPoetryCommentList\":[],\"click\":23,\"content\":\"<p>关关雎鸠，在河之洲。窈窕淑女，君子好逑。</p><p>参差荇菜，左右流之。窈窕淑女，寤寐求之。</p><p>求之不得，寤寐思服。悠哉悠哉，辗转反侧。</p><p>参差荇菜，左右采之。窈窕淑女，琴瑟友之。</p><p>参差荇菜，左右芼之。窈窕淑女，钟鼓乐之。</p>\",\"createBy\":\"admin\",\"createTime\":\"2024-05-14 21:04:01\",\"dynasty\":\"0\",\"id\":1,\"imgs\":\"/profile/upload/2024/05/14/QQ20221021114707_20240514205652A009.jpg,/profile/upload/2024/05/14/QQ20230916210933_20240514205654A010.jpg,/profile/upload/2024/05/14/QQ20221021114744_20240514205656A011.jpg,/profile/upload/2024/05/14/QQ20221021114753_20240514205658A012.jpg,/profile/upload/2024/05/14/QQ20221021114744_20240514205701A013.jpg\",\"params\":{},\"recitation\":\"/profile/upload/2024/05/14/老街北_20240514205738A014.mp3\",\"remark\":\"\",\"title\":\"关雎\",\"updateTime\":\"2024-05-14 22:14:47\",\"video\":\"/profile/upload/2024/05/14/七里Smile - 幹物女_20240514205742A015.mp4\"}}', 0, NULL, '2024-05-14 23:37:40', 18);
INSERT INTO `sys_oper_log` VALUES (197, '诗词', 2, 'com.main.system.controller.BizPoetryController.read()', 'PUT', 1, 'admin', '研发部门', '/system/poetry/read/1', '127.0.0.1', '内网IP', '1', '{\"msg\":\"操作成功\",\"code\":200,\"data\":{\"author\":\"佚名\",\"bizPoetryCommentList\":[],\"click\":24,\"content\":\"<p>关关雎鸠，在河之洲。窈窕淑女，君子好逑。</p><p>参差荇菜，左右流之。窈窕淑女，寤寐求之。</p><p>求之不得，寤寐思服。悠哉悠哉，辗转反侧。</p><p>参差荇菜，左右采之。窈窕淑女，琴瑟友之。</p><p>参差荇菜，左右芼之。窈窕淑女，钟鼓乐之。</p>\",\"createBy\":\"admin\",\"createTime\":\"2024-05-14 21:04:01\",\"dynasty\":\"0\",\"id\":1,\"imgs\":\"/profile/upload/2024/05/14/QQ20221021114707_20240514205652A009.jpg,/profile/upload/2024/05/14/QQ20230916210933_20240514205654A010.jpg,/profile/upload/2024/05/14/QQ20221021114744_20240514205656A011.jpg,/profile/upload/2024/05/14/QQ20221021114753_20240514205658A012.jpg,/profile/upload/2024/05/14/QQ20221021114744_20240514205701A013.jpg\",\"params\":{},\"recitation\":\"/profile/upload/2024/05/14/老街北_20240514205738A014.mp3\",\"remark\":\"\",\"title\":\"关雎\",\"updateTime\":\"2024-05-14 22:14:47\",\"video\":\"/profile/upload/2024/05/14/七里Smile - 幹物女_20240514205742A015.mp4\"}}', 0, NULL, '2024-05-14 23:38:31', 8);
INSERT INTO `sys_oper_log` VALUES (198, '诗词', 2, 'com.main.system.controller.BizPoetryController.read()', 'PUT', 1, 'admin', '研发部门', '/system/poetry/read/1', '127.0.0.1', '内网IP', '1', '{\"msg\":\"操作成功\",\"code\":200,\"data\":{\"author\":\"佚名\",\"bizPoetryCommentList\":[],\"click\":25,\"content\":\"<p>关关雎鸠，在河之洲。窈窕淑女，君子好逑。</p><p>参差荇菜，左右流之。窈窕淑女，寤寐求之。</p><p>求之不得，寤寐思服。悠哉悠哉，辗转反侧。</p><p>参差荇菜，左右采之。窈窕淑女，琴瑟友之。</p><p>参差荇菜，左右芼之。窈窕淑女，钟鼓乐之。</p>\",\"createBy\":\"admin\",\"createTime\":\"2024-05-14 21:04:01\",\"dynasty\":\"0\",\"id\":1,\"imgs\":\"/profile/upload/2024/05/14/QQ20221021114707_20240514205652A009.jpg,/profile/upload/2024/05/14/QQ20230916210933_20240514205654A010.jpg,/profile/upload/2024/05/14/QQ20221021114744_20240514205656A011.jpg,/profile/upload/2024/05/14/QQ20221021114753_20240514205658A012.jpg,/profile/upload/2024/05/14/QQ20221021114744_20240514205701A013.jpg\",\"params\":{},\"recitation\":\"/profile/upload/2024/05/14/老街北_20240514205738A014.mp3\",\"remark\":\"\",\"title\":\"关雎\",\"updateTime\":\"2024-05-14 22:14:47\",\"video\":\"/profile/upload/2024/05/14/七里Smile - 幹物女_20240514205742A015.mp4\"}}', 0, NULL, '2024-05-14 23:42:25', 7);
INSERT INTO `sys_oper_log` VALUES (199, '诗词', 2, 'com.main.system.controller.BizPoetryController.read()', 'PUT', 1, 'admin', '研发部门', '/system/poetry/read/1', '127.0.0.1', '内网IP', '1', '{\"msg\":\"操作成功\",\"code\":200,\"data\":{\"author\":\"佚名\",\"bizPoetryCommentList\":[],\"click\":26,\"content\":\"<p>关关雎鸠，在河之洲。窈窕淑女，君子好逑。</p><p>参差荇菜，左右流之。窈窕淑女，寤寐求之。</p><p>求之不得，寤寐思服。悠哉悠哉，辗转反侧。</p><p>参差荇菜，左右采之。窈窕淑女，琴瑟友之。</p><p>参差荇菜，左右芼之。窈窕淑女，钟鼓乐之。</p>\",\"createBy\":\"admin\",\"createTime\":\"2024-05-14 21:04:01\",\"dynasty\":\"0\",\"id\":1,\"imgs\":\"/profile/upload/2024/05/14/QQ20221021114707_20240514205652A009.jpg,/profile/upload/2024/05/14/QQ20230916210933_20240514205654A010.jpg,/profile/upload/2024/05/14/QQ20221021114744_20240514205656A011.jpg,/profile/upload/2024/05/14/QQ20221021114753_20240514205658A012.jpg,/profile/upload/2024/05/14/QQ20221021114744_20240514205701A013.jpg\",\"params\":{},\"recitation\":\"/profile/upload/2024/05/14/老街北_20240514205738A014.mp3\",\"remark\":\"\",\"title\":\"关雎\",\"updateTime\":\"2024-05-14 22:14:47\",\"video\":\"/profile/upload/2024/05/14/七里Smile - 幹物女_20240514205742A015.mp4\"}}', 0, NULL, '2024-05-14 23:42:52', 17);
INSERT INTO `sys_oper_log` VALUES (200, '诗词', 2, 'com.main.system.controller.BizPoetryController.read()', 'PUT', 1, 'admin', '研发部门', '/system/poetry/read/1', '127.0.0.1', '内网IP', '1', '{\"msg\":\"操作成功\",\"code\":200,\"data\":{\"author\":\"佚名\",\"bizPoetryCommentList\":[],\"click\":27,\"content\":\"<p>关关雎鸠，在河之洲。窈窕淑女，君子好逑。</p><p>参差荇菜，左右流之。窈窕淑女，寤寐求之。</p><p>求之不得，寤寐思服。悠哉悠哉，辗转反侧。</p><p>参差荇菜，左右采之。窈窕淑女，琴瑟友之。</p><p>参差荇菜，左右芼之。窈窕淑女，钟鼓乐之。</p>\",\"createBy\":\"admin\",\"createTime\":\"2024-05-14 21:04:01\",\"dynasty\":\"0\",\"id\":1,\"imgs\":\"/profile/upload/2024/05/14/QQ20221021114707_20240514205652A009.jpg,/profile/upload/2024/05/14/QQ20230916210933_20240514205654A010.jpg,/profile/upload/2024/05/14/QQ20221021114744_20240514205656A011.jpg,/profile/upload/2024/05/14/QQ20221021114753_20240514205658A012.jpg,/profile/upload/2024/05/14/QQ20221021114744_20240514205701A013.jpg\",\"params\":{},\"recitation\":\"/profile/upload/2024/05/14/老街北_20240514205738A014.mp3\",\"remark\":\"\",\"title\":\"关雎\",\"updateTime\":\"2024-05-14 22:14:47\",\"video\":\"/profile/upload/2024/05/14/七里Smile - 幹物女_20240514205742A015.mp4\"}}', 0, NULL, '2024-05-14 23:42:55', 7);
INSERT INTO `sys_oper_log` VALUES (201, '诗词', 2, 'com.main.system.controller.BizPoetryController.read()', 'PUT', 1, 'admin', '研发部门', '/system/poetry/read/1', '127.0.0.1', '内网IP', '1', '{\"msg\":\"操作成功\",\"code\":200,\"data\":{\"author\":\"佚名\",\"bizPoetryCommentList\":[],\"click\":28,\"content\":\"<p>关关雎鸠，在河之洲。窈窕淑女，君子好逑。</p><p>参差荇菜，左右流之。窈窕淑女，寤寐求之。</p><p>求之不得，寤寐思服。悠哉悠哉，辗转反侧。</p><p>参差荇菜，左右采之。窈窕淑女，琴瑟友之。</p><p>参差荇菜，左右芼之。窈窕淑女，钟鼓乐之。</p>\",\"createBy\":\"admin\",\"createTime\":\"2024-05-14 21:04:01\",\"dynasty\":\"0\",\"id\":1,\"imgs\":\"/profile/upload/2024/05/14/QQ20221021114707_20240514205652A009.jpg,/profile/upload/2024/05/14/QQ20230916210933_20240514205654A010.jpg,/profile/upload/2024/05/14/QQ20221021114744_20240514205656A011.jpg,/profile/upload/2024/05/14/QQ20221021114753_20240514205658A012.jpg,/profile/upload/2024/05/14/QQ20221021114744_20240514205701A013.jpg\",\"params\":{},\"recitation\":\"/profile/upload/2024/05/14/老街北_20240514205738A014.mp3\",\"remark\":\"\",\"title\":\"关雎\",\"updateTime\":\"2024-05-14 22:14:47\",\"video\":\"/profile/upload/2024/05/14/七里Smile - 幹物女_20240514205742A015.mp4\"}}', 0, NULL, '2024-05-14 23:46:15', 6);
INSERT INTO `sys_oper_log` VALUES (202, '诗词', 2, 'com.main.system.controller.BizPoetryController.read()', 'PUT', 1, 'admin', '研发部门', '/system/poetry/read/1', '127.0.0.1', '内网IP', '1', '{\"msg\":\"操作成功\",\"code\":200,\"data\":{\"author\":\"佚名\",\"bizPoetryCommentList\":[],\"click\":29,\"content\":\"<p>关关雎鸠，在河之洲。窈窕淑女，君子好逑。</p><p>参差荇菜，左右流之。窈窕淑女，寤寐求之。</p><p>求之不得，寤寐思服。悠哉悠哉，辗转反侧。</p><p>参差荇菜，左右采之。窈窕淑女，琴瑟友之。</p><p>参差荇菜，左右芼之。窈窕淑女，钟鼓乐之。</p>\",\"createBy\":\"admin\",\"createTime\":\"2024-05-14 21:04:01\",\"dynasty\":\"0\",\"id\":1,\"imgs\":\"/profile/upload/2024/05/14/QQ20221021114707_20240514205652A009.jpg,/profile/upload/2024/05/14/QQ20230916210933_20240514205654A010.jpg,/profile/upload/2024/05/14/QQ20221021114744_20240514205656A011.jpg,/profile/upload/2024/05/14/QQ20221021114753_20240514205658A012.jpg,/profile/upload/2024/05/14/QQ20221021114744_20240514205701A013.jpg\",\"params\":{},\"recitation\":\"/profile/upload/2024/05/14/老街北_20240514205738A014.mp3\",\"remark\":\"\",\"title\":\"关雎\",\"updateTime\":\"2024-05-14 22:14:47\",\"video\":\"/profile/upload/2024/05/14/七里Smile - 幹物女_20240514205742A015.mp4\"}}', 0, NULL, '2024-05-14 23:47:41', 8);
INSERT INTO `sys_oper_log` VALUES (203, '诗词', 2, 'com.main.system.controller.BizPoetryController.read()', 'PUT', 1, 'admin', '研发部门', '/system/poetry/read/1', '127.0.0.1', '内网IP', '1', '{\"msg\":\"操作成功\",\"code\":200,\"data\":{\"author\":\"佚名\",\"bizPoetryCommentList\":[],\"click\":30,\"content\":\"<p>关关雎鸠，在河之洲。窈窕淑女，君子好逑。</p><p>参差荇菜，左右流之。窈窕淑女，寤寐求之。</p><p>求之不得，寤寐思服。悠哉悠哉，辗转反侧。</p><p>参差荇菜，左右采之。窈窕淑女，琴瑟友之。</p><p>参差荇菜，左右芼之。窈窕淑女，钟鼓乐之。</p>\",\"createBy\":\"admin\",\"createTime\":\"2024-05-14 21:04:01\",\"dynasty\":\"0\",\"id\":1,\"imgs\":\"/profile/upload/2024/05/14/QQ20221021114707_20240514205652A009.jpg,/profile/upload/2024/05/14/QQ20230916210933_20240514205654A010.jpg,/profile/upload/2024/05/14/QQ20221021114744_20240514205656A011.jpg,/profile/upload/2024/05/14/QQ20221021114753_20240514205658A012.jpg,/profile/upload/2024/05/14/QQ20221021114744_20240514205701A013.jpg\",\"params\":{},\"recitation\":\"/profile/upload/2024/05/14/老街北_20240514205738A014.mp3\",\"remark\":\"\",\"title\":\"关雎\",\"updateTime\":\"2024-05-14 22:14:47\",\"video\":\"/profile/upload/2024/05/14/七里Smile - 幹物女_20240514205742A015.mp4\"}}', 0, NULL, '2024-05-14 23:48:11', 6);
INSERT INTO `sys_oper_log` VALUES (204, '诗词', 2, 'com.main.system.controller.BizPoetryController.read()', 'PUT', 1, 'admin', '研发部门', '/system/poetry/read/1', '127.0.0.1', '内网IP', '1', '{\"msg\":\"操作成功\",\"code\":200,\"data\":{\"author\":\"佚名\",\"bizPoetryCommentList\":[],\"click\":31,\"content\":\"<p>关关雎鸠，在河之洲。窈窕淑女，君子好逑。</p><p>参差荇菜，左右流之。窈窕淑女，寤寐求之。</p><p>求之不得，寤寐思服。悠哉悠哉，辗转反侧。</p><p>参差荇菜，左右采之。窈窕淑女，琴瑟友之。</p><p>参差荇菜，左右芼之。窈窕淑女，钟鼓乐之。</p>\",\"createBy\":\"admin\",\"createTime\":\"2024-05-14 21:04:01\",\"dynasty\":\"0\",\"id\":1,\"imgs\":\"/profile/upload/2024/05/14/QQ20221021114707_20240514205652A009.jpg,/profile/upload/2024/05/14/QQ20230916210933_20240514205654A010.jpg,/profile/upload/2024/05/14/QQ20221021114744_20240514205656A011.jpg,/profile/upload/2024/05/14/QQ20221021114753_20240514205658A012.jpg,/profile/upload/2024/05/14/QQ20221021114744_20240514205701A013.jpg\",\"params\":{},\"recitation\":\"/profile/upload/2024/05/14/老街北_20240514205738A014.mp3\",\"remark\":\"\",\"title\":\"关雎\",\"updateTime\":\"2024-05-14 22:14:47\",\"video\":\"/profile/upload/2024/05/14/七里Smile - 幹物女_20240514205742A015.mp4\"}}', 0, NULL, '2024-05-14 23:49:00', 6);
INSERT INTO `sys_oper_log` VALUES (205, '诗词', 2, 'com.main.system.controller.BizPoetryController.read()', 'PUT', 1, 'admin', '研发部门', '/system/poetry/read/1', '127.0.0.1', '内网IP', '1', '{\"msg\":\"操作成功\",\"code\":200,\"data\":{\"author\":\"佚名\",\"bizPoetryCommentList\":[],\"click\":32,\"content\":\"<p>关关雎鸠，在河之洲。窈窕淑女，君子好逑。</p><p>参差荇菜，左右流之。窈窕淑女，寤寐求之。</p><p>求之不得，寤寐思服。悠哉悠哉，辗转反侧。</p><p>参差荇菜，左右采之。窈窕淑女，琴瑟友之。</p><p>参差荇菜，左右芼之。窈窕淑女，钟鼓乐之。</p>\",\"createBy\":\"admin\",\"createTime\":\"2024-05-14 21:04:01\",\"dynasty\":\"0\",\"id\":1,\"imgs\":\"/profile/upload/2024/05/14/QQ20221021114707_20240514205652A009.jpg,/profile/upload/2024/05/14/QQ20230916210933_20240514205654A010.jpg,/profile/upload/2024/05/14/QQ20221021114744_20240514205656A011.jpg,/profile/upload/2024/05/14/QQ20221021114753_20240514205658A012.jpg,/profile/upload/2024/05/14/QQ20221021114744_20240514205701A013.jpg\",\"params\":{},\"recitation\":\"/profile/upload/2024/05/14/老街北_20240514205738A014.mp3\",\"remark\":\"\",\"title\":\"关雎\",\"updateTime\":\"2024-05-14 22:14:47\",\"video\":\"/profile/upload/2024/05/14/七里Smile - 幹物女_20240514205742A015.mp4\"}}', 0, NULL, '2024-05-14 23:50:30', 18);
INSERT INTO `sys_oper_log` VALUES (206, '诗词', 2, 'com.main.system.controller.BizPoetryController.read()', 'PUT', 1, 'admin', '研发部门', '/system/poetry/read/1', '127.0.0.1', '内网IP', '1', '{\"msg\":\"操作成功\",\"code\":200,\"data\":{\"author\":\"佚名\",\"bizPoetryCommentList\":[],\"click\":33,\"content\":\"<p>关关雎鸠，在河之洲。窈窕淑女，君子好逑。</p><p>参差荇菜，左右流之。窈窕淑女，寤寐求之。</p><p>求之不得，寤寐思服。悠哉悠哉，辗转反侧。</p><p>参差荇菜，左右采之。窈窕淑女，琴瑟友之。</p><p>参差荇菜，左右芼之。窈窕淑女，钟鼓乐之。</p>\",\"createBy\":\"admin\",\"createTime\":\"2024-05-14 21:04:01\",\"dynasty\":\"0\",\"id\":1,\"imgs\":\"/profile/upload/2024/05/14/QQ20221021114707_20240514205652A009.jpg,/profile/upload/2024/05/14/QQ20230916210933_20240514205654A010.jpg,/profile/upload/2024/05/14/QQ20221021114744_20240514205656A011.jpg,/profile/upload/2024/05/14/QQ20221021114753_20240514205658A012.jpg,/profile/upload/2024/05/14/QQ20221021114744_20240514205701A013.jpg\",\"params\":{},\"recitation\":\"/profile/upload/2024/05/14/老街北_20240514205738A014.mp3\",\"remark\":\"\",\"title\":\"关雎\",\"updateTime\":\"2024-05-14 22:14:47\",\"video\":\"/profile/upload/2024/05/14/七里Smile - 幹物女_20240514205742A015.mp4\"}}', 0, NULL, '2024-05-14 23:53:02', 16);
INSERT INTO `sys_oper_log` VALUES (207, '诗词', 2, 'com.main.system.controller.BizPoetryController.read()', 'PUT', 1, 'admin', '研发部门', '/system/poetry/read/1', '127.0.0.1', '内网IP', '1', '{\"msg\":\"操作成功\",\"code\":200,\"data\":{\"author\":\"佚名\",\"bizPoetryCommentList\":[],\"click\":34,\"content\":\"<p>关关雎鸠，在河之洲。窈窕淑女，君子好逑。</p><p>参差荇菜，左右流之。窈窕淑女，寤寐求之。</p><p>求之不得，寤寐思服。悠哉悠哉，辗转反侧。</p><p>参差荇菜，左右采之。窈窕淑女，琴瑟友之。</p><p>参差荇菜，左右芼之。窈窕淑女，钟鼓乐之。</p>\",\"createBy\":\"admin\",\"createTime\":\"2024-05-14 21:04:01\",\"dynasty\":\"0\",\"id\":1,\"imgs\":\"/profile/upload/2024/05/14/QQ20221021114707_20240514205652A009.jpg,/profile/upload/2024/05/14/QQ20230916210933_20240514205654A010.jpg,/profile/upload/2024/05/14/QQ20221021114744_20240514205656A011.jpg,/profile/upload/2024/05/14/QQ20221021114753_20240514205658A012.jpg,/profile/upload/2024/05/14/QQ20221021114744_20240514205701A013.jpg\",\"params\":{},\"recitation\":\"/profile/upload/2024/05/14/老街北_20240514205738A014.mp3\",\"remark\":\"\",\"title\":\"关雎\",\"updateTime\":\"2024-05-14 22:14:47\",\"video\":\"/profile/upload/2024/05/14/七里Smile - 幹物女_20240514205742A015.mp4\"}}', 0, NULL, '2024-05-14 23:57:37', 18);
INSERT INTO `sys_oper_log` VALUES (208, '诗词', 2, 'com.main.system.controller.BizPoetryController.read()', 'PUT', 1, 'admin', '研发部门', '/system/poetry/read/1', '127.0.0.1', '内网IP', '1', '{\"msg\":\"操作成功\",\"code\":200,\"data\":{\"author\":\"佚名\",\"bizPoetryCommentList\":[],\"click\":35,\"content\":\"<p>关关雎鸠，在河之洲。窈窕淑女，君子好逑。</p><p>参差荇菜，左右流之。窈窕淑女，寤寐求之。</p><p>求之不得，寤寐思服。悠哉悠哉，辗转反侧。</p><p>参差荇菜，左右采之。窈窕淑女，琴瑟友之。</p><p>参差荇菜，左右芼之。窈窕淑女，钟鼓乐之。</p>\",\"createBy\":\"admin\",\"createTime\":\"2024-05-14 21:04:01\",\"dynasty\":\"0\",\"id\":1,\"imgs\":\"/profile/upload/2024/05/14/QQ20221021114707_20240514205652A009.jpg,/profile/upload/2024/05/14/QQ20230916210933_20240514205654A010.jpg,/profile/upload/2024/05/14/QQ20221021114744_20240514205656A011.jpg,/profile/upload/2024/05/14/QQ20221021114753_20240514205658A012.jpg,/profile/upload/2024/05/14/QQ20221021114744_20240514205701A013.jpg\",\"params\":{},\"recitation\":\"/profile/upload/2024/05/14/老街北_20240514205738A014.mp3\",\"remark\":\"\",\"title\":\"关雎\",\"updateTime\":\"2024-05-14 22:14:47\",\"video\":\"/profile/upload/2024/05/14/七里Smile - 幹物女_20240514205742A015.mp4\"}}', 0, NULL, '2024-05-14 23:57:40', 6);
INSERT INTO `sys_oper_log` VALUES (209, '诗词', 2, 'com.main.system.controller.BizPoetryController.read()', 'PUT', 1, 'admin', '研发部门', '/system/poetry/read/1', '127.0.0.1', '内网IP', '1', '{\"msg\":\"操作成功\",\"code\":200,\"data\":{\"author\":\"佚名\",\"bizPoetryCommentList\":[],\"click\":36,\"content\":\"<p>关关雎鸠，在河之洲。窈窕淑女，君子好逑。</p><p>参差荇菜，左右流之。窈窕淑女，寤寐求之。</p><p>求之不得，寤寐思服。悠哉悠哉，辗转反侧。</p><p>参差荇菜，左右采之。窈窕淑女，琴瑟友之。</p><p>参差荇菜，左右芼之。窈窕淑女，钟鼓乐之。</p>\",\"createBy\":\"admin\",\"createTime\":\"2024-05-14 21:04:01\",\"dynasty\":\"0\",\"id\":1,\"imgs\":\"/profile/upload/2024/05/14/QQ20221021114707_20240514205652A009.jpg,/profile/upload/2024/05/14/QQ20230916210933_20240514205654A010.jpg,/profile/upload/2024/05/14/QQ20221021114744_20240514205656A011.jpg,/profile/upload/2024/05/14/QQ20221021114753_20240514205658A012.jpg,/profile/upload/2024/05/14/QQ20221021114744_20240514205701A013.jpg\",\"params\":{},\"recitation\":\"/profile/upload/2024/05/14/老街北_20240514205738A014.mp3\",\"remark\":\"\",\"title\":\"关雎\",\"updateTime\":\"2024-05-14 22:14:47\",\"video\":\"/profile/upload/2024/05/14/七里Smile - 幹物女_20240514205742A015.mp4\"}}', 0, NULL, '2024-05-14 23:58:11', 9);
INSERT INTO `sys_oper_log` VALUES (210, '诗词', 2, 'com.main.system.controller.BizPoetryController.read()', 'PUT', 1, 'admin', '研发部门', '/system/poetry/read/1', '127.0.0.1', '内网IP', '1', '{\"msg\":\"操作成功\",\"code\":200,\"data\":{\"author\":\"佚名\",\"bizPoetryCommentList\":[],\"click\":37,\"content\":\"<p>关关雎鸠，在河之洲。窈窕淑女，君子好逑。</p><p>参差荇菜，左右流之。窈窕淑女，寤寐求之。</p><p>求之不得，寤寐思服。悠哉悠哉，辗转反侧。</p><p>参差荇菜，左右采之。窈窕淑女，琴瑟友之。</p><p>参差荇菜，左右芼之。窈窕淑女，钟鼓乐之。</p>\",\"createBy\":\"admin\",\"createTime\":\"2024-05-14 21:04:01\",\"dynasty\":\"0\",\"id\":1,\"imgs\":\"/profile/upload/2024/05/14/QQ20221021114707_20240514205652A009.jpg,/profile/upload/2024/05/14/QQ20230916210933_20240514205654A010.jpg,/profile/upload/2024/05/14/QQ20221021114744_20240514205656A011.jpg,/profile/upload/2024/05/14/QQ20221021114753_20240514205658A012.jpg,/profile/upload/2024/05/14/QQ20221021114744_20240514205701A013.jpg\",\"params\":{},\"recitation\":\"/profile/upload/2024/05/14/老街北_20240514205738A014.mp3\",\"remark\":\"\",\"title\":\"关雎\",\"updateTime\":\"2024-05-14 22:14:47\",\"video\":\"/profile/upload/2024/05/14/七里Smile - 幹物女_20240514205742A015.mp4\"}}', 0, NULL, '2024-05-14 23:58:56', 7);
INSERT INTO `sys_oper_log` VALUES (211, '诗词', 2, 'com.main.system.controller.BizPoetryController.read()', 'PUT', 1, 'admin', '研发部门', '/system/poetry/read/1', '127.0.0.1', '内网IP', '1', '{\"msg\":\"操作成功\",\"code\":200,\"data\":{\"author\":\"佚名\",\"bizPoetryCommentList\":[],\"click\":38,\"content\":\"<p>关关雎鸠，在河之洲。窈窕淑女，君子好逑。</p><p>参差荇菜，左右流之。窈窕淑女，寤寐求之。</p><p>求之不得，寤寐思服。悠哉悠哉，辗转反侧。</p><p>参差荇菜，左右采之。窈窕淑女，琴瑟友之。</p><p>参差荇菜，左右芼之。窈窕淑女，钟鼓乐之。</p>\",\"createBy\":\"admin\",\"createTime\":\"2024-05-14 21:04:01\",\"dynasty\":\"0\",\"id\":1,\"imgs\":\"/profile/upload/2024/05/14/QQ20221021114707_20240514205652A009.jpg,/profile/upload/2024/05/14/QQ20230916210933_20240514205654A010.jpg,/profile/upload/2024/05/14/QQ20221021114744_20240514205656A011.jpg,/profile/upload/2024/05/14/QQ20221021114753_20240514205658A012.jpg,/profile/upload/2024/05/14/QQ20221021114744_20240514205701A013.jpg\",\"params\":{},\"recitation\":\"/profile/upload/2024/05/14/老街北_20240514205738A014.mp3\",\"remark\":\"\",\"title\":\"关雎\",\"updateTime\":\"2024-05-14 22:14:47\",\"video\":\"/profile/upload/2024/05/14/七里Smile - 幹物女_20240514205742A015.mp4\"}}', 0, NULL, '2024-05-15 00:07:39', 7);
INSERT INTO `sys_oper_log` VALUES (212, '诗词', 2, 'com.main.system.controller.BizPoetryController.read()', 'PUT', 1, 'admin', '研发部门', '/system/poetry/read/1', '127.0.0.1', '内网IP', '1', '{\"msg\":\"操作成功\",\"code\":200,\"data\":{\"author\":\"佚名\",\"bizPoetryCommentList\":[],\"click\":39,\"content\":\"<p>关关雎鸠，在河之洲。窈窕淑女，君子好逑。</p><p>参差荇菜，左右流之。窈窕淑女，寤寐求之。</p><p>求之不得，寤寐思服。悠哉悠哉，辗转反侧。</p><p>参差荇菜，左右采之。窈窕淑女，琴瑟友之。</p><p>参差荇菜，左右芼之。窈窕淑女，钟鼓乐之。</p>\",\"createBy\":\"admin\",\"createTime\":\"2024-05-14 21:04:01\",\"dynasty\":\"0\",\"id\":1,\"imgs\":\"/profile/upload/2024/05/14/QQ20221021114707_20240514205652A009.jpg,/profile/upload/2024/05/14/QQ20230916210933_20240514205654A010.jpg,/profile/upload/2024/05/14/QQ20221021114744_20240514205656A011.jpg,/profile/upload/2024/05/14/QQ20221021114753_20240514205658A012.jpg,/profile/upload/2024/05/14/QQ20221021114744_20240514205701A013.jpg\",\"params\":{},\"recitation\":\"/profile/upload/2024/05/14/老街北_20240514205738A014.mp3\",\"remark\":\"\",\"title\":\"关雎\",\"updateTime\":\"2024-05-14 22:14:47\",\"video\":\"/profile/upload/2024/05/14/七里Smile - 幹物女_20240514205742A015.mp4\"}}', 0, NULL, '2024-05-15 00:08:42', 18);
INSERT INTO `sys_oper_log` VALUES (213, '诗词', 2, 'com.main.system.controller.BizPoetryController.read()', 'PUT', 1, 'admin', '研发部门', '/system/poetry/read/1', '127.0.0.1', '内网IP', '1', '{\"msg\":\"操作成功\",\"code\":200,\"data\":{\"author\":\"佚名\",\"bizPoetryCommentList\":[],\"click\":40,\"content\":\"<p>关关雎鸠，在河之洲。窈窕淑女，君子好逑。</p><p>参差荇菜，左右流之。窈窕淑女，寤寐求之。</p><p>求之不得，寤寐思服。悠哉悠哉，辗转反侧。</p><p>参差荇菜，左右采之。窈窕淑女，琴瑟友之。</p><p>参差荇菜，左右芼之。窈窕淑女，钟鼓乐之。</p>\",\"createBy\":\"admin\",\"createTime\":\"2024-05-14 21:04:01\",\"dynasty\":\"0\",\"id\":1,\"imgs\":\"/profile/upload/2024/05/14/QQ20221021114707_20240514205652A009.jpg,/profile/upload/2024/05/14/QQ20230916210933_20240514205654A010.jpg,/profile/upload/2024/05/14/QQ20221021114744_20240514205656A011.jpg,/profile/upload/2024/05/14/QQ20221021114753_20240514205658A012.jpg,/profile/upload/2024/05/14/QQ20221021114744_20240514205701A013.jpg\",\"params\":{},\"recitation\":\"/profile/upload/2024/05/14/老街北_20240514205738A014.mp3\",\"remark\":\"\",\"title\":\"关雎\",\"updateTime\":\"2024-05-14 22:14:47\",\"video\":\"/profile/upload/2024/05/14/七里Smile - 幹物女_20240514205742A015.mp4\"}}', 0, NULL, '2024-05-15 00:09:46', 5);
INSERT INTO `sys_oper_log` VALUES (214, '诗词', 2, 'com.main.system.controller.BizPoetryController.read()', 'PUT', 1, 'admin', '研发部门', '/system/poetry/read/1', '127.0.0.1', '内网IP', '1', '{\"msg\":\"操作成功\",\"code\":200,\"data\":{\"author\":\"佚名\",\"bizPoetryCommentList\":[],\"click\":41,\"content\":\"<p>关关雎鸠，在河之洲。窈窕淑女，君子好逑。</p><p>参差荇菜，左右流之。窈窕淑女，寤寐求之。</p><p>求之不得，寤寐思服。悠哉悠哉，辗转反侧。</p><p>参差荇菜，左右采之。窈窕淑女，琴瑟友之。</p><p>参差荇菜，左右芼之。窈窕淑女，钟鼓乐之。</p>\",\"createBy\":\"admin\",\"createTime\":\"2024-05-14 21:04:01\",\"dynasty\":\"0\",\"id\":1,\"imgs\":\"/profile/upload/2024/05/14/QQ20221021114707_20240514205652A009.jpg,/profile/upload/2024/05/14/QQ20230916210933_20240514205654A010.jpg,/profile/upload/2024/05/14/QQ20221021114744_20240514205656A011.jpg,/profile/upload/2024/05/14/QQ20221021114753_20240514205658A012.jpg,/profile/upload/2024/05/14/QQ20221021114744_20240514205701A013.jpg\",\"params\":{},\"recitation\":\"/profile/upload/2024/05/14/老街北_20240514205738A014.mp3\",\"remark\":\"\",\"title\":\"关雎\",\"updateTime\":\"2024-05-14 22:14:47\",\"video\":\"/profile/upload/2024/05/14/七里Smile - 幹物女_20240514205742A015.mp4\"}}', 0, NULL, '2024-05-15 00:11:34', 17);
INSERT INTO `sys_oper_log` VALUES (215, '诗词', 2, 'com.main.system.controller.BizPoetryController.read()', 'PUT', 1, 'admin', '研发部门', '/system/poetry/read/1', '127.0.0.1', '内网IP', '1', '{\"msg\":\"操作成功\",\"code\":200,\"data\":{\"author\":\"佚名\",\"bizPoetryCommentList\":[],\"click\":42,\"content\":\"<p>关关雎鸠，在河之洲。窈窕淑女，君子好逑。</p><p>参差荇菜，左右流之。窈窕淑女，寤寐求之。</p><p>求之不得，寤寐思服。悠哉悠哉，辗转反侧。</p><p>参差荇菜，左右采之。窈窕淑女，琴瑟友之。</p><p>参差荇菜，左右芼之。窈窕淑女，钟鼓乐之。</p>\",\"createBy\":\"admin\",\"createTime\":\"2024-05-14 21:04:01\",\"dynasty\":\"0\",\"id\":1,\"imgs\":\"/profile/upload/2024/05/14/QQ20221021114707_20240514205652A009.jpg,/profile/upload/2024/05/14/QQ20230916210933_20240514205654A010.jpg,/profile/upload/2024/05/14/QQ20221021114744_20240514205656A011.jpg,/profile/upload/2024/05/14/QQ20221021114753_20240514205658A012.jpg,/profile/upload/2024/05/14/QQ20221021114744_20240514205701A013.jpg\",\"params\":{},\"recitation\":\"/profile/upload/2024/05/14/老街北_20240514205738A014.mp3\",\"remark\":\"\",\"title\":\"关雎\",\"updateTime\":\"2024-05-14 22:14:47\",\"video\":\"/profile/upload/2024/05/14/七里Smile - 幹物女_20240514205742A015.mp4\"}}', 0, NULL, '2024-05-15 00:12:24', 6);
INSERT INTO `sys_oper_log` VALUES (216, '诗词', 2, 'com.main.system.controller.BizPoetryController.read()', 'PUT', 1, 'admin', '研发部门', '/system/poetry/read/1', '127.0.0.1', '内网IP', '1', '{\"msg\":\"操作成功\",\"code\":200,\"data\":{\"author\":\"佚名\",\"bizPoetryCommentList\":[],\"click\":43,\"content\":\"<p>关关雎鸠，在河之洲。窈窕淑女，君子好逑。</p><p>参差荇菜，左右流之。窈窕淑女，寤寐求之。</p><p>求之不得，寤寐思服。悠哉悠哉，辗转反侧。</p><p>参差荇菜，左右采之。窈窕淑女，琴瑟友之。</p><p>参差荇菜，左右芼之。窈窕淑女，钟鼓乐之。</p>\",\"createBy\":\"admin\",\"createTime\":\"2024-05-14 21:04:01\",\"dynasty\":\"0\",\"id\":1,\"imgs\":\"/profile/upload/2024/05/14/QQ20221021114707_20240514205652A009.jpg,/profile/upload/2024/05/14/QQ20230916210933_20240514205654A010.jpg,/profile/upload/2024/05/14/QQ20221021114744_20240514205656A011.jpg,/profile/upload/2024/05/14/QQ20221021114753_20240514205658A012.jpg,/profile/upload/2024/05/14/QQ20221021114744_20240514205701A013.jpg\",\"params\":{},\"recitation\":\"/profile/upload/2024/05/14/老街北_20240514205738A014.mp3\",\"remark\":\"\",\"title\":\"关雎\",\"updateTime\":\"2024-05-14 22:14:47\",\"video\":\"/profile/upload/2024/05/14/七里Smile - 幹物女_20240514205742A015.mp4\"}}', 0, NULL, '2024-05-15 00:13:17', 18);
INSERT INTO `sys_oper_log` VALUES (217, '诗词', 2, 'com.main.system.controller.BizPoetryController.read()', 'PUT', 1, 'admin', '研发部门', '/system/poetry/read/1', '127.0.0.1', '内网IP', '1', '{\"msg\":\"操作成功\",\"code\":200,\"data\":{\"author\":\"佚名\",\"bizPoetryCommentList\":[],\"click\":44,\"content\":\"<p>关关雎鸠，在河之洲。窈窕淑女，君子好逑。</p><p>参差荇菜，左右流之。窈窕淑女，寤寐求之。</p><p>求之不得，寤寐思服。悠哉悠哉，辗转反侧。</p><p>参差荇菜，左右采之。窈窕淑女，琴瑟友之。</p><p>参差荇菜，左右芼之。窈窕淑女，钟鼓乐之。</p>\",\"createBy\":\"admin\",\"createTime\":\"2024-05-14 21:04:01\",\"dynasty\":\"0\",\"id\":1,\"imgs\":\"/profile/upload/2024/05/14/QQ20221021114707_20240514205652A009.jpg,/profile/upload/2024/05/14/QQ20230916210933_20240514205654A010.jpg,/profile/upload/2024/05/14/QQ20221021114744_20240514205656A011.jpg,/profile/upload/2024/05/14/QQ20221021114753_20240514205658A012.jpg,/profile/upload/2024/05/14/QQ20221021114744_20240514205701A013.jpg\",\"params\":{},\"recitation\":\"/profile/upload/2024/05/14/老街北_20240514205738A014.mp3\",\"remark\":\"\",\"title\":\"关雎\",\"updateTime\":\"2024-05-14 22:14:47\",\"video\":\"/profile/upload/2024/05/14/七里Smile - 幹物女_20240514205742A015.mp4\"}}', 0, NULL, '2024-05-15 00:14:48', 20);
INSERT INTO `sys_oper_log` VALUES (218, '诗词', 2, 'com.main.system.controller.BizPoetryController.read()', 'PUT', 1, 'admin', '研发部门', '/system/poetry/read/1', '127.0.0.1', '内网IP', '1', '{\"msg\":\"操作成功\",\"code\":200,\"data\":{\"author\":\"佚名\",\"bizPoetryCommentList\":[],\"click\":45,\"content\":\"<p>关关雎鸠，在河之洲。窈窕淑女，君子好逑。</p><p>参差荇菜，左右流之。窈窕淑女，寤寐求之。</p><p>求之不得，寤寐思服。悠哉悠哉，辗转反侧。</p><p>参差荇菜，左右采之。窈窕淑女，琴瑟友之。</p><p>参差荇菜，左右芼之。窈窕淑女，钟鼓乐之。</p>\",\"createBy\":\"admin\",\"createTime\":\"2024-05-14 21:04:01\",\"dynasty\":\"0\",\"id\":1,\"imgs\":\"/profile/upload/2024/05/14/QQ20221021114707_20240514205652A009.jpg,/profile/upload/2024/05/14/QQ20230916210933_20240514205654A010.jpg,/profile/upload/2024/05/14/QQ20221021114744_20240514205656A011.jpg,/profile/upload/2024/05/14/QQ20221021114753_20240514205658A012.jpg,/profile/upload/2024/05/14/QQ20221021114744_20240514205701A013.jpg\",\"params\":{},\"recitation\":\"/profile/upload/2024/05/14/老街北_20240514205738A014.mp3\",\"remark\":\"\",\"title\":\"关雎\",\"updateTime\":\"2024-05-14 22:14:47\",\"video\":\"/profile/upload/2024/05/14/七里Smile - 幹物女_20240514205742A015.mp4\"}}', 0, NULL, '2024-05-15 00:14:52', 8);
INSERT INTO `sys_oper_log` VALUES (219, '诗词', 2, 'com.main.system.controller.BizPoetryController.read()', 'PUT', 1, 'admin', '研发部门', '/system/poetry/read/1', '127.0.0.1', '内网IP', '1', '{\"msg\":\"操作成功\",\"code\":200,\"data\":{\"author\":\"佚名\",\"bizPoetryCommentList\":[],\"click\":46,\"content\":\"<p>关关雎鸠，在河之洲。窈窕淑女，君子好逑。</p><p>参差荇菜，左右流之。窈窕淑女，寤寐求之。</p><p>求之不得，寤寐思服。悠哉悠哉，辗转反侧。</p><p>参差荇菜，左右采之。窈窕淑女，琴瑟友之。</p><p>参差荇菜，左右芼之。窈窕淑女，钟鼓乐之。</p>\",\"createBy\":\"admin\",\"createTime\":\"2024-05-14 21:04:01\",\"dynasty\":\"0\",\"id\":1,\"imgs\":\"/profile/upload/2024/05/14/QQ20221021114707_20240514205652A009.jpg,/profile/upload/2024/05/14/QQ20230916210933_20240514205654A010.jpg,/profile/upload/2024/05/14/QQ20221021114744_20240514205656A011.jpg,/profile/upload/2024/05/14/QQ20221021114753_20240514205658A012.jpg,/profile/upload/2024/05/14/QQ20221021114744_20240514205701A013.jpg\",\"params\":{},\"recitation\":\"/profile/upload/2024/05/14/老街北_20240514205738A014.mp3\",\"remark\":\"\",\"title\":\"关雎\",\"updateTime\":\"2024-05-14 22:14:47\",\"video\":\"/profile/upload/2024/05/14/七里Smile - 幹物女_20240514205742A015.mp4\"}}', 0, NULL, '2024-05-15 00:15:32', 18);
INSERT INTO `sys_oper_log` VALUES (220, '诗词', 2, 'com.main.system.controller.BizPoetryController.read()', 'PUT', 1, 'admin', '研发部门', '/system/poetry/read/1', '127.0.0.1', '内网IP', '1', '{\"msg\":\"操作成功\",\"code\":200,\"data\":{\"author\":\"佚名\",\"bizPoetryCommentList\":[],\"click\":47,\"content\":\"<p>关关雎鸠，在河之洲。窈窕淑女，君子好逑。</p><p>参差荇菜，左右流之。窈窕淑女，寤寐求之。</p><p>求之不得，寤寐思服。悠哉悠哉，辗转反侧。</p><p>参差荇菜，左右采之。窈窕淑女，琴瑟友之。</p><p>参差荇菜，左右芼之。窈窕淑女，钟鼓乐之。</p>\",\"createBy\":\"admin\",\"createTime\":\"2024-05-14 21:04:01\",\"dynasty\":\"0\",\"id\":1,\"imgs\":\"/profile/upload/2024/05/14/QQ20221021114707_20240514205652A009.jpg,/profile/upload/2024/05/14/QQ20230916210933_20240514205654A010.jpg,/profile/upload/2024/05/14/QQ20221021114744_20240514205656A011.jpg,/profile/upload/2024/05/14/QQ20221021114753_20240514205658A012.jpg,/profile/upload/2024/05/14/QQ20221021114744_20240514205701A013.jpg\",\"params\":{},\"recitation\":\"/profile/upload/2024/05/14/老街北_20240514205738A014.mp3\",\"remark\":\"\",\"title\":\"关雎\",\"updateTime\":\"2024-05-14 22:14:47\",\"video\":\"/profile/upload/2024/05/14/七里Smile - 幹物女_20240514205742A015.mp4\"}}', 0, NULL, '2024-05-15 00:16:15', 15);
INSERT INTO `sys_oper_log` VALUES (221, '诗词', 2, 'com.main.system.controller.BizPoetryController.read()', 'PUT', 1, 'admin', '研发部门', '/system/poetry/read/1', '127.0.0.1', '内网IP', '1', '{\"msg\":\"操作成功\",\"code\":200,\"data\":{\"author\":\"佚名\",\"bizPoetryCommentList\":[],\"click\":48,\"content\":\"<p>关关雎鸠，在河之洲。窈窕淑女，君子好逑。</p><p>参差荇菜，左右流之。窈窕淑女，寤寐求之。</p><p>求之不得，寤寐思服。悠哉悠哉，辗转反侧。</p><p>参差荇菜，左右采之。窈窕淑女，琴瑟友之。</p><p>参差荇菜，左右芼之。窈窕淑女，钟鼓乐之。</p>\",\"createBy\":\"admin\",\"createTime\":\"2024-05-14 21:04:01\",\"dynasty\":\"0\",\"id\":1,\"imgs\":\"/profile/upload/2024/05/14/QQ20221021114707_20240514205652A009.jpg,/profile/upload/2024/05/14/QQ20230916210933_20240514205654A010.jpg,/profile/upload/2024/05/14/QQ20221021114744_20240514205656A011.jpg,/profile/upload/2024/05/14/QQ20221021114753_20240514205658A012.jpg,/profile/upload/2024/05/14/QQ20221021114744_20240514205701A013.jpg\",\"params\":{},\"recitation\":\"/profile/upload/2024/05/14/老街北_20240514205738A014.mp3\",\"remark\":\"\",\"title\":\"关雎\",\"updateTime\":\"2024-05-14 22:14:47\",\"video\":\"/profile/upload/2024/05/14/七里Smile - 幹物女_20240514205742A015.mp4\"}}', 0, NULL, '2024-05-15 00:16:41', 16);
INSERT INTO `sys_oper_log` VALUES (222, '诗词', 2, 'com.main.system.controller.BizPoetryController.read()', 'PUT', 1, 'admin', '研发部门', '/system/poetry/read/1', '127.0.0.1', '内网IP', '1', '{\"msg\":\"操作成功\",\"code\":200,\"data\":{\"author\":\"佚名\",\"bizPoetryCommentList\":[],\"click\":49,\"content\":\"<p>关关雎鸠，在河之洲。窈窕淑女，君子好逑。</p><p>参差荇菜，左右流之。窈窕淑女，寤寐求之。</p><p>求之不得，寤寐思服。悠哉悠哉，辗转反侧。</p><p>参差荇菜，左右采之。窈窕淑女，琴瑟友之。</p><p>参差荇菜，左右芼之。窈窕淑女，钟鼓乐之。</p>\",\"createBy\":\"admin\",\"createTime\":\"2024-05-14 21:04:01\",\"dynasty\":\"0\",\"id\":1,\"imgs\":\"/profile/upload/2024/05/14/QQ20221021114707_20240514205652A009.jpg,/profile/upload/2024/05/14/QQ20230916210933_20240514205654A010.jpg,/profile/upload/2024/05/14/QQ20221021114744_20240514205656A011.jpg,/profile/upload/2024/05/14/QQ20221021114753_20240514205658A012.jpg,/profile/upload/2024/05/14/QQ20221021114744_20240514205701A013.jpg\",\"params\":{},\"recitation\":\"/profile/upload/2024/05/14/老街北_20240514205738A014.mp3\",\"remark\":\"\",\"title\":\"关雎\",\"updateTime\":\"2024-05-14 22:14:47\",\"video\":\"/profile/upload/2024/05/14/七里Smile - 幹物女_20240514205742A015.mp4\"}}', 0, NULL, '2024-05-15 00:17:25', 7);
INSERT INTO `sys_oper_log` VALUES (223, '诗词', 2, 'com.main.system.controller.BizPoetryController.read()', 'PUT', 1, 'admin', '研发部门', '/system/poetry/read/1', '127.0.0.1', '内网IP', '1', '{\"msg\":\"操作成功\",\"code\":200,\"data\":{\"author\":\"佚名\",\"bizPoetryCommentList\":[],\"click\":50,\"content\":\"<p>关关雎鸠，在河之洲。窈窕淑女，君子好逑。</p><p>参差荇菜，左右流之。窈窕淑女，寤寐求之。</p><p>求之不得，寤寐思服。悠哉悠哉，辗转反侧。</p><p>参差荇菜，左右采之。窈窕淑女，琴瑟友之。</p><p>参差荇菜，左右芼之。窈窕淑女，钟鼓乐之。</p>\",\"createBy\":\"admin\",\"createTime\":\"2024-05-14 21:04:01\",\"dynasty\":\"0\",\"id\":1,\"imgs\":\"/profile/upload/2024/05/14/QQ20221021114707_20240514205652A009.jpg,/profile/upload/2024/05/14/QQ20230916210933_20240514205654A010.jpg,/profile/upload/2024/05/14/QQ20221021114744_20240514205656A011.jpg,/profile/upload/2024/05/14/QQ20221021114753_20240514205658A012.jpg,/profile/upload/2024/05/14/QQ20221021114744_20240514205701A013.jpg\",\"params\":{},\"recitation\":\"/profile/upload/2024/05/14/老街北_20240514205738A014.mp3\",\"remark\":\"\",\"title\":\"关雎\",\"updateTime\":\"2024-05-14 22:14:47\",\"video\":\"/profile/upload/2024/05/14/七里Smile - 幹物女_20240514205742A015.mp4\"}}', 0, NULL, '2024-05-15 00:17:53', 17);
INSERT INTO `sys_oper_log` VALUES (224, '诗词', 2, 'com.main.system.controller.BizPoetryController.read()', 'PUT', 1, 'admin', '研发部门', '/system/poetry/read/1', '127.0.0.1', '内网IP', '1', '{\"msg\":\"操作成功\",\"code\":200,\"data\":{\"author\":\"佚名\",\"bizPoetryCommentList\":[],\"click\":51,\"content\":\"<p>关关雎鸠，在河之洲。窈窕淑女，君子好逑。</p><p>参差荇菜，左右流之。窈窕淑女，寤寐求之。</p><p>求之不得，寤寐思服。悠哉悠哉，辗转反侧。</p><p>参差荇菜，左右采之。窈窕淑女，琴瑟友之。</p><p>参差荇菜，左右芼之。窈窕淑女，钟鼓乐之。</p>\",\"createBy\":\"admin\",\"createTime\":\"2024-05-14 21:04:01\",\"dynasty\":\"0\",\"id\":1,\"imgs\":\"/profile/upload/2024/05/14/QQ20221021114707_20240514205652A009.jpg,/profile/upload/2024/05/14/QQ20230916210933_20240514205654A010.jpg,/profile/upload/2024/05/14/QQ20221021114744_20240514205656A011.jpg,/profile/upload/2024/05/14/QQ20221021114753_20240514205658A012.jpg,/profile/upload/2024/05/14/QQ20221021114744_20240514205701A013.jpg\",\"params\":{},\"recitation\":\"/profile/upload/2024/05/14/老街北_20240514205738A014.mp3\",\"remark\":\"\",\"title\":\"关雎\",\"updateTime\":\"2024-05-14 22:14:47\",\"video\":\"/profile/upload/2024/05/14/七里Smile - 幹物女_20240514205742A015.mp4\"}}', 0, NULL, '2024-05-15 10:21:45', 12);
INSERT INTO `sys_oper_log` VALUES (225, '诗词', 2, 'com.main.system.controller.BizPoetryController.read()', 'PUT', 1, 'admin', '研发部门', '/system/poetry/read/1', '127.0.0.1', '内网IP', '1', '{\"msg\":\"操作成功\",\"code\":200,\"data\":{\"author\":\"佚名\",\"bizPoetryCommentList\":[],\"click\":52,\"content\":\"<p>关关雎鸠，在河之洲。窈窕淑女，君子好逑。</p><p>参差荇菜，左右流之。窈窕淑女，寤寐求之。</p><p>求之不得，寤寐思服。悠哉悠哉，辗转反侧。</p><p>参差荇菜，左右采之。窈窕淑女，琴瑟友之。</p><p>参差荇菜，左右芼之。窈窕淑女，钟鼓乐之。</p>\",\"createBy\":\"admin\",\"createTime\":\"2024-05-14 21:04:01\",\"dynasty\":\"0\",\"id\":1,\"imgs\":\"/profile/upload/2024/05/14/QQ20221021114707_20240514205652A009.jpg,/profile/upload/2024/05/14/QQ20230916210933_20240514205654A010.jpg,/profile/upload/2024/05/14/QQ20221021114744_20240514205656A011.jpg,/profile/upload/2024/05/14/QQ20221021114753_20240514205658A012.jpg,/profile/upload/2024/05/14/QQ20221021114744_20240514205701A013.jpg\",\"params\":{},\"recitation\":\"/profile/upload/2024/05/14/老街北_20240514205738A014.mp3\",\"remark\":\"\",\"title\":\"关雎\",\"updateTime\":\"2024-05-14 22:14:47\",\"video\":\"/profile/upload/2024/05/14/七里Smile - 幹物女_20240514205742A015.mp4\"}}', 0, NULL, '2024-05-15 10:35:30', 8);
INSERT INTO `sys_oper_log` VALUES (226, '诗词', 2, 'com.main.system.controller.BizPoetryController.read()', 'PUT', 1, 'admin', '研发部门', '/system/poetry/read/1', '127.0.0.1', '内网IP', '1', '{\"msg\":\"操作成功\",\"code\":200,\"data\":{\"author\":\"佚名\",\"bizPoetryCommentList\":[],\"click\":53,\"content\":\"<p>关关雎鸠，在河之洲。窈窕淑女，君子好逑。</p><p>参差荇菜，左右流之。窈窕淑女，寤寐求之。</p><p>求之不得，寤寐思服。悠哉悠哉，辗转反侧。</p><p>参差荇菜，左右采之。窈窕淑女，琴瑟友之。</p><p>参差荇菜，左右芼之。窈窕淑女，钟鼓乐之。</p>\",\"createBy\":\"admin\",\"createTime\":\"2024-05-14 21:04:01\",\"dynasty\":\"0\",\"id\":1,\"imgs\":\"/profile/upload/2024/05/14/QQ20221021114707_20240514205652A009.jpg,/profile/upload/2024/05/14/QQ20230916210933_20240514205654A010.jpg,/profile/upload/2024/05/14/QQ20221021114744_20240514205656A011.jpg,/profile/upload/2024/05/14/QQ20221021114753_20240514205658A012.jpg,/profile/upload/2024/05/14/QQ20221021114744_20240514205701A013.jpg\",\"params\":{},\"recitation\":\"/profile/upload/2024/05/14/老街北_20240514205738A014.mp3\",\"remark\":\"\",\"title\":\"关雎\",\"updateTime\":\"2024-05-14 22:14:47\",\"video\":\"/profile/upload/2024/05/14/七里Smile - 幹物女_20240514205742A015.mp4\"}}', 0, NULL, '2024-05-15 10:36:22', 30);
INSERT INTO `sys_oper_log` VALUES (227, '诗词', 2, 'com.main.system.controller.BizPoetryController.read()', 'PUT', 1, 'admin', '研发部门', '/system/poetry/read/1', '127.0.0.1', '内网IP', '1', '{\"msg\":\"操作成功\",\"code\":200,\"data\":{\"author\":\"佚名\",\"bizPoetryCommentList\":[],\"click\":54,\"content\":\"<p>关关雎鸠，在河之洲。窈窕淑女，君子好逑。</p><p>参差荇菜，左右流之。窈窕淑女，寤寐求之。</p><p>求之不得，寤寐思服。悠哉悠哉，辗转反侧。</p><p>参差荇菜，左右采之。窈窕淑女，琴瑟友之。</p><p>参差荇菜，左右芼之。窈窕淑女，钟鼓乐之。</p>\",\"createBy\":\"admin\",\"createTime\":\"2024-05-14 21:04:01\",\"dynasty\":\"0\",\"id\":1,\"imgs\":\"/profile/upload/2024/05/14/QQ20221021114707_20240514205652A009.jpg,/profile/upload/2024/05/14/QQ20230916210933_20240514205654A010.jpg,/profile/upload/2024/05/14/QQ20221021114744_20240514205656A011.jpg,/profile/upload/2024/05/14/QQ20221021114753_20240514205658A012.jpg,/profile/upload/2024/05/14/QQ20221021114744_20240514205701A013.jpg\",\"params\":{},\"recitation\":\"/profile/upload/2024/05/14/老街北_20240514205738A014.mp3\",\"remark\":\"\",\"title\":\"关雎\",\"updateTime\":\"2024-05-14 22:14:47\",\"video\":\"/profile/upload/2024/05/14/七里Smile - 幹物女_20240514205742A015.mp4\"}}', 0, NULL, '2024-05-15 10:52:38', 38);
INSERT INTO `sys_oper_log` VALUES (228, '诗词', 2, 'com.main.system.controller.BizPoetryController.read()', 'PUT', 1, 'admin', '研发部门', '/system/poetry/read/1', '127.0.0.1', '内网IP', '1', '{\"msg\":\"操作成功\",\"code\":200,\"data\":{\"author\":\"佚名\",\"bizPoetryCommentList\":[],\"click\":55,\"content\":\"<p>关关雎鸠，在河之洲。窈窕淑女，君子好逑。</p><p>参差荇菜，左右流之。窈窕淑女，寤寐求之。</p><p>求之不得，寤寐思服。悠哉悠哉，辗转反侧。</p><p>参差荇菜，左右采之。窈窕淑女，琴瑟友之。</p><p>参差荇菜，左右芼之。窈窕淑女，钟鼓乐之。</p>\",\"createBy\":\"admin\",\"createTime\":\"2024-05-14 21:04:01\",\"dynasty\":\"0\",\"id\":1,\"imgs\":\"/profile/upload/2024/05/14/QQ20221021114707_20240514205652A009.jpg,/profile/upload/2024/05/14/QQ20230916210933_20240514205654A010.jpg,/profile/upload/2024/05/14/QQ20221021114744_20240514205656A011.jpg,/profile/upload/2024/05/14/QQ20221021114753_20240514205658A012.jpg,/profile/upload/2024/05/14/QQ20221021114744_20240514205701A013.jpg\",\"params\":{},\"recitation\":\"/profile/upload/2024/05/14/老街北_20240514205738A014.mp3\",\"remark\":\"\",\"title\":\"关雎\",\"updateTime\":\"2024-05-14 22:14:47\",\"video\":\"/profile/upload/2024/05/14/七里Smile - 幹物女_20240514205742A015.mp4\"}}', 0, NULL, '2024-05-15 10:52:40', 14);
INSERT INTO `sys_oper_log` VALUES (229, '用户诗词收藏', 2, 'com.main.system.controller.BizPoetryFavoriteController.favorite()', 'PUT', 1, 'admin', '研发部门', '/system/favorite/do/1', '127.0.0.1', '内网IP', '1', '{\"msg\":\"操作成功\",\"code\":200,\"data\":{\"id\":1,\"params\":{}}}', 0, NULL, '2024-05-15 10:52:44', 26);
INSERT INTO `sys_oper_log` VALUES (230, '用户诗词收藏', 2, 'com.main.system.controller.BizPoetryFavoriteController.favorite()', 'PUT', 1, 'admin', '研发部门', '/system/favorite/do/1', '127.0.0.1', '内网IP', '1', '{\"msg\":\"操作成功\",\"code\":200}', 0, NULL, '2024-05-15 10:52:52', 20);
INSERT INTO `sys_oper_log` VALUES (231, '诗词', 2, 'com.main.system.controller.BizPoetryController.read()', 'PUT', 1, 'admin', '研发部门', '/system/poetry/read/1', '127.0.0.1', '内网IP', '1', '{\"msg\":\"操作成功\",\"code\":200,\"data\":{\"author\":\"佚名\",\"bizPoetryCommentList\":[],\"click\":56,\"content\":\"<p>关关雎鸠，在河之洲。窈窕淑女，君子好逑。</p><p>参差荇菜，左右流之。窈窕淑女，寤寐求之。</p><p>求之不得，寤寐思服。悠哉悠哉，辗转反侧。</p><p>参差荇菜，左右采之。窈窕淑女，琴瑟友之。</p><p>参差荇菜，左右芼之。窈窕淑女，钟鼓乐之。</p>\",\"createBy\":\"admin\",\"createTime\":\"2024-05-14 21:04:01\",\"dynasty\":\"0\",\"id\":1,\"imgs\":\"/profile/upload/2024/05/14/QQ20221021114707_20240514205652A009.jpg,/profile/upload/2024/05/14/QQ20230916210933_20240514205654A010.jpg,/profile/upload/2024/05/14/QQ20221021114744_20240514205656A011.jpg,/profile/upload/2024/05/14/QQ20221021114753_20240514205658A012.jpg,/profile/upload/2024/05/14/QQ20221021114744_20240514205701A013.jpg\",\"params\":{},\"recitation\":\"/profile/upload/2024/05/14/老街北_20240514205738A014.mp3\",\"remark\":\"\",\"title\":\"关雎\",\"updateTime\":\"2024-05-14 22:14:47\",\"video\":\"/profile/upload/2024/05/14/七里Smile - 幹物女_20240514205742A015.mp4\"}}', 0, NULL, '2024-05-15 10:55:19', 19);
INSERT INTO `sys_oper_log` VALUES (232, '诗词', 2, 'com.main.system.controller.BizPoetryController.read()', 'PUT', 1, 'admin', '研发部门', '/system/poetry/read/1', '127.0.0.1', '内网IP', '1', '{\"msg\":\"操作成功\",\"code\":200,\"data\":{\"author\":\"佚名\",\"bizPoetryCommentList\":[],\"click\":57,\"content\":\"<p>关关雎鸠，在河之洲。窈窕淑女，君子好逑。</p><p>参差荇菜，左右流之。窈窕淑女，寤寐求之。</p><p>求之不得，寤寐思服。悠哉悠哉，辗转反侧。</p><p>参差荇菜，左右采之。窈窕淑女，琴瑟友之。</p><p>参差荇菜，左右芼之。窈窕淑女，钟鼓乐之。</p>\",\"createBy\":\"admin\",\"createTime\":\"2024-05-14 21:04:01\",\"dynasty\":\"0\",\"id\":1,\"imgs\":\"/profile/upload/2024/05/14/QQ20221021114707_20240514205652A009.jpg,/profile/upload/2024/05/14/QQ20230916210933_20240514205654A010.jpg,/profile/upload/2024/05/14/QQ20221021114744_20240514205656A011.jpg,/profile/upload/2024/05/14/QQ20221021114753_20240514205658A012.jpg,/profile/upload/2024/05/14/QQ20221021114744_20240514205701A013.jpg\",\"params\":{},\"recitation\":\"/profile/upload/2024/05/14/老街北_20240514205738A014.mp3\",\"remark\":\"\",\"title\":\"关雎\",\"updateTime\":\"2024-05-14 22:14:47\",\"video\":\"/profile/upload/2024/05/14/七里Smile - 幹物女_20240514205742A015.mp4\"}}', 0, NULL, '2024-05-15 10:55:22', 11);
INSERT INTO `sys_oper_log` VALUES (233, '诗词', 2, 'com.main.system.controller.BizPoetryController.read()', 'PUT', 1, 'admin', '研发部门', '/system/poetry/read/1', '127.0.0.1', '内网IP', '1', '{\"msg\":\"操作成功\",\"code\":200,\"data\":{\"author\":\"佚名\",\"bizPoetryCommentList\":[],\"click\":58,\"content\":\"<p>关关雎鸠，在河之洲。窈窕淑女，君子好逑。</p><p>参差荇菜，左右流之。窈窕淑女，寤寐求之。</p><p>求之不得，寤寐思服。悠哉悠哉，辗转反侧。</p><p>参差荇菜，左右采之。窈窕淑女，琴瑟友之。</p><p>参差荇菜，左右芼之。窈窕淑女，钟鼓乐之。</p>\",\"createBy\":\"admin\",\"createTime\":\"2024-05-14 21:04:01\",\"dynasty\":\"0\",\"id\":1,\"imgs\":\"/profile/upload/2024/05/14/QQ20221021114707_20240514205652A009.jpg,/profile/upload/2024/05/14/QQ20230916210933_20240514205654A010.jpg,/profile/upload/2024/05/14/QQ20221021114744_20240514205656A011.jpg,/profile/upload/2024/05/14/QQ20221021114753_20240514205658A012.jpg,/profile/upload/2024/05/14/QQ20221021114744_20240514205701A013.jpg\",\"params\":{},\"recitation\":\"/profile/upload/2024/05/14/老街北_20240514205738A014.mp3\",\"remark\":\"\",\"title\":\"关雎\",\"updateTime\":\"2024-05-14 22:14:47\",\"video\":\"/profile/upload/2024/05/14/七里Smile - 幹物女_20240514205742A015.mp4\"}}', 0, NULL, '2024-05-15 10:56:34', 19);
INSERT INTO `sys_oper_log` VALUES (234, '诗词', 2, 'com.main.system.controller.BizPoetryController.read()', 'PUT', 1, 'admin', '研发部门', '/system/poetry/read/1', '127.0.0.1', '内网IP', '1', '{\"msg\":\"操作成功\",\"code\":200,\"data\":{\"author\":\"佚名\",\"bizPoetryCommentList\":[],\"click\":59,\"content\":\"<p>关关雎鸠，在河之洲。窈窕淑女，君子好逑。</p><p>参差荇菜，左右流之。窈窕淑女，寤寐求之。</p><p>求之不得，寤寐思服。悠哉悠哉，辗转反侧。</p><p>参差荇菜，左右采之。窈窕淑女，琴瑟友之。</p><p>参差荇菜，左右芼之。窈窕淑女，钟鼓乐之。</p>\",\"createBy\":\"admin\",\"createTime\":\"2024-05-14 21:04:01\",\"dynasty\":\"0\",\"id\":1,\"imgs\":\"/profile/upload/2024/05/14/QQ20221021114707_20240514205652A009.jpg,/profile/upload/2024/05/14/QQ20230916210933_20240514205654A010.jpg,/profile/upload/2024/05/14/QQ20221021114744_20240514205656A011.jpg,/profile/upload/2024/05/14/QQ20221021114753_20240514205658A012.jpg,/profile/upload/2024/05/14/QQ20221021114744_20240514205701A013.jpg\",\"params\":{},\"recitation\":\"/profile/upload/2024/05/14/老街北_20240514205738A014.mp3\",\"remark\":\"\",\"title\":\"关雎\",\"updateTime\":\"2024-05-14 22:14:47\",\"video\":\"/profile/upload/2024/05/14/七里Smile - 幹物女_20240514205742A015.mp4\"}}', 0, NULL, '2024-05-15 10:56:51', 24);
INSERT INTO `sys_oper_log` VALUES (235, '诗词', 2, 'com.main.system.controller.BizPoetryController.read()', 'PUT', 1, 'admin', '研发部门', '/system/poetry/read/1', '127.0.0.1', '内网IP', '1', '{\"msg\":\"操作成功\",\"code\":200,\"data\":{\"author\":\"佚名\",\"bizPoetryCommentList\":[],\"click\":60,\"content\":\"<p>关关雎鸠，在河之洲。窈窕淑女，君子好逑。</p><p>参差荇菜，左右流之。窈窕淑女，寤寐求之。</p><p>求之不得，寤寐思服。悠哉悠哉，辗转反侧。</p><p>参差荇菜，左右采之。窈窕淑女，琴瑟友之。</p><p>参差荇菜，左右芼之。窈窕淑女，钟鼓乐之。</p>\",\"createBy\":\"admin\",\"createTime\":\"2024-05-14 21:04:01\",\"dynasty\":\"0\",\"id\":1,\"imgs\":\"/profile/upload/2024/05/14/QQ20221021114707_20240514205652A009.jpg,/profile/upload/2024/05/14/QQ20230916210933_20240514205654A010.jpg,/profile/upload/2024/05/14/QQ20221021114744_20240514205656A011.jpg,/profile/upload/2024/05/14/QQ20221021114753_20240514205658A012.jpg,/profile/upload/2024/05/14/QQ20221021114744_20240514205701A013.jpg\",\"params\":{},\"recitation\":\"/profile/upload/2024/05/14/老街北_20240514205738A014.mp3\",\"remark\":\"\",\"title\":\"关雎\",\"updateTime\":\"2024-05-14 22:14:47\",\"video\":\"/profile/upload/2024/05/14/七里Smile - 幹物女_20240514205742A015.mp4\"}}', 0, NULL, '2024-05-15 10:57:40', 10);
INSERT INTO `sys_oper_log` VALUES (236, '诗词', 2, 'com.main.system.controller.BizPoetryController.read()', 'PUT', 1, 'admin', '研发部门', '/system/poetry/read/1', '127.0.0.1', '内网IP', '1', '{\"msg\":\"操作成功\",\"code\":200,\"data\":{\"author\":\"佚名\",\"bizPoetryCommentList\":[],\"click\":61,\"content\":\"<p>关关雎鸠，在河之洲。窈窕淑女，君子好逑。</p><p>参差荇菜，左右流之。窈窕淑女，寤寐求之。</p><p>求之不得，寤寐思服。悠哉悠哉，辗转反侧。</p><p>参差荇菜，左右采之。窈窕淑女，琴瑟友之。</p><p>参差荇菜，左右芼之。窈窕淑女，钟鼓乐之。</p>\",\"createBy\":\"admin\",\"createTime\":\"2024-05-14 21:04:01\",\"dynasty\":\"0\",\"id\":1,\"imgs\":\"/profile/upload/2024/05/14/QQ20221021114707_20240514205652A009.jpg,/profile/upload/2024/05/14/QQ20230916210933_20240514205654A010.jpg,/profile/upload/2024/05/14/QQ20221021114744_20240514205656A011.jpg,/profile/upload/2024/05/14/QQ20221021114753_20240514205658A012.jpg,/profile/upload/2024/05/14/QQ20221021114744_20240514205701A013.jpg\",\"params\":{},\"recitation\":\"/profile/upload/2024/05/14/老街北_20240514205738A014.mp3\",\"remark\":\"\",\"title\":\"关雎\",\"updateTime\":\"2024-05-14 22:14:47\",\"video\":\"/profile/upload/2024/05/14/七里Smile - 幹物女_20240514205742A015.mp4\"}}', 0, NULL, '2024-05-15 10:57:49', 13);
INSERT INTO `sys_oper_log` VALUES (237, '诗词', 2, 'com.main.system.controller.BizPoetryController.read()', 'PUT', 1, 'admin', '研发部门', '/system/poetry/read/1', '127.0.0.1', '内网IP', '1', '{\"msg\":\"操作成功\",\"code\":200,\"data\":{\"author\":\"佚名\",\"bizPoetryCommentList\":[],\"click\":62,\"content\":\"<p>关关雎鸠，在河之洲。窈窕淑女，君子好逑。</p><p>参差荇菜，左右流之。窈窕淑女，寤寐求之。</p><p>求之不得，寤寐思服。悠哉悠哉，辗转反侧。</p><p>参差荇菜，左右采之。窈窕淑女，琴瑟友之。</p><p>参差荇菜，左右芼之。窈窕淑女，钟鼓乐之。</p>\",\"createBy\":\"admin\",\"createTime\":\"2024-05-14 21:04:01\",\"dynasty\":\"0\",\"id\":1,\"imgs\":\"/profile/upload/2024/05/14/QQ20221021114707_20240514205652A009.jpg,/profile/upload/2024/05/14/QQ20230916210933_20240514205654A010.jpg,/profile/upload/2024/05/14/QQ20221021114744_20240514205656A011.jpg,/profile/upload/2024/05/14/QQ20221021114753_20240514205658A012.jpg,/profile/upload/2024/05/14/QQ20221021114744_20240514205701A013.jpg\",\"params\":{},\"recitation\":\"/profile/upload/2024/05/14/老街北_20240514205738A014.mp3\",\"remark\":\"\",\"title\":\"关雎\",\"updateTime\":\"2024-05-14 22:14:47\",\"video\":\"/profile/upload/2024/05/14/七里Smile - 幹物女_20240514205742A015.mp4\"}}', 0, NULL, '2024-05-15 10:57:54', 9);
INSERT INTO `sys_oper_log` VALUES (238, '诗词', 2, 'com.main.system.controller.BizPoetryController.read()', 'PUT', 1, 'admin', '研发部门', '/system/poetry/read/1', '127.0.0.1', '内网IP', '1', '{\"msg\":\"操作成功\",\"code\":200,\"data\":{\"author\":\"佚名\",\"bizPoetryCommentList\":[],\"click\":63,\"content\":\"<p>关关雎鸠，在河之洲。窈窕淑女，君子好逑。</p><p>参差荇菜，左右流之。窈窕淑女，寤寐求之。</p><p>求之不得，寤寐思服。悠哉悠哉，辗转反侧。</p><p>参差荇菜，左右采之。窈窕淑女，琴瑟友之。</p><p>参差荇菜，左右芼之。窈窕淑女，钟鼓乐之。</p>\",\"createBy\":\"admin\",\"createTime\":\"2024-05-14 21:04:01\",\"dynasty\":\"0\",\"id\":1,\"imgs\":\"/profile/upload/2024/05/14/QQ20221021114707_20240514205652A009.jpg,/profile/upload/2024/05/14/QQ20230916210933_20240514205654A010.jpg,/profile/upload/2024/05/14/QQ20221021114744_20240514205656A011.jpg,/profile/upload/2024/05/14/QQ20221021114753_20240514205658A012.jpg,/profile/upload/2024/05/14/QQ20221021114744_20240514205701A013.jpg\",\"params\":{},\"recitation\":\"/profile/upload/2024/05/14/老街北_20240514205738A014.mp3\",\"remark\":\"\",\"title\":\"关雎\",\"updateTime\":\"2024-05-14 22:14:47\",\"video\":\"/profile/upload/2024/05/14/七里Smile - 幹物女_20240514205742A015.mp4\"}}', 0, NULL, '2024-05-15 10:59:58', 8);
INSERT INTO `sys_oper_log` VALUES (239, '用户诗词收藏', 2, 'com.main.system.controller.BizPoetryFavoriteController.favorite()', 'PUT', 1, 'admin', '研发部门', '/system/favorite/do/1', '127.0.0.1', '内网IP', '1', '{\"msg\":\"操作成功\",\"code\":200,\"data\":{\"id\":2,\"params\":{}}}', 0, NULL, '2024-05-15 11:00:05', 9);
INSERT INTO `sys_oper_log` VALUES (240, '诗词', 2, 'com.main.system.controller.BizPoetryController.read()', 'PUT', 1, 'admin', '研发部门', '/system/poetry/read/1', '127.0.0.1', '内网IP', '1', '{\"msg\":\"操作成功\",\"code\":200,\"data\":{\"author\":\"佚名\",\"bizPoetryCommentList\":[],\"click\":64,\"content\":\"<p>关关雎鸠，在河之洲。窈窕淑女，君子好逑。</p><p>参差荇菜，左右流之。窈窕淑女，寤寐求之。</p><p>求之不得，寤寐思服。悠哉悠哉，辗转反侧。</p><p>参差荇菜，左右采之。窈窕淑女，琴瑟友之。</p><p>参差荇菜，左右芼之。窈窕淑女，钟鼓乐之。</p>\",\"createBy\":\"admin\",\"createTime\":\"2024-05-14 21:04:01\",\"dynasty\":\"0\",\"id\":1,\"imgs\":\"/profile/upload/2024/05/14/QQ20221021114707_20240514205652A009.jpg,/profile/upload/2024/05/14/QQ20230916210933_20240514205654A010.jpg,/profile/upload/2024/05/14/QQ20221021114744_20240514205656A011.jpg,/profile/upload/2024/05/14/QQ20221021114753_20240514205658A012.jpg,/profile/upload/2024/05/14/QQ20221021114744_20240514205701A013.jpg\",\"params\":{},\"recitation\":\"/profile/upload/2024/05/14/老街北_20240514205738A014.mp3\",\"remark\":\"\",\"title\":\"关雎\",\"updateTime\":\"2024-05-14 22:14:47\",\"video\":\"/profile/upload/2024/05/14/七里Smile - 幹物女_20240514205742A015.mp4\"}}', 0, NULL, '2024-05-15 11:00:10', 12);
INSERT INTO `sys_oper_log` VALUES (241, '用户诗词收藏', 2, 'com.main.system.controller.BizPoetryFavoriteController.favorite()', 'PUT', 1, 'admin', '研发部门', '/system/favorite/do/1', '127.0.0.1', '内网IP', '1', '{\"msg\":\"操作成功\",\"code\":200}', 0, NULL, '2024-05-15 11:00:17', 16);
INSERT INTO `sys_oper_log` VALUES (242, '诗词', 2, 'com.main.system.controller.BizPoetryController.read()', 'PUT', 1, 'admin', '研发部门', '/system/poetry/read/1', '127.0.0.1', '内网IP', '1', '{\"msg\":\"操作成功\",\"code\":200,\"data\":{\"author\":\"佚名\",\"bizPoetryCommentList\":[],\"click\":65,\"content\":\"<p>关关雎鸠，在河之洲。窈窕淑女，君子好逑。</p><p>参差荇菜，左右流之。窈窕淑女，寤寐求之。</p><p>求之不得，寤寐思服。悠哉悠哉，辗转反侧。</p><p>参差荇菜，左右采之。窈窕淑女，琴瑟友之。</p><p>参差荇菜，左右芼之。窈窕淑女，钟鼓乐之。</p>\",\"createBy\":\"admin\",\"createTime\":\"2024-05-14 21:04:01\",\"dynasty\":\"0\",\"id\":1,\"imgs\":\"/profile/upload/2024/05/14/QQ20221021114707_20240514205652A009.jpg,/profile/upload/2024/05/14/QQ20230916210933_20240514205654A010.jpg,/profile/upload/2024/05/14/QQ20221021114744_20240514205656A011.jpg,/profile/upload/2024/05/14/QQ20221021114753_20240514205658A012.jpg,/profile/upload/2024/05/14/QQ20221021114744_20240514205701A013.jpg\",\"params\":{},\"recitation\":\"/profile/upload/2024/05/14/老街北_20240514205738A014.mp3\",\"remark\":\"\",\"title\":\"关雎\",\"updateTime\":\"2024-05-14 22:14:47\",\"video\":\"/profile/upload/2024/05/14/七里Smile - 幹物女_20240514205742A015.mp4\"}}', 0, NULL, '2024-05-15 11:01:18', 7);
INSERT INTO `sys_oper_log` VALUES (243, '用户诗词收藏', 2, 'com.main.system.controller.BizPoetryFavoriteController.favorite()', 'PUT', 1, 'admin', '研发部门', '/system/favorite/do/1', '127.0.0.1', '内网IP', '1', '{\"msg\":\"操作成功\",\"code\":200,\"data\":{\"id\":3,\"params\":{}}}', 0, NULL, '2024-05-15 11:01:22', 9);
INSERT INTO `sys_oper_log` VALUES (244, '用户诗词收藏', 2, 'com.main.system.controller.BizPoetryFavoriteController.favorite()', 'PUT', 1, 'admin', '研发部门', '/system/favorite/do/1', '127.0.0.1', '内网IP', '1', '{\"msg\":\"操作成功\",\"code\":200}', 0, NULL, '2024-05-15 11:01:25', 6);
INSERT INTO `sys_oper_log` VALUES (245, '用户诗词收藏', 2, 'com.main.system.controller.BizPoetryFavoriteController.favorite()', 'PUT', 1, 'admin', '研发部门', '/system/favorite/do/1', '127.0.0.1', '内网IP', '1', '{\"msg\":\"操作成功\",\"code\":200,\"data\":{\"id\":4,\"params\":{}}}', 0, NULL, '2024-05-15 11:01:27', 9);
INSERT INTO `sys_oper_log` VALUES (246, '用户诗词收藏', 2, 'com.main.system.controller.BizPoetryFavoriteController.favorite()', 'PUT', 1, 'admin', '研发部门', '/system/favorite/do/1', '127.0.0.1', '内网IP', '1', '{\"msg\":\"操作成功\",\"code\":200}', 0, NULL, '2024-05-15 11:01:27', 16);
INSERT INTO `sys_oper_log` VALUES (247, '用户诗词收藏', 2, 'com.main.system.controller.BizPoetryFavoriteController.favorite()', 'PUT', 1, 'admin', '研发部门', '/system/favorite/do/1', '127.0.0.1', '内网IP', '1', '{\"msg\":\"操作成功\",\"code\":200,\"data\":{\"id\":5,\"params\":{}}}', 0, NULL, '2024-05-15 11:01:30', 18);
INSERT INTO `sys_oper_log` VALUES (248, '用户诗词收藏', 2, 'com.main.system.controller.BizPoetryFavoriteController.favorite()', 'PUT', 1, 'admin', '研发部门', '/system/favorite/do/1', '127.0.0.1', '内网IP', '1', '{\"msg\":\"操作成功\",\"code\":200}', 0, NULL, '2024-05-15 11:01:34', 6);
INSERT INTO `sys_oper_log` VALUES (249, '诗词', 2, 'com.main.system.controller.BizPoetryController.read()', 'PUT', 1, 'admin', '研发部门', '/system/poetry/read/1', '127.0.0.1', '内网IP', '1', '{\"msg\":\"操作成功\",\"code\":200,\"data\":{\"author\":\"佚名\",\"bizPoetryCommentList\":[],\"click\":66,\"content\":\"<p>关关雎鸠，在河之洲。窈窕淑女，君子好逑。</p><p>参差荇菜，左右流之。窈窕淑女，寤寐求之。</p><p>求之不得，寤寐思服。悠哉悠哉，辗转反侧。</p><p>参差荇菜，左右采之。窈窕淑女，琴瑟友之。</p><p>参差荇菜，左右芼之。窈窕淑女，钟鼓乐之。</p>\",\"createBy\":\"admin\",\"createTime\":\"2024-05-14 21:04:01\",\"dynasty\":\"0\",\"id\":1,\"imgs\":\"/profile/upload/2024/05/14/QQ20221021114707_20240514205652A009.jpg,/profile/upload/2024/05/14/QQ20230916210933_20240514205654A010.jpg,/profile/upload/2024/05/14/QQ20221021114744_20240514205656A011.jpg,/profile/upload/2024/05/14/QQ20221021114753_20240514205658A012.jpg,/profile/upload/2024/05/14/QQ20221021114744_20240514205701A013.jpg\",\"params\":{},\"recitation\":\"/profile/upload/2024/05/14/老街北_20240514205738A014.mp3\",\"remark\":\"\",\"title\":\"关雎\",\"updateTime\":\"2024-05-14 22:14:47\",\"video\":\"/profile/upload/2024/05/14/七里Smile - 幹物女_20240514205742A015.mp4\"}}', 0, NULL, '2024-05-15 11:03:17', 20);
INSERT INTO `sys_oper_log` VALUES (250, '诗词', 2, 'com.main.system.controller.BizPoetryController.read()', 'PUT', 1, 'admin', '研发部门', '/system/poetry/read/1', '127.0.0.1', '内网IP', '1', '{\"msg\":\"操作成功\",\"code\":200,\"data\":{\"author\":\"佚名\",\"bizPoetryCommentList\":[],\"click\":67,\"content\":\"<p>关关雎鸠，在河之洲。窈窕淑女，君子好逑。</p><p>参差荇菜，左右流之。窈窕淑女，寤寐求之。</p><p>求之不得，寤寐思服。悠哉悠哉，辗转反侧。</p><p>参差荇菜，左右采之。窈窕淑女，琴瑟友之。</p><p>参差荇菜，左右芼之。窈窕淑女，钟鼓乐之。</p>\",\"createBy\":\"admin\",\"createTime\":\"2024-05-14 21:04:01\",\"dynasty\":\"0\",\"id\":1,\"imgs\":\"/profile/upload/2024/05/14/QQ20221021114707_20240514205652A009.jpg,/profile/upload/2024/05/14/QQ20230916210933_20240514205654A010.jpg,/profile/upload/2024/05/14/QQ20221021114744_20240514205656A011.jpg,/profile/upload/2024/05/14/QQ20221021114753_20240514205658A012.jpg,/profile/upload/2024/05/14/QQ20221021114744_20240514205701A013.jpg\",\"params\":{},\"recitation\":\"/profile/upload/2024/05/14/老街北_20240514205738A014.mp3\",\"remark\":\"\",\"title\":\"关雎\",\"updateTime\":\"2024-05-14 22:14:47\",\"video\":\"/profile/upload/2024/05/14/七里Smile - 幹物女_20240514205742A015.mp4\"}}', 0, NULL, '2024-05-15 11:03:54', 6);
INSERT INTO `sys_oper_log` VALUES (251, '用户诗词收藏', 2, 'com.main.system.controller.BizPoetryFavoriteController.favorite()', 'PUT', 1, 'admin', '研发部门', '/system/favorite/do/1', '127.0.0.1', '内网IP', '1', '{\"msg\":\"操作成功\",\"code\":200,\"data\":{\"id\":6,\"params\":{}}}', 0, NULL, '2024-05-15 11:03:57', 8);
INSERT INTO `sys_oper_log` VALUES (252, '用户诗词收藏', 2, 'com.main.system.controller.BizPoetryFavoriteController.favorite()', 'PUT', 1, 'admin', '研发部门', '/system/favorite/do/1', '127.0.0.1', '内网IP', '1', '{\"msg\":\"操作成功\",\"code\":200}', 0, NULL, '2024-05-15 11:03:58', 16);
INSERT INTO `sys_oper_log` VALUES (253, '用户诗词收藏', 2, 'com.main.system.controller.BizPoetryFavoriteController.favorite()', 'PUT', 1, 'admin', '研发部门', '/system/favorite/do/1', '127.0.0.1', '内网IP', '1', '{\"msg\":\"操作成功\",\"code\":200,\"data\":{\"id\":7,\"params\":{}}}', 0, NULL, '2024-05-15 11:04:43', 7);
INSERT INTO `sys_oper_log` VALUES (254, '用户诗词收藏', 2, 'com.main.system.controller.BizPoetryFavoriteController.favorite()', 'PUT', 1, 'admin', '研发部门', '/system/favorite/do/1', '127.0.0.1', '内网IP', '1', '{\"msg\":\"操作成功\",\"code\":200}', 0, NULL, '2024-05-15 11:05:41', 18);
INSERT INTO `sys_oper_log` VALUES (255, '用户诗词收藏', 2, 'com.main.system.controller.BizPoetryFavoriteController.favorite()', 'PUT', 1, 'admin', '研发部门', '/system/favorite/do/1', '127.0.0.1', '内网IP', '1', '{\"msg\":\"操作成功\",\"code\":200,\"data\":{\"id\":8,\"params\":{}}}', 0, NULL, '2024-05-15 11:05:46', 7);
INSERT INTO `sys_oper_log` VALUES (256, '用户诗词收藏', 2, 'com.main.system.controller.BizPoetryFavoriteController.favorite()', 'PUT', 1, 'admin', '研发部门', '/system/favorite/do/1', '127.0.0.1', '内网IP', '1', '{\"msg\":\"操作成功\",\"code\":200}', 0, NULL, '2024-05-15 11:06:02', 7);
INSERT INTO `sys_oper_log` VALUES (257, '诗词', 2, 'com.main.system.controller.BizPoetryController.read()', 'PUT', 1, 'admin', '研发部门', '/system/poetry/read/1', '127.0.0.1', '内网IP', '1', '{\"msg\":\"操作成功\",\"code\":200,\"data\":{\"author\":\"佚名\",\"bizPoetryCommentList\":[],\"click\":68,\"content\":\"<p>关关雎鸠，在河之洲。窈窕淑女，君子好逑。</p><p>参差荇菜，左右流之。窈窕淑女，寤寐求之。</p><p>求之不得，寤寐思服。悠哉悠哉，辗转反侧。</p><p>参差荇菜，左右采之。窈窕淑女，琴瑟友之。</p><p>参差荇菜，左右芼之。窈窕淑女，钟鼓乐之。</p>\",\"createBy\":\"admin\",\"createTime\":\"2024-05-14 21:04:01\",\"dynasty\":\"0\",\"id\":1,\"imgs\":\"/profile/upload/2024/05/14/QQ20221021114707_20240514205652A009.jpg,/profile/upload/2024/05/14/QQ20230916210933_20240514205654A010.jpg,/profile/upload/2024/05/14/QQ20221021114744_20240514205656A011.jpg,/profile/upload/2024/05/14/QQ20221021114753_20240514205658A012.jpg,/profile/upload/2024/05/14/QQ20221021114744_20240514205701A013.jpg\",\"params\":{},\"recitation\":\"/profile/upload/2024/05/14/老街北_20240514205738A014.mp3\",\"remark\":\"\",\"title\":\"关雎\",\"updateTime\":\"2024-05-14 22:14:47\",\"video\":\"/profile/upload/2024/05/14/七里Smile - 幹物女_20240514205742A015.mp4\"}}', 0, NULL, '2024-05-15 11:07:45', 20);
INSERT INTO `sys_oper_log` VALUES (258, '诗词', 2, 'com.main.system.controller.BizPoetryController.read()', 'PUT', 1, 'admin', '研发部门', '/system/poetry/read/1', '127.0.0.1', '内网IP', '1', '{\"msg\":\"操作成功\",\"code\":200,\"data\":{\"author\":\"佚名\",\"bizPoetryCommentList\":[],\"click\":69,\"content\":\"<p>关关雎鸠，在河之洲。窈窕淑女，君子好逑。</p><p>参差荇菜，左右流之。窈窕淑女，寤寐求之。</p><p>求之不得，寤寐思服。悠哉悠哉，辗转反侧。</p><p>参差荇菜，左右采之。窈窕淑女，琴瑟友之。</p><p>参差荇菜，左右芼之。窈窕淑女，钟鼓乐之。</p>\",\"createBy\":\"admin\",\"createTime\":\"2024-05-14 21:04:01\",\"dynasty\":\"0\",\"id\":1,\"imgs\":\"/profile/upload/2024/05/14/QQ20221021114707_20240514205652A009.jpg,/profile/upload/2024/05/14/QQ20230916210933_20240514205654A010.jpg,/profile/upload/2024/05/14/QQ20221021114744_20240514205656A011.jpg,/profile/upload/2024/05/14/QQ20221021114753_20240514205658A012.jpg,/profile/upload/2024/05/14/QQ20221021114744_20240514205701A013.jpg\",\"params\":{},\"recitation\":\"/profile/upload/2024/05/14/老街北_20240514205738A014.mp3\",\"remark\":\"\",\"title\":\"关雎\",\"updateTime\":\"2024-05-14 22:14:47\",\"video\":\"/profile/upload/2024/05/14/七里Smile - 幹物女_20240514205742A015.mp4\"}}', 0, NULL, '2024-05-15 11:07:58', 6);
INSERT INTO `sys_oper_log` VALUES (259, '诗词', 2, 'com.main.system.controller.BizPoetryController.read()', 'PUT', 1, 'admin', '研发部门', '/system/poetry/read/1', '127.0.0.1', '内网IP', '1', '{\"msg\":\"操作成功\",\"code\":200,\"data\":{\"author\":\"佚名\",\"bizPoetryCommentList\":[],\"click\":70,\"content\":\"<p>关关雎鸠，在河之洲。窈窕淑女，君子好逑。</p><p>参差荇菜，左右流之。窈窕淑女，寤寐求之。</p><p>求之不得，寤寐思服。悠哉悠哉，辗转反侧。</p><p>参差荇菜，左右采之。窈窕淑女，琴瑟友之。</p><p>参差荇菜，左右芼之。窈窕淑女，钟鼓乐之。</p>\",\"createBy\":\"admin\",\"createTime\":\"2024-05-14 21:04:01\",\"dynasty\":\"0\",\"id\":1,\"imgs\":\"/profile/upload/2024/05/14/QQ20221021114707_20240514205652A009.jpg,/profile/upload/2024/05/14/QQ20230916210933_20240514205654A010.jpg,/profile/upload/2024/05/14/QQ20221021114744_20240514205656A011.jpg,/profile/upload/2024/05/14/QQ20221021114753_20240514205658A012.jpg,/profile/upload/2024/05/14/QQ20221021114744_20240514205701A013.jpg\",\"params\":{},\"recitation\":\"/profile/upload/2024/05/14/老街北_20240514205738A014.mp3\",\"remark\":\"\",\"title\":\"关雎\",\"updateTime\":\"2024-05-14 22:14:47\",\"video\":\"/profile/upload/2024/05/14/七里Smile - 幹物女_20240514205742A015.mp4\"}}', 0, NULL, '2024-05-15 11:09:39', 10);
INSERT INTO `sys_oper_log` VALUES (260, '诗词', 2, 'com.main.system.controller.BizPoetryController.read()', 'PUT', 1, 'admin', '研发部门', '/system/poetry/read/1', '127.0.0.1', '内网IP', '1', '{\"msg\":\"操作成功\",\"code\":200,\"data\":{\"author\":\"佚名\",\"bizPoetryCommentList\":[],\"click\":71,\"content\":\"<p>关关雎鸠，在河之洲。窈窕淑女，君子好逑。</p><p>参差荇菜，左右流之。窈窕淑女，寤寐求之。</p><p>求之不得，寤寐思服。悠哉悠哉，辗转反侧。</p><p>参差荇菜，左右采之。窈窕淑女，琴瑟友之。</p><p>参差荇菜，左右芼之。窈窕淑女，钟鼓乐之。</p>\",\"createBy\":\"admin\",\"createTime\":\"2024-05-14 21:04:01\",\"dynasty\":\"0\",\"id\":1,\"imgs\":\"/profile/upload/2024/05/14/QQ20221021114707_20240514205652A009.jpg,/profile/upload/2024/05/14/QQ20230916210933_20240514205654A010.jpg,/profile/upload/2024/05/14/QQ20221021114744_20240514205656A011.jpg,/profile/upload/2024/05/14/QQ20221021114753_20240514205658A012.jpg,/profile/upload/2024/05/14/QQ20221021114744_20240514205701A013.jpg\",\"params\":{},\"recitation\":\"/profile/upload/2024/05/14/老街北_20240514205738A014.mp3\",\"remark\":\"\",\"title\":\"关雎\",\"updateTime\":\"2024-05-14 22:14:47\",\"video\":\"/profile/upload/2024/05/14/七里Smile - 幹物女_20240514205742A015.mp4\"}}', 0, NULL, '2024-05-15 11:09:44', 12);
INSERT INTO `sys_oper_log` VALUES (261, '用户诗词收藏', 2, 'com.main.system.controller.BizPoetryFavoriteController.favorite()', 'PUT', 1, 'admin', '研发部门', '/system/favorite/do/1', '127.0.0.1', '内网IP', '1', '{\"msg\":\"操作成功\",\"code\":200,\"data\":{\"id\":9,\"params\":{}}}', 0, NULL, '2024-05-15 11:09:59', 17);
INSERT INTO `sys_oper_log` VALUES (262, '用户诗词收藏', 2, 'com.main.system.controller.BizPoetryFavoriteController.favorite()', 'PUT', 1, 'admin', '研发部门', '/system/favorite/do/1', '127.0.0.1', '内网IP', '1', '{\"msg\":\"操作成功\",\"code\":200}', 0, NULL, '2024-05-15 11:10:03', 16);
INSERT INTO `sys_oper_log` VALUES (263, '用户诗词收藏', 2, 'com.main.system.controller.BizPoetryFavoriteController.favorite()', 'PUT', 1, 'admin', '研发部门', '/system/favorite/do/1', '127.0.0.1', '内网IP', '1', '{\"msg\":\"操作成功\",\"code\":200,\"data\":{\"id\":10,\"params\":{}}}', 0, NULL, '2024-05-15 11:10:05', 7);
INSERT INTO `sys_oper_log` VALUES (264, '用户诗词收藏', 2, 'com.main.system.controller.BizPoetryFavoriteController.favorite()', 'PUT', 1, 'admin', '研发部门', '/system/favorite/do/1', '127.0.0.1', '内网IP', '1', '{\"msg\":\"操作成功\",\"code\":200}', 0, NULL, '2024-05-15 11:10:06', 16);
INSERT INTO `sys_oper_log` VALUES (265, '用户诗词收藏', 2, 'com.main.system.controller.BizPoetryFavoriteController.favorite()', 'PUT', 1, 'admin', '研发部门', '/system/favorite/do/1', '127.0.0.1', '内网IP', '1', '{\"msg\":\"操作成功\",\"code\":200,\"data\":{\"id\":11,\"params\":{}}}', 0, NULL, '2024-05-15 11:10:07', 7);
INSERT INTO `sys_oper_log` VALUES (266, '用户诗词收藏', 2, 'com.main.system.controller.BizPoetryFavoriteController.favorite()', 'PUT', 1, 'admin', '研发部门', '/system/favorite/do/1', '127.0.0.1', '内网IP', '1', '{\"msg\":\"操作成功\",\"code\":200}', 0, NULL, '2024-05-15 11:10:12', 6);
INSERT INTO `sys_oper_log` VALUES (267, '诗词', 2, 'com.main.system.controller.BizPoetryController.read()', 'PUT', 1, 'admin', '研发部门', '/system/poetry/read/1', '127.0.0.1', '内网IP', '1', '{\"msg\":\"操作成功\",\"code\":200,\"data\":{\"author\":\"佚名\",\"bizPoetryCommentList\":[],\"click\":72,\"content\":\"<p>关关雎鸠，在河之洲。窈窕淑女，君子好逑。</p><p>参差荇菜，左右流之。窈窕淑女，寤寐求之。</p><p>求之不得，寤寐思服。悠哉悠哉，辗转反侧。</p><p>参差荇菜，左右采之。窈窕淑女，琴瑟友之。</p><p>参差荇菜，左右芼之。窈窕淑女，钟鼓乐之。</p>\",\"createBy\":\"admin\",\"createTime\":\"2024-05-14 21:04:01\",\"dynasty\":\"0\",\"id\":1,\"imgs\":\"/profile/upload/2024/05/14/QQ20221021114707_20240514205652A009.jpg,/profile/upload/2024/05/14/QQ20230916210933_20240514205654A010.jpg,/profile/upload/2024/05/14/QQ20221021114744_20240514205656A011.jpg,/profile/upload/2024/05/14/QQ20221021114753_20240514205658A012.jpg,/profile/upload/2024/05/14/QQ20221021114744_20240514205701A013.jpg\",\"params\":{},\"recitation\":\"/profile/upload/2024/05/14/老街北_20240514205738A014.mp3\",\"remark\":\"\",\"title\":\"关雎\",\"updateTime\":\"2024-05-14 22:14:47\",\"video\":\"/profile/upload/2024/05/14/七里Smile - 幹物女_20240514205742A015.mp4\"}}', 0, NULL, '2024-05-15 11:15:13', 9);
INSERT INTO `sys_oper_log` VALUES (268, '诗词', 2, 'com.main.system.controller.BizPoetryController.read()', 'PUT', 1, 'admin', '研发部门', '/system/poetry/read/1', '127.0.0.1', '内网IP', '1', '{\"msg\":\"操作成功\",\"code\":200,\"data\":{\"author\":\"佚名\",\"bizPoetryCommentList\":[],\"click\":73,\"content\":\"<p>关关雎鸠，在河之洲。窈窕淑女，君子好逑。</p><p>参差荇菜，左右流之。窈窕淑女，寤寐求之。</p><p>求之不得，寤寐思服。悠哉悠哉，辗转反侧。</p><p>参差荇菜，左右采之。窈窕淑女，琴瑟友之。</p><p>参差荇菜，左右芼之。窈窕淑女，钟鼓乐之。</p>\",\"createBy\":\"admin\",\"createTime\":\"2024-05-14 21:04:01\",\"dynasty\":\"0\",\"id\":1,\"imgs\":\"/profile/upload/2024/05/14/QQ20221021114707_20240514205652A009.jpg,/profile/upload/2024/05/14/QQ20230916210933_20240514205654A010.jpg,/profile/upload/2024/05/14/QQ20221021114744_20240514205656A011.jpg,/profile/upload/2024/05/14/QQ20221021114753_20240514205658A012.jpg,/profile/upload/2024/05/14/QQ20221021114744_20240514205701A013.jpg\",\"params\":{},\"recitation\":\"/profile/upload/2024/05/14/老街北_20240514205738A014.mp3\",\"remark\":\"\",\"title\":\"关雎\",\"updateTime\":\"2024-05-14 22:14:47\",\"video\":\"/profile/upload/2024/05/14/七里Smile - 幹物女_20240514205742A015.mp4\"}}', 0, NULL, '2024-05-15 11:18:55', 37);
INSERT INTO `sys_oper_log` VALUES (269, '诗词评论', 1, 'com.main.system.controller.BizPoetryCommentController.add()', 'POST', 1, 'admin', '研发部门', '/system/comment', '127.0.0.1', '内网IP', '{\"createBy\":\"admin\",\"createTime\":\"2024-05-15 11:19:13\",\"favor\":0,\"params\":{},\"poetryId\":1,\"userId\":1}', NULL, 1, '\r\n### Error updating database.  Cause: java.sql.SQLException: Field \'content\' doesn\'t have a default value\r\n### The error may exist in file [C:\\Users\\FOREVERGWC\\IdeaProjects\\若依框架\\PoetryCommunicationPlatform\\main-system\\target\\classes\\mapper\\system\\BizPoetryCommentMapper.xml]\r\n### The error may involve com.main.system.mapper.BizPoetryCommentMapper.insertBizPoetryComment-Inline\r\n### The error occurred while setting parameters\r\n### SQL: insert into biz_poetry_comment          ( poetry_id,             user_id,             favor,             create_by,             create_time )           values ( ?,             ?,             ?,             ?,             ? )\r\n### Cause: java.sql.SQLException: Field \'content\' doesn\'t have a default value\n; Field \'content\' doesn\'t have a default value; nested exception is java.sql.SQLException: Field \'content\' doesn\'t have a default value', '2024-05-15 11:19:13', 50);
INSERT INTO `sys_oper_log` VALUES (270, '诗词评论', 1, 'com.main.system.controller.BizPoetryCommentController.add()', 'POST', 1, 'admin', '研发部门', '/system/comment', '127.0.0.1', '内网IP', '{\"createBy\":\"admin\",\"createTime\":\"2024-05-15 11:20:04\",\"favor\":0,\"params\":{},\"poetryId\":1,\"userId\":1}', NULL, 1, '\r\n### Error updating database.  Cause: java.sql.SQLException: Field \'content\' doesn\'t have a default value\r\n### The error may exist in file [C:\\Users\\FOREVERGWC\\IdeaProjects\\若依框架\\PoetryCommunicationPlatform\\main-system\\target\\classes\\mapper\\system\\BizPoetryCommentMapper.xml]\r\n### The error may involve com.main.system.mapper.BizPoetryCommentMapper.insertBizPoetryComment-Inline\r\n### The error occurred while setting parameters\r\n### SQL: insert into biz_poetry_comment          ( poetry_id,             user_id,             favor,             create_by,             create_time )           values ( ?,             ?,             ?,             ?,             ? )\r\n### Cause: java.sql.SQLException: Field \'content\' doesn\'t have a default value\n; Field \'content\' doesn\'t have a default value; nested exception is java.sql.SQLException: Field \'content\' doesn\'t have a default value', '2024-05-15 11:21:05', 60604);
INSERT INTO `sys_oper_log` VALUES (271, '诗词', 2, 'com.main.system.controller.BizPoetryController.read()', 'PUT', 1, 'admin', '研发部门', '/system/poetry/read/1', '127.0.0.1', '内网IP', '1', '{\"msg\":\"操作成功\",\"code\":200,\"data\":{\"author\":\"佚名\",\"bizPoetryCommentList\":[],\"click\":74,\"content\":\"<p>关关雎鸠，在河之洲。窈窕淑女，君子好逑。</p><p>参差荇菜，左右流之。窈窕淑女，寤寐求之。</p><p>求之不得，寤寐思服。悠哉悠哉，辗转反侧。</p><p>参差荇菜，左右采之。窈窕淑女，琴瑟友之。</p><p>参差荇菜，左右芼之。窈窕淑女，钟鼓乐之。</p>\",\"createBy\":\"admin\",\"createTime\":\"2024-05-14 21:04:01\",\"dynasty\":\"0\",\"id\":1,\"imgs\":\"/profile/upload/2024/05/14/QQ20221021114707_20240514205652A009.jpg,/profile/upload/2024/05/14/QQ20230916210933_20240514205654A010.jpg,/profile/upload/2024/05/14/QQ20221021114744_20240514205656A011.jpg,/profile/upload/2024/05/14/QQ20221021114753_20240514205658A012.jpg,/profile/upload/2024/05/14/QQ20221021114744_20240514205701A013.jpg\",\"params\":{},\"recitation\":\"/profile/upload/2024/05/14/老街北_20240514205738A014.mp3\",\"remark\":\"\",\"title\":\"关雎\",\"updateTime\":\"2024-05-14 22:14:47\",\"video\":\"/profile/upload/2024/05/14/七里Smile - 幹物女_20240514205742A015.mp4\"}}', 0, NULL, '2024-05-15 11:21:11', 17);
INSERT INTO `sys_oper_log` VALUES (272, '诗词', 2, 'com.main.system.controller.BizPoetryController.read()', 'PUT', 1, 'admin', '研发部门', '/system/poetry/read/1', '127.0.0.1', '内网IP', '1', '{\"msg\":\"操作成功\",\"code\":200,\"data\":{\"author\":\"佚名\",\"bizPoetryCommentList\":[],\"click\":75,\"content\":\"<p>关关雎鸠，在河之洲。窈窕淑女，君子好逑。</p><p>参差荇菜，左右流之。窈窕淑女，寤寐求之。</p><p>求之不得，寤寐思服。悠哉悠哉，辗转反侧。</p><p>参差荇菜，左右采之。窈窕淑女，琴瑟友之。</p><p>参差荇菜，左右芼之。窈窕淑女，钟鼓乐之。</p>\",\"createBy\":\"admin\",\"createTime\":\"2024-05-14 21:04:01\",\"dynasty\":\"0\",\"id\":1,\"imgs\":\"/profile/upload/2024/05/14/QQ20221021114707_20240514205652A009.jpg,/profile/upload/2024/05/14/QQ20230916210933_20240514205654A010.jpg,/profile/upload/2024/05/14/QQ20221021114744_20240514205656A011.jpg,/profile/upload/2024/05/14/QQ20221021114753_20240514205658A012.jpg,/profile/upload/2024/05/14/QQ20221021114744_20240514205701A013.jpg\",\"params\":{},\"recitation\":\"/profile/upload/2024/05/14/老街北_20240514205738A014.mp3\",\"remark\":\"\",\"title\":\"关雎\",\"updateTime\":\"2024-05-14 22:14:47\",\"video\":\"/profile/upload/2024/05/14/七里Smile - 幹物女_20240514205742A015.mp4\"}}', 0, NULL, '2024-05-15 11:21:15', 14);
INSERT INTO `sys_oper_log` VALUES (273, '诗词评论', 1, 'com.main.system.controller.BizPoetryCommentController.add()', 'POST', 1, 'admin', '研发部门', '/system/comment', '127.0.0.1', '内网IP', '{\"content\":\"非常好诗词，是使我的春心萌动，爱来自关中\",\"createBy\":\"admin\",\"createTime\":\"2024-05-15 11:21:36\",\"favor\":0,\"id\":1,\"params\":{},\"poetryId\":1,\"userId\":1}', '{\"msg\":\"操作成功\",\"code\":200}', 0, NULL, '2024-05-15 11:21:36', 19);
INSERT INTO `sys_oper_log` VALUES (274, '诗词', 2, 'com.main.system.controller.BizPoetryController.read()', 'PUT', 1, 'admin', '研发部门', '/system/poetry/read/1', '127.0.0.1', '内网IP', '1', '{\"msg\":\"操作成功\",\"code\":200,\"data\":{\"author\":\"佚名\",\"bizPoetryCommentList\":[{\"content\":\"非常好诗词，是使我的春心萌动，爱来自关中\",\"createBy\":\"admin\",\"createTime\":\"2024-05-15 11:21:37\",\"favor\":0,\"id\":1,\"params\":{},\"poetryId\":1,\"userId\":1}],\"click\":76,\"content\":\"<p>关关雎鸠，在河之洲。窈窕淑女，君子好逑。</p><p>参差荇菜，左右流之。窈窕淑女，寤寐求之。</p><p>求之不得，寤寐思服。悠哉悠哉，辗转反侧。</p><p>参差荇菜，左右采之。窈窕淑女，琴瑟友之。</p><p>参差荇菜，左右芼之。窈窕淑女，钟鼓乐之。</p>\",\"createBy\":\"admin\",\"createTime\":\"2024-05-14 21:04:01\",\"dynasty\":\"0\",\"id\":1,\"imgs\":\"/profile/upload/2024/05/14/QQ20221021114707_20240514205652A009.jpg,/profile/upload/2024/05/14/QQ20230916210933_20240514205654A010.jpg,/profile/upload/2024/05/14/QQ20221021114744_20240514205656A011.jpg,/profile/upload/2024/05/14/QQ20221021114753_20240514205658A012.jpg,/profile/upload/2024/05/14/QQ20221021114744_20240514205701A013.jpg\",\"params\":{},\"recitation\":\"/profile/upload/2024/05/14/老街北_20240514205738A014.mp3\",\"remark\":\"\",\"title\":\"关雎\",\"updateTime\":\"2024-05-14 22:14:47\",\"video\":\"/profile/upload/2024/05/14/七里Smile - 幹物女_20240514205742A015.mp4\"}}', 0, NULL, '2024-05-15 11:22:40', 11);
INSERT INTO `sys_oper_log` VALUES (275, '诗词', 2, 'com.main.system.controller.BizPoetryController.read()', 'PUT', 1, 'admin', '研发部门', '/system/poetry/read/1', '127.0.0.1', '内网IP', '1', '{\"msg\":\"操作成功\",\"code\":200,\"data\":{\"author\":\"佚名\",\"bizPoetryCommentList\":[{\"content\":\"非常好诗词，是使我的春心萌动，爱来自关中\",\"createBy\":\"admin\",\"createTime\":\"2024-05-15 11:21:37\",\"favor\":0,\"id\":1,\"params\":{},\"poetryId\":1,\"userId\":1}],\"click\":77,\"content\":\"<p>关关雎鸠，在河之洲。窈窕淑女，君子好逑。</p><p>参差荇菜，左右流之。窈窕淑女，寤寐求之。</p><p>求之不得，寤寐思服。悠哉悠哉，辗转反侧。</p><p>参差荇菜，左右采之。窈窕淑女，琴瑟友之。</p><p>参差荇菜，左右芼之。窈窕淑女，钟鼓乐之。</p>\",\"createBy\":\"admin\",\"createTime\":\"2024-05-14 21:04:01\",\"dynasty\":\"0\",\"id\":1,\"imgs\":\"/profile/upload/2024/05/14/QQ20221021114707_20240514205652A009.jpg,/profile/upload/2024/05/14/QQ20230916210933_20240514205654A010.jpg,/profile/upload/2024/05/14/QQ20221021114744_20240514205656A011.jpg,/profile/upload/2024/05/14/QQ20221021114753_20240514205658A012.jpg,/profile/upload/2024/05/14/QQ20221021114744_20240514205701A013.jpg\",\"params\":{},\"recitation\":\"/profile/upload/2024/05/14/老街北_20240514205738A014.mp3\",\"remark\":\"\",\"title\":\"关雎\",\"updateTime\":\"2024-05-14 22:14:47\",\"video\":\"/profile/upload/2024/05/14/七里Smile - 幹物女_20240514205742A015.mp4\"}}', 0, NULL, '2024-05-15 11:23:09', 9);
INSERT INTO `sys_oper_log` VALUES (276, '用户诗词收藏', 2, 'com.main.system.controller.BizPoetryFavoriteController.favorite()', 'PUT', 1, 'admin', '研发部门', '/system/favorite/do/1', '127.0.0.1', '内网IP', '1', '{\"msg\":\"操作成功\",\"code\":200,\"data\":{\"id\":12,\"params\":{}}}', 0, NULL, '2024-05-15 11:23:12', 23);
INSERT INTO `sys_oper_log` VALUES (277, '诗词评论', 1, 'com.main.system.controller.BizPoetryCommentController.add()', 'POST', 1, 'admin', '研发部门', '/system/comment', '127.0.0.1', '内网IP', '{\"content\":\"关关雎鸠，在河之洲。窈窕淑女，君子好逑\",\"createBy\":\"admin\",\"createTime\":\"2024-05-15 11:34:12\",\"favor\":0,\"id\":2,\"params\":{},\"poetryId\":1,\"userId\":1}', '{\"msg\":\"操作成功\",\"code\":200}', 0, NULL, '2024-05-15 11:34:12', 121);
INSERT INTO `sys_oper_log` VALUES (278, '诗词评论', 1, 'com.main.system.controller.BizPoetryCommentController.add()', 'POST', 1, 'admin', '研发部门', '/system/comment', '127.0.0.1', '内网IP', '{\"content\":\"关关雎鸠，在河之洲。窈窕淑女，君子好逑\",\"createBy\":\"admin\",\"createTime\":\"2024-05-15 11:34:56\",\"favor\":0,\"id\":3,\"params\":{},\"poetryId\":1,\"userId\":1}', '{\"msg\":\"操作成功\",\"code\":200}', 0, NULL, '2024-05-15 11:34:56', 113);
INSERT INTO `sys_oper_log` VALUES (279, '诗词评论', 1, 'com.main.system.controller.BizPoetryCommentController.add()', 'POST', 1, 'admin', '研发部门', '/system/comment', '127.0.0.1', '内网IP', '{\"content\":\"参差荇菜，左右流之。窈窕淑女，寤寐求之\",\"createBy\":\"admin\",\"createTime\":\"2024-05-15 11:36:22\",\"favor\":0,\"id\":4,\"params\":{},\"poetryId\":1,\"userId\":1}', '{\"msg\":\"操作成功\",\"code\":200}', 0, NULL, '2024-05-15 11:36:23', 113);
INSERT INTO `sys_oper_log` VALUES (280, '诗词评论', 1, 'com.main.system.controller.BizPoetryCommentController.add()', 'POST', 1, 'admin', '研发部门', '/system/comment', '127.0.0.1', '内网IP', '{\"content\":\"求之不得，寤寐思服。悠哉悠哉，辗转反侧\",\"createBy\":\"admin\",\"createTime\":\"2024-05-15 11:37:19\",\"favor\":0,\"id\":5,\"params\":{},\"poetryId\":1,\"userId\":1}', '{\"msg\":\"操作成功\",\"code\":200}', 0, NULL, '2024-05-15 11:37:20', 109);
INSERT INTO `sys_oper_log` VALUES (281, '诗词', 2, 'com.main.system.controller.BizPoetryController.read()', 'PUT', 1, 'admin', '研发部门', '/system/poetry/read/1', '127.0.0.1', '内网IP', '1', '{\"msg\":\"操作成功\",\"code\":200,\"data\":{\"author\":\"佚名\",\"bizPoetryCommentList\":[{\"content\":\"非常好诗词，是使我的春心萌动，爱来自关中\",\"createBy\":\"admin\",\"createTime\":\"2024-05-15 11:21:37\",\"favor\":0,\"id\":1,\"params\":{},\"poetryId\":1,\"user\":{\"avatar\":\"\",\"createBy\":\"admin\",\"createTime\":\"2024-05-14 09:57:47\",\"delFlag\":\"0\",\"loginDate\":\"2024-05-15 10:21:22\",\"loginIp\":\"127.0.0.1\",\"nickName\":\"管理员\",\"params\":{},\"remark\":\"管理员\",\"sex\":\"1\",\"userId\":1,\"userName\":\"admin\"},\"userId\":1},{\"content\":\"关关雎鸠，在河之洲。窈窕淑女，君子好逑\",\"createBy\":\"admin\",\"createTime\":\"2024-05-15 11:34:13\",\"favor\":0,\"id\":2,\"params\":{},\"poetryId\":1,\"user\":{\"avatar\":\"\",\"createBy\":\"admin\",\"createTime\":\"2024-05-14 09:57:47\",\"delFlag\":\"0\",\"loginDate\":\"2024-05-15 10:21:22\",\"loginIp\":\"127.0.0.1\",\"nickName\":\"管理员\",\"params\":{},\"remark\":\"管理员\",\"sex\":\"1\",\"userId\":1,\"userName\":\"admin\"},\"userId\":1},{\"content\":\"关关雎鸠，在河之洲。窈窕淑女，君子好逑\",\"createBy\":\"admin\",\"createTime\":\"2024-05-15 11:34:56\",\"favor\":0,\"id\":3,\"params\":{},\"poetryId\":1,\"user\":{\"avatar\":\"\",\"createBy\":\"admin\",\"createTime\":\"2024-05-14 09:57:47\",\"delFlag\":\"0\",\"loginDate\":\"2024-05-15 10:21:22\",\"loginIp\":\"127.0.0.1\",\"nickName\":\"管理员\",\"params\":{},\"remark\":\"管理员\",\"sex\":\"1\",\"userId\":1,\"userName\":\"admin\"},\"userId\":1},{\"content\":\"参差荇菜，左右流之。窈窕淑女，寤寐求之\",\"createBy\":\"admin\",\"createTime\":\"2024-05-15 11:36:23\",\"favor\":0,\"id\":4,\"params\":{},\"poetryId\":1,\"user\":{\"avatar\":\"\",\"createBy\":\"admin\",\"createTime\":\"2024-05-14 09:57:47\",\"delFlag\":\"0\",\"loginDate\":\"2024-05-15 10:21:22\",\"loginIp\":\"127.0.0.1\",\"nickName\":\"管理员\",\"params\":{},\"remark\":\"管理员\",\"sex\":\"1\",\"userId\":1,\"userName\":\"admin\"},\"userId\":1},{\"content\":\"求之不得，寤寐思服。悠哉悠哉，辗转反侧\",\"createBy\":\"admin\",\"createTime\":\"2024-05-15 11:37:20\",\"favor\":0,\"id\":5,\"params\":{},\"poetryId\":1,\"user\":{\"avatar\":\"\",\"createBy\":\"admin\",\"createTime\":\"2024-05-14 09:57:47\",\"delFlag\":\"0\",\"loginDate\":\"2024-05-15 10:21:22\",\"loginIp\":\"127.0.0.1\",\"nickName\":\"管理员\",\"params\":{},\"remark\":\"管理员\",\"sex\":\"1\",\"userId\":1,\"userName\":\"admin\"},\"userId\":1}],\"click\":78,\"content\":\"<p>关关雎鸠，在河之洲。窈窕淑女，君子好逑。</p><p>参差荇菜，左右流之。窈窕淑女，寤寐求之。</p><', 0, NULL, '2024-05-15 11:49:17', 62);
INSERT INTO `sys_oper_log` VALUES (282, '诗词', 2, 'com.main.system.controller.BizPoetryController.read()', 'PUT', 1, 'admin', '研发部门', '/system/poetry/read/1', '127.0.0.1', '内网IP', '1', '{\"msg\":\"操作成功\",\"code\":200,\"data\":{\"author\":\"佚名\",\"bizPoetryCommentList\":[{\"content\":\"非常好诗词，是使我的春心萌动，爱来自关中\",\"createBy\":\"admin\",\"createTime\":\"2024-05-15 11:21:37\",\"favor\":0,\"id\":1,\"params\":{},\"poetryId\":1,\"user\":{\"avatar\":\"\",\"createBy\":\"admin\",\"createTime\":\"2024-05-14 09:57:47\",\"delFlag\":\"0\",\"loginDate\":\"2024-05-15 10:21:22\",\"loginIp\":\"127.0.0.1\",\"nickName\":\"管理员\",\"params\":{},\"remark\":\"管理员\",\"sex\":\"1\",\"userId\":1,\"userName\":\"admin\"},\"userId\":1},{\"content\":\"关关雎鸠，在河之洲。窈窕淑女，君子好逑\",\"createBy\":\"admin\",\"createTime\":\"2024-05-15 11:34:13\",\"favor\":0,\"id\":2,\"params\":{},\"poetryId\":1,\"user\":{\"avatar\":\"\",\"createBy\":\"admin\",\"createTime\":\"2024-05-14 09:57:47\",\"delFlag\":\"0\",\"loginDate\":\"2024-05-15 10:21:22\",\"loginIp\":\"127.0.0.1\",\"nickName\":\"管理员\",\"params\":{},\"remark\":\"管理员\",\"sex\":\"1\",\"userId\":1,\"userName\":\"admin\"},\"userId\":1},{\"content\":\"关关雎鸠，在河之洲。窈窕淑女，君子好逑\",\"createBy\":\"admin\",\"createTime\":\"2024-05-15 11:34:56\",\"favor\":0,\"id\":3,\"params\":{},\"poetryId\":1,\"user\":{\"avatar\":\"\",\"createBy\":\"admin\",\"createTime\":\"2024-05-14 09:57:47\",\"delFlag\":\"0\",\"loginDate\":\"2024-05-15 10:21:22\",\"loginIp\":\"127.0.0.1\",\"nickName\":\"管理员\",\"params\":{},\"remark\":\"管理员\",\"sex\":\"1\",\"userId\":1,\"userName\":\"admin\"},\"userId\":1},{\"content\":\"参差荇菜，左右流之。窈窕淑女，寤寐求之\",\"createBy\":\"admin\",\"createTime\":\"2024-05-15 11:36:23\",\"favor\":0,\"id\":4,\"params\":{},\"poetryId\":1,\"user\":{\"avatar\":\"\",\"createBy\":\"admin\",\"createTime\":\"2024-05-14 09:57:47\",\"delFlag\":\"0\",\"loginDate\":\"2024-05-15 10:21:22\",\"loginIp\":\"127.0.0.1\",\"nickName\":\"管理员\",\"params\":{},\"remark\":\"管理员\",\"sex\":\"1\",\"userId\":1,\"userName\":\"admin\"},\"userId\":1},{\"content\":\"求之不得，寤寐思服。悠哉悠哉，辗转反侧\",\"createBy\":\"admin\",\"createTime\":\"2024-05-15 11:37:20\",\"favor\":0,\"id\":5,\"params\":{},\"poetryId\":1,\"user\":{\"avatar\":\"\",\"createBy\":\"admin\",\"createTime\":\"2024-05-14 09:57:47\",\"delFlag\":\"0\",\"loginDate\":\"2024-05-15 10:21:22\",\"loginIp\":\"127.0.0.1\",\"nickName\":\"管理员\",\"params\":{},\"remark\":\"管理员\",\"sex\":\"1\",\"userId\":1,\"userName\":\"admin\"},\"userId\":1}],\"click\":79,\"content\":\"<p>关关雎鸠，在河之洲。窈窕淑女，君子好逑。</p><p>参差荇菜，左右流之。窈窕淑女，寤寐求之。</p><', 0, NULL, '2024-05-15 11:49:27', 31);
INSERT INTO `sys_oper_log` VALUES (283, '诗词', 2, 'com.main.system.controller.BizPoetryController.read()', 'PUT', 1, 'admin', '研发部门', '/system/poetry/read/1', '127.0.0.1', '内网IP', '1', '{\"msg\":\"操作成功\",\"code\":200,\"data\":{\"author\":\"佚名\",\"bizPoetryCommentList\":[{\"content\":\"非常好诗词，是使我的春心萌动，爱来自关中\",\"createBy\":\"admin\",\"createTime\":\"2024-05-15 11:21:37\",\"favor\":0,\"id\":1,\"params\":{},\"poetryId\":1,\"user\":{\"avatar\":\"\",\"createBy\":\"admin\",\"createTime\":\"2024-05-14 09:57:47\",\"delFlag\":\"0\",\"loginDate\":\"2024-05-15 10:21:22\",\"loginIp\":\"127.0.0.1\",\"nickName\":\"管理员\",\"params\":{},\"remark\":\"管理员\",\"sex\":\"1\",\"userId\":1,\"userName\":\"admin\"},\"userId\":1},{\"content\":\"关关雎鸠，在河之洲。窈窕淑女，君子好逑\",\"createBy\":\"admin\",\"createTime\":\"2024-05-15 11:34:13\",\"favor\":0,\"id\":2,\"params\":{},\"poetryId\":1,\"user\":{\"avatar\":\"\",\"createBy\":\"admin\",\"createTime\":\"2024-05-14 09:57:47\",\"delFlag\":\"0\",\"loginDate\":\"2024-05-15 10:21:22\",\"loginIp\":\"127.0.0.1\",\"nickName\":\"管理员\",\"params\":{},\"remark\":\"管理员\",\"sex\":\"1\",\"userId\":1,\"userName\":\"admin\"},\"userId\":1},{\"content\":\"关关雎鸠，在河之洲。窈窕淑女，君子好逑\",\"createBy\":\"admin\",\"createTime\":\"2024-05-15 11:34:56\",\"favor\":0,\"id\":3,\"params\":{},\"poetryId\":1,\"user\":{\"avatar\":\"\",\"createBy\":\"admin\",\"createTime\":\"2024-05-14 09:57:47\",\"delFlag\":\"0\",\"loginDate\":\"2024-05-15 10:21:22\",\"loginIp\":\"127.0.0.1\",\"nickName\":\"管理员\",\"params\":{},\"remark\":\"管理员\",\"sex\":\"1\",\"userId\":1,\"userName\":\"admin\"},\"userId\":1},{\"content\":\"参差荇菜，左右流之。窈窕淑女，寤寐求之\",\"createBy\":\"admin\",\"createTime\":\"2024-05-15 11:36:23\",\"favor\":0,\"id\":4,\"params\":{},\"poetryId\":1,\"user\":{\"avatar\":\"\",\"createBy\":\"admin\",\"createTime\":\"2024-05-14 09:57:47\",\"delFlag\":\"0\",\"loginDate\":\"2024-05-15 10:21:22\",\"loginIp\":\"127.0.0.1\",\"nickName\":\"管理员\",\"params\":{},\"remark\":\"管理员\",\"sex\":\"1\",\"userId\":1,\"userName\":\"admin\"},\"userId\":1},{\"content\":\"求之不得，寤寐思服。悠哉悠哉，辗转反侧\",\"createBy\":\"admin\",\"createTime\":\"2024-05-15 11:37:20\",\"favor\":0,\"id\":5,\"params\":{},\"poetryId\":1,\"user\":{\"avatar\":\"\",\"createBy\":\"admin\",\"createTime\":\"2024-05-14 09:57:47\",\"delFlag\":\"0\",\"loginDate\":\"2024-05-15 10:21:22\",\"loginIp\":\"127.0.0.1\",\"nickName\":\"管理员\",\"params\":{},\"remark\":\"管理员\",\"sex\":\"1\",\"userId\":1,\"userName\":\"admin\"},\"userId\":1}],\"click\":80,\"content\":\"<p>关关雎鸠，在河之洲。窈窕淑女，君子好逑。</p><p>参差荇菜，左右流之。窈窕淑女，寤寐求之。</p><', 0, NULL, '2024-05-15 11:52:19', 30);
INSERT INTO `sys_oper_log` VALUES (284, '诗词', 2, 'com.main.system.controller.BizPoetryController.read()', 'PUT', 1, 'admin', '研发部门', '/system/poetry/read/1', '127.0.0.1', '内网IP', '1', '{\"msg\":\"操作成功\",\"code\":200,\"data\":{\"author\":\"佚名\",\"bizPoetryCommentList\":[{\"content\":\"非常好诗词，是使我的春心萌动，爱来自关中\",\"createBy\":\"admin\",\"createTime\":\"2024-05-15 11:21:37\",\"favor\":0,\"id\":1,\"params\":{},\"poetryId\":1,\"user\":{\"avatar\":\"\",\"createBy\":\"admin\",\"createTime\":\"2024-05-14 09:57:47\",\"delFlag\":\"0\",\"loginDate\":\"2024-05-15 10:21:22\",\"loginIp\":\"127.0.0.1\",\"nickName\":\"管理员\",\"params\":{},\"remark\":\"管理员\",\"sex\":\"1\",\"userId\":1,\"userName\":\"admin\"},\"userId\":1},{\"content\":\"关关雎鸠，在河之洲。窈窕淑女，君子好逑\",\"createBy\":\"admin\",\"createTime\":\"2024-05-15 11:34:13\",\"favor\":0,\"id\":2,\"params\":{},\"poetryId\":1,\"user\":{\"avatar\":\"\",\"createBy\":\"admin\",\"createTime\":\"2024-05-14 09:57:47\",\"delFlag\":\"0\",\"loginDate\":\"2024-05-15 10:21:22\",\"loginIp\":\"127.0.0.1\",\"nickName\":\"管理员\",\"params\":{},\"remark\":\"管理员\",\"sex\":\"1\",\"userId\":1,\"userName\":\"admin\"},\"userId\":1},{\"content\":\"关关雎鸠，在河之洲。窈窕淑女，君子好逑\",\"createBy\":\"admin\",\"createTime\":\"2024-05-15 11:34:56\",\"favor\":0,\"id\":3,\"params\":{},\"poetryId\":1,\"user\":{\"avatar\":\"\",\"createBy\":\"admin\",\"createTime\":\"2024-05-14 09:57:47\",\"delFlag\":\"0\",\"loginDate\":\"2024-05-15 10:21:22\",\"loginIp\":\"127.0.0.1\",\"nickName\":\"管理员\",\"params\":{},\"remark\":\"管理员\",\"sex\":\"1\",\"userId\":1,\"userName\":\"admin\"},\"userId\":1},{\"content\":\"参差荇菜，左右流之。窈窕淑女，寤寐求之\",\"createBy\":\"admin\",\"createTime\":\"2024-05-15 11:36:23\",\"favor\":0,\"id\":4,\"params\":{},\"poetryId\":1,\"user\":{\"avatar\":\"\",\"createBy\":\"admin\",\"createTime\":\"2024-05-14 09:57:47\",\"delFlag\":\"0\",\"loginDate\":\"2024-05-15 10:21:22\",\"loginIp\":\"127.0.0.1\",\"nickName\":\"管理员\",\"params\":{},\"remark\":\"管理员\",\"sex\":\"1\",\"userId\":1,\"userName\":\"admin\"},\"userId\":1},{\"content\":\"求之不得，寤寐思服。悠哉悠哉，辗转反侧\",\"createBy\":\"admin\",\"createTime\":\"2024-05-15 11:37:20\",\"favor\":0,\"id\":5,\"params\":{},\"poetryId\":1,\"user\":{\"avatar\":\"\",\"createBy\":\"admin\",\"createTime\":\"2024-05-14 09:57:47\",\"delFlag\":\"0\",\"loginDate\":\"2024-05-15 10:21:22\",\"loginIp\":\"127.0.0.1\",\"nickName\":\"管理员\",\"params\":{},\"remark\":\"管理员\",\"sex\":\"1\",\"userId\":1,\"userName\":\"admin\"},\"userId\":1}],\"click\":81,\"content\":\"<p>关关雎鸠，在河之洲。窈窕淑女，君子好逑。</p><p>参差荇菜，左右流之。窈窕淑女，寤寐求之。</p><', 0, NULL, '2024-05-15 11:56:18', 26);
INSERT INTO `sys_oper_log` VALUES (285, '诗词', 2, 'com.main.system.controller.BizPoetryController.read()', 'PUT', 1, 'admin', '研发部门', '/system/poetry/read/1', '127.0.0.1', '内网IP', '1', '{\"msg\":\"操作成功\",\"code\":200,\"data\":{\"author\":\"佚名\",\"bizPoetryCommentList\":[{\"content\":\"非常好诗词，是使我的春心萌动，爱来自关中\",\"createBy\":\"admin\",\"createTime\":\"2024-05-15 11:21:37\",\"favor\":0,\"id\":1,\"params\":{},\"poetryId\":1,\"user\":{\"avatar\":\"\",\"createBy\":\"admin\",\"createTime\":\"2024-05-14 09:57:47\",\"delFlag\":\"0\",\"loginDate\":\"2024-05-15 10:21:22\",\"loginIp\":\"127.0.0.1\",\"nickName\":\"管理员\",\"params\":{},\"remark\":\"管理员\",\"sex\":\"1\",\"userId\":1,\"userName\":\"admin\"},\"userId\":1},{\"content\":\"关关雎鸠，在河之洲。窈窕淑女，君子好逑\",\"createBy\":\"admin\",\"createTime\":\"2024-05-15 11:34:13\",\"favor\":0,\"id\":2,\"params\":{},\"poetryId\":1,\"user\":{\"avatar\":\"\",\"createBy\":\"admin\",\"createTime\":\"2024-05-14 09:57:47\",\"delFlag\":\"0\",\"loginDate\":\"2024-05-15 10:21:22\",\"loginIp\":\"127.0.0.1\",\"nickName\":\"管理员\",\"params\":{},\"remark\":\"管理员\",\"sex\":\"1\",\"userId\":1,\"userName\":\"admin\"},\"userId\":1},{\"content\":\"关关雎鸠，在河之洲。窈窕淑女，君子好逑\",\"createBy\":\"admin\",\"createTime\":\"2024-05-15 11:34:56\",\"favor\":0,\"id\":3,\"params\":{},\"poetryId\":1,\"user\":{\"avatar\":\"\",\"createBy\":\"admin\",\"createTime\":\"2024-05-14 09:57:47\",\"delFlag\":\"0\",\"loginDate\":\"2024-05-15 10:21:22\",\"loginIp\":\"127.0.0.1\",\"nickName\":\"管理员\",\"params\":{},\"remark\":\"管理员\",\"sex\":\"1\",\"userId\":1,\"userName\":\"admin\"},\"userId\":1},{\"content\":\"参差荇菜，左右流之。窈窕淑女，寤寐求之\",\"createBy\":\"admin\",\"createTime\":\"2024-05-15 11:36:23\",\"favor\":0,\"id\":4,\"params\":{},\"poetryId\":1,\"user\":{\"avatar\":\"\",\"createBy\":\"admin\",\"createTime\":\"2024-05-14 09:57:47\",\"delFlag\":\"0\",\"loginDate\":\"2024-05-15 10:21:22\",\"loginIp\":\"127.0.0.1\",\"nickName\":\"管理员\",\"params\":{},\"remark\":\"管理员\",\"sex\":\"1\",\"userId\":1,\"userName\":\"admin\"},\"userId\":1},{\"content\":\"求之不得，寤寐思服。悠哉悠哉，辗转反侧\",\"createBy\":\"admin\",\"createTime\":\"2024-05-15 11:37:20\",\"favor\":0,\"id\":5,\"params\":{},\"poetryId\":1,\"user\":{\"avatar\":\"\",\"createBy\":\"admin\",\"createTime\":\"2024-05-14 09:57:47\",\"delFlag\":\"0\",\"loginDate\":\"2024-05-15 10:21:22\",\"loginIp\":\"127.0.0.1\",\"nickName\":\"管理员\",\"params\":{},\"remark\":\"管理员\",\"sex\":\"1\",\"userId\":1,\"userName\":\"admin\"},\"userId\":1}],\"click\":82,\"content\":\"<p>关关雎鸠，在河之洲。窈窕淑女，君子好逑。</p><p>参差荇菜，左右流之。窈窕淑女，寤寐求之。</p><', 0, NULL, '2024-05-15 11:56:22', 20);
INSERT INTO `sys_oper_log` VALUES (286, '用户头像', 2, 'com.main.web.controller.system.SysProfileController.avatar()', 'POST', 1, 'admin', '研发部门', '/system/user/profile/avatar', '127.0.0.1', '内网IP', '', '{\"msg\":\"操作成功\",\"imgUrl\":\"/profile/avatar/2024/05/15/QQ20221021114707_20240515115659A001.jpg\",\"code\":200}', 0, NULL, '2024-05-15 11:56:59', 59);
INSERT INTO `sys_oper_log` VALUES (287, '诗词', 2, 'com.main.system.controller.BizPoetryController.read()', 'PUT', 1, 'admin', '研发部门', '/system/poetry/read/1', '127.0.0.1', '内网IP', '1', '{\"msg\":\"操作成功\",\"code\":200,\"data\":{\"author\":\"佚名\",\"bizPoetryCommentList\":[{\"content\":\"非常好诗词，是使我的春心萌动，爱来自关中\",\"createBy\":\"admin\",\"createTime\":\"2024-05-15 11:21:37\",\"favor\":0,\"id\":1,\"params\":{},\"poetryId\":1,\"user\":{\"avatar\":\"/profile/avatar/2024/05/15/QQ20221021114707_20240515115659A001.jpg\",\"createBy\":\"admin\",\"createTime\":\"2024-05-14 09:57:47\",\"delFlag\":\"0\",\"loginDate\":\"2024-05-15 10:21:22\",\"loginIp\":\"127.0.0.1\",\"nickName\":\"管理员\",\"params\":{},\"remark\":\"管理员\",\"sex\":\"1\",\"userId\":1,\"userName\":\"admin\"},\"userId\":1},{\"content\":\"关关雎鸠，在河之洲。窈窕淑女，君子好逑\",\"createBy\":\"admin\",\"createTime\":\"2024-05-15 11:34:13\",\"favor\":0,\"id\":2,\"params\":{},\"poetryId\":1,\"user\":{\"avatar\":\"/profile/avatar/2024/05/15/QQ20221021114707_20240515115659A001.jpg\",\"createBy\":\"admin\",\"createTime\":\"2024-05-14 09:57:47\",\"delFlag\":\"0\",\"loginDate\":\"2024-05-15 10:21:22\",\"loginIp\":\"127.0.0.1\",\"nickName\":\"管理员\",\"params\":{},\"remark\":\"管理员\",\"sex\":\"1\",\"userId\":1,\"userName\":\"admin\"},\"userId\":1},{\"content\":\"关关雎鸠，在河之洲。窈窕淑女，君子好逑\",\"createBy\":\"admin\",\"createTime\":\"2024-05-15 11:34:56\",\"favor\":0,\"id\":3,\"params\":{},\"poetryId\":1,\"user\":{\"avatar\":\"/profile/avatar/2024/05/15/QQ20221021114707_20240515115659A001.jpg\",\"createBy\":\"admin\",\"createTime\":\"2024-05-14 09:57:47\",\"delFlag\":\"0\",\"loginDate\":\"2024-05-15 10:21:22\",\"loginIp\":\"127.0.0.1\",\"nickName\":\"管理员\",\"params\":{},\"remark\":\"管理员\",\"sex\":\"1\",\"userId\":1,\"userName\":\"admin\"},\"userId\":1},{\"content\":\"参差荇菜，左右流之。窈窕淑女，寤寐求之\",\"createBy\":\"admin\",\"createTime\":\"2024-05-15 11:36:23\",\"favor\":0,\"id\":4,\"params\":{},\"poetryId\":1,\"user\":{\"avatar\":\"/profile/avatar/2024/05/15/QQ20221021114707_20240515115659A001.jpg\",\"createBy\":\"admin\",\"createTime\":\"2024-05-14 09:57:47\",\"delFlag\":\"0\",\"loginDate\":\"2024-05-15 10:21:22\",\"loginIp\":\"127.0.0.1\",\"nickName\":\"管理员\",\"params\":{},\"remark\":\"管理员\",\"sex\":\"1\",\"userId\":1,\"userName\":\"admin\"},\"userId\":1},{\"content\":\"求之不得，寤寐思服。悠哉悠哉，辗转反侧\",\"createBy\":\"admin\",\"createTime\":\"2024-05-15 11:37:20\",\"favor\":0,\"id\":5,\"params\":{},\"poetryId\":1,\"user\":{\"avatar\":\"/profile/avatar/2024/05/15/QQ20221021', 0, NULL, '2024-05-15 11:57:05', 12);
INSERT INTO `sys_oper_log` VALUES (288, '诗词', 2, 'com.main.system.controller.BizPoetryController.read()', 'PUT', 1, 'admin', '研发部门', '/system/poetry/read/1', '127.0.0.1', '内网IP', '1', '{\"msg\":\"操作成功\",\"code\":200,\"data\":{\"author\":\"佚名\",\"bizPoetryCommentList\":[{\"content\":\"非常好诗词，是使我的春心萌动，爱来自关中\",\"createBy\":\"admin\",\"createTime\":\"2024-05-15 11:21:37\",\"favor\":0,\"id\":1,\"params\":{},\"poetryId\":1,\"user\":{\"avatar\":\"/profile/avatar/2024/05/15/QQ20221021114707_20240515115659A001.jpg\",\"createBy\":\"admin\",\"createTime\":\"2024-05-14 09:57:47\",\"delFlag\":\"0\",\"loginDate\":\"2024-05-15 10:21:22\",\"loginIp\":\"127.0.0.1\",\"nickName\":\"管理员\",\"params\":{},\"remark\":\"管理员\",\"sex\":\"1\",\"userId\":1,\"userName\":\"admin\"},\"userId\":1},{\"content\":\"关关雎鸠，在河之洲。窈窕淑女，君子好逑\",\"createBy\":\"admin\",\"createTime\":\"2024-05-15 11:34:13\",\"favor\":0,\"id\":2,\"params\":{},\"poetryId\":1,\"user\":{\"avatar\":\"/profile/avatar/2024/05/15/QQ20221021114707_20240515115659A001.jpg\",\"createBy\":\"admin\",\"createTime\":\"2024-05-14 09:57:47\",\"delFlag\":\"0\",\"loginDate\":\"2024-05-15 10:21:22\",\"loginIp\":\"127.0.0.1\",\"nickName\":\"管理员\",\"params\":{},\"remark\":\"管理员\",\"sex\":\"1\",\"userId\":1,\"userName\":\"admin\"},\"userId\":1},{\"content\":\"关关雎鸠，在河之洲。窈窕淑女，君子好逑\",\"createBy\":\"admin\",\"createTime\":\"2024-05-15 11:34:56\",\"favor\":0,\"id\":3,\"params\":{},\"poetryId\":1,\"user\":{\"avatar\":\"/profile/avatar/2024/05/15/QQ20221021114707_20240515115659A001.jpg\",\"createBy\":\"admin\",\"createTime\":\"2024-05-14 09:57:47\",\"delFlag\":\"0\",\"loginDate\":\"2024-05-15 10:21:22\",\"loginIp\":\"127.0.0.1\",\"nickName\":\"管理员\",\"params\":{},\"remark\":\"管理员\",\"sex\":\"1\",\"userId\":1,\"userName\":\"admin\"},\"userId\":1},{\"content\":\"参差荇菜，左右流之。窈窕淑女，寤寐求之\",\"createBy\":\"admin\",\"createTime\":\"2024-05-15 11:36:23\",\"favor\":0,\"id\":4,\"params\":{},\"poetryId\":1,\"user\":{\"avatar\":\"/profile/avatar/2024/05/15/QQ20221021114707_20240515115659A001.jpg\",\"createBy\":\"admin\",\"createTime\":\"2024-05-14 09:57:47\",\"delFlag\":\"0\",\"loginDate\":\"2024-05-15 10:21:22\",\"loginIp\":\"127.0.0.1\",\"nickName\":\"管理员\",\"params\":{},\"remark\":\"管理员\",\"sex\":\"1\",\"userId\":1,\"userName\":\"admin\"},\"userId\":1},{\"content\":\"求之不得，寤寐思服。悠哉悠哉，辗转反侧\",\"createBy\":\"admin\",\"createTime\":\"2024-05-15 11:37:20\",\"favor\":0,\"id\":5,\"params\":{},\"poetryId\":1,\"user\":{\"avatar\":\"/profile/avatar/2024/05/15/QQ20221021', 0, NULL, '2024-05-15 11:58:04', 19);
INSERT INTO `sys_oper_log` VALUES (289, '诗词', 2, 'com.main.system.controller.BizPoetryController.read()', 'PUT', 1, 'admin', '研发部门', '/system/poetry/read/1', '127.0.0.1', '内网IP', '1', '{\"msg\":\"操作成功\",\"code\":200,\"data\":{\"author\":\"佚名\",\"bizPoetryCommentList\":[{\"content\":\"非常好诗词，是使我的春心萌动，爱来自关中\",\"createBy\":\"admin\",\"createTime\":\"2024-05-15 11:21:37\",\"favor\":0,\"id\":1,\"params\":{},\"poetryId\":1,\"user\":{\"avatar\":\"\",\"createBy\":\"admin\",\"createTime\":\"2024-05-14 09:57:47\",\"delFlag\":\"0\",\"loginDate\":\"2024-05-15 10:21:22\",\"loginIp\":\"127.0.0.1\",\"nickName\":\"管理员\",\"params\":{},\"remark\":\"管理员\",\"sex\":\"1\",\"userId\":1,\"userName\":\"admin\"},\"userId\":1},{\"content\":\"关关雎鸠，在河之洲。窈窕淑女，君子好逑\",\"createBy\":\"admin\",\"createTime\":\"2024-05-15 11:34:13\",\"favor\":0,\"id\":2,\"params\":{},\"poetryId\":1,\"user\":{\"avatar\":\"\",\"createBy\":\"admin\",\"createTime\":\"2024-05-14 09:57:47\",\"delFlag\":\"0\",\"loginDate\":\"2024-05-15 10:21:22\",\"loginIp\":\"127.0.0.1\",\"nickName\":\"管理员\",\"params\":{},\"remark\":\"管理员\",\"sex\":\"1\",\"userId\":1,\"userName\":\"admin\"},\"userId\":1},{\"content\":\"关关雎鸠，在河之洲。窈窕淑女，君子好逑\",\"createBy\":\"admin\",\"createTime\":\"2024-05-15 11:34:56\",\"favor\":0,\"id\":3,\"params\":{},\"poetryId\":1,\"user\":{\"avatar\":\"\",\"createBy\":\"admin\",\"createTime\":\"2024-05-14 09:57:47\",\"delFlag\":\"0\",\"loginDate\":\"2024-05-15 10:21:22\",\"loginIp\":\"127.0.0.1\",\"nickName\":\"管理员\",\"params\":{},\"remark\":\"管理员\",\"sex\":\"1\",\"userId\":1,\"userName\":\"admin\"},\"userId\":1},{\"content\":\"参差荇菜，左右流之。窈窕淑女，寤寐求之\",\"createBy\":\"admin\",\"createTime\":\"2024-05-15 11:36:23\",\"favor\":0,\"id\":4,\"params\":{},\"poetryId\":1,\"user\":{\"avatar\":\"\",\"createBy\":\"admin\",\"createTime\":\"2024-05-14 09:57:47\",\"delFlag\":\"0\",\"loginDate\":\"2024-05-15 10:21:22\",\"loginIp\":\"127.0.0.1\",\"nickName\":\"管理员\",\"params\":{},\"remark\":\"管理员\",\"sex\":\"1\",\"userId\":1,\"userName\":\"admin\"},\"userId\":1},{\"content\":\"求之不得，寤寐思服。悠哉悠哉，辗转反侧\",\"createBy\":\"admin\",\"createTime\":\"2024-05-15 11:37:20\",\"favor\":0,\"id\":5,\"params\":{},\"poetryId\":1,\"user\":{\"avatar\":\"\",\"createBy\":\"admin\",\"createTime\":\"2024-05-14 09:57:47\",\"delFlag\":\"0\",\"loginDate\":\"2024-05-15 10:21:22\",\"loginIp\":\"127.0.0.1\",\"nickName\":\"管理员\",\"params\":{},\"remark\":\"管理员\",\"sex\":\"1\",\"userId\":1,\"userName\":\"admin\"},\"userId\":1}],\"click\":85,\"content\":\"<p>关关雎鸠，在河之洲。窈窕淑女，君子好逑。</p><p>参差荇菜，左右流之。窈窕淑女，寤寐求之。</p><', 0, NULL, '2024-05-15 11:58:20', 27);
INSERT INTO `sys_oper_log` VALUES (290, '诗词', 2, 'com.main.system.controller.BizPoetryController.read()', 'PUT', 1, 'admin', '研发部门', '/system/poetry/read/1', '127.0.0.1', '内网IP', '1', '{\"msg\":\"操作成功\",\"code\":200,\"data\":{\"author\":\"佚名\",\"bizPoetryCommentList\":[{\"content\":\"非常好诗词，是使我的春心萌动，爱来自关中\",\"createBy\":\"admin\",\"createTime\":\"2024-05-15 11:21:37\",\"favor\":0,\"id\":1,\"params\":{},\"poetryId\":1,\"user\":{\"avatar\":\"\",\"createBy\":\"admin\",\"createTime\":\"2024-05-14 09:57:47\",\"delFlag\":\"0\",\"loginDate\":\"2024-05-15 11:58:25\",\"loginIp\":\"127.0.0.1\",\"nickName\":\"管理员\",\"params\":{},\"remark\":\"管理员\",\"sex\":\"1\",\"userId\":1,\"userName\":\"admin\"},\"userId\":1},{\"content\":\"关关雎鸠，在河之洲。窈窕淑女，君子好逑\",\"createBy\":\"admin\",\"createTime\":\"2024-05-15 11:34:13\",\"favor\":0,\"id\":2,\"params\":{},\"poetryId\":1,\"user\":{\"avatar\":\"\",\"createBy\":\"admin\",\"createTime\":\"2024-05-14 09:57:47\",\"delFlag\":\"0\",\"loginDate\":\"2024-05-15 11:58:25\",\"loginIp\":\"127.0.0.1\",\"nickName\":\"管理员\",\"params\":{},\"remark\":\"管理员\",\"sex\":\"1\",\"userId\":1,\"userName\":\"admin\"},\"userId\":1},{\"content\":\"关关雎鸠，在河之洲。窈窕淑女，君子好逑\",\"createBy\":\"admin\",\"createTime\":\"2024-05-15 11:34:56\",\"favor\":0,\"id\":3,\"params\":{},\"poetryId\":1,\"user\":{\"avatar\":\"\",\"createBy\":\"admin\",\"createTime\":\"2024-05-14 09:57:47\",\"delFlag\":\"0\",\"loginDate\":\"2024-05-15 11:58:25\",\"loginIp\":\"127.0.0.1\",\"nickName\":\"管理员\",\"params\":{},\"remark\":\"管理员\",\"sex\":\"1\",\"userId\":1,\"userName\":\"admin\"},\"userId\":1},{\"content\":\"参差荇菜，左右流之。窈窕淑女，寤寐求之\",\"createBy\":\"admin\",\"createTime\":\"2024-05-15 11:36:23\",\"favor\":0,\"id\":4,\"params\":{},\"poetryId\":1,\"user\":{\"avatar\":\"\",\"createBy\":\"admin\",\"createTime\":\"2024-05-14 09:57:47\",\"delFlag\":\"0\",\"loginDate\":\"2024-05-15 11:58:25\",\"loginIp\":\"127.0.0.1\",\"nickName\":\"管理员\",\"params\":{},\"remark\":\"管理员\",\"sex\":\"1\",\"userId\":1,\"userName\":\"admin\"},\"userId\":1},{\"content\":\"求之不得，寤寐思服。悠哉悠哉，辗转反侧\",\"createBy\":\"admin\",\"createTime\":\"2024-05-15 11:37:20\",\"favor\":0,\"id\":5,\"params\":{},\"poetryId\":1,\"user\":{\"avatar\":\"\",\"createBy\":\"admin\",\"createTime\":\"2024-05-14 09:57:47\",\"delFlag\":\"0\",\"loginDate\":\"2024-05-15 11:58:25\",\"loginIp\":\"127.0.0.1\",\"nickName\":\"管理员\",\"params\":{},\"remark\":\"管理员\",\"sex\":\"1\",\"userId\":1,\"userName\":\"admin\"},\"userId\":1}],\"click\":86,\"content\":\"<p>关关雎鸠，在河之洲。窈窕淑女，君子好逑。</p><p>参差荇菜，左右流之。窈窕淑女，寤寐求之。</p><', 0, NULL, '2024-05-15 11:58:29', 14);
INSERT INTO `sys_oper_log` VALUES (291, '诗词', 2, 'com.main.system.controller.BizPoetryController.read()', 'PUT', 1, 'admin', '研发部门', '/system/poetry/read/1', '127.0.0.1', '内网IP', '1', '{\"msg\":\"操作成功\",\"code\":200,\"data\":{\"author\":\"佚名\",\"bizPoetryCommentList\":[{\"content\":\"非常好诗词，是使我的春心萌动，爱来自关中\",\"createBy\":\"admin\",\"createTime\":\"2024-05-15 11:21:37\",\"favor\":0,\"id\":1,\"params\":{},\"poetryId\":1,\"user\":{\"avatar\":\"\",\"createBy\":\"admin\",\"createTime\":\"2024-05-14 09:57:47\",\"delFlag\":\"0\",\"loginDate\":\"2024-05-15 11:58:25\",\"loginIp\":\"127.0.0.1\",\"nickName\":\"管理员\",\"params\":{},\"remark\":\"管理员\",\"sex\":\"1\",\"userId\":1,\"userName\":\"admin\"},\"userId\":1},{\"content\":\"关关雎鸠，在河之洲。窈窕淑女，君子好逑\",\"createBy\":\"admin\",\"createTime\":\"2024-05-15 11:34:13\",\"favor\":0,\"id\":2,\"params\":{},\"poetryId\":1,\"user\":{\"avatar\":\"\",\"createBy\":\"admin\",\"createTime\":\"2024-05-14 09:57:47\",\"delFlag\":\"0\",\"loginDate\":\"2024-05-15 11:58:25\",\"loginIp\":\"127.0.0.1\",\"nickName\":\"管理员\",\"params\":{},\"remark\":\"管理员\",\"sex\":\"1\",\"userId\":1,\"userName\":\"admin\"},\"userId\":1},{\"content\":\"关关雎鸠，在河之洲。窈窕淑女，君子好逑\",\"createBy\":\"admin\",\"createTime\":\"2024-05-15 11:34:56\",\"favor\":0,\"id\":3,\"params\":{},\"poetryId\":1,\"user\":{\"avatar\":\"\",\"createBy\":\"admin\",\"createTime\":\"2024-05-14 09:57:47\",\"delFlag\":\"0\",\"loginDate\":\"2024-05-15 11:58:25\",\"loginIp\":\"127.0.0.1\",\"nickName\":\"管理员\",\"params\":{},\"remark\":\"管理员\",\"sex\":\"1\",\"userId\":1,\"userName\":\"admin\"},\"userId\":1},{\"content\":\"参差荇菜，左右流之。窈窕淑女，寤寐求之\",\"createBy\":\"admin\",\"createTime\":\"2024-05-15 11:36:23\",\"favor\":0,\"id\":4,\"params\":{},\"poetryId\":1,\"user\":{\"avatar\":\"\",\"createBy\":\"admin\",\"createTime\":\"2024-05-14 09:57:47\",\"delFlag\":\"0\",\"loginDate\":\"2024-05-15 11:58:25\",\"loginIp\":\"127.0.0.1\",\"nickName\":\"管理员\",\"params\":{},\"remark\":\"管理员\",\"sex\":\"1\",\"userId\":1,\"userName\":\"admin\"},\"userId\":1},{\"content\":\"求之不得，寤寐思服。悠哉悠哉，辗转反侧\",\"createBy\":\"admin\",\"createTime\":\"2024-05-15 11:37:20\",\"favor\":0,\"id\":5,\"params\":{},\"poetryId\":1,\"user\":{\"avatar\":\"\",\"createBy\":\"admin\",\"createTime\":\"2024-05-14 09:57:47\",\"delFlag\":\"0\",\"loginDate\":\"2024-05-15 11:58:25\",\"loginIp\":\"127.0.0.1\",\"nickName\":\"管理员\",\"params\":{},\"remark\":\"管理员\",\"sex\":\"1\",\"userId\":1,\"userName\":\"admin\"},\"userId\":1}],\"click\":87,\"content\":\"<p>关关雎鸠，在河之洲。窈窕淑女，君子好逑。</p><p>参差荇菜，左右流之。窈窕淑女，寤寐求之。</p><', 0, NULL, '2024-05-15 11:58:43', 12);
INSERT INTO `sys_oper_log` VALUES (292, '诗词', 2, 'com.main.system.controller.BizPoetryController.read()', 'PUT', 1, 'admin', '研发部门', '/system/poetry/read/1', '127.0.0.1', '内网IP', '1', '{\"msg\":\"操作成功\",\"code\":200,\"data\":{\"author\":\"佚名\",\"bizPoetryCommentList\":[{\"content\":\"非常好诗词，是使我的春心萌动，爱来自关中\",\"createBy\":\"admin\",\"createTime\":\"2024-05-15 11:21:37\",\"favor\":0,\"id\":1,\"params\":{},\"poetryId\":1,\"user\":{\"avatar\":\"\",\"createBy\":\"admin\",\"createTime\":\"2024-05-14 09:57:47\",\"delFlag\":\"0\",\"loginDate\":\"2024-05-15 11:58:25\",\"loginIp\":\"127.0.0.1\",\"nickName\":\"管理员\",\"params\":{},\"remark\":\"管理员\",\"sex\":\"1\",\"userId\":1,\"userName\":\"admin\"},\"userId\":1},{\"content\":\"关关雎鸠，在河之洲。窈窕淑女，君子好逑\",\"createBy\":\"admin\",\"createTime\":\"2024-05-15 11:34:13\",\"favor\":0,\"id\":2,\"params\":{},\"poetryId\":1,\"user\":{\"avatar\":\"\",\"createBy\":\"admin\",\"createTime\":\"2024-05-14 09:57:47\",\"delFlag\":\"0\",\"loginDate\":\"2024-05-15 11:58:25\",\"loginIp\":\"127.0.0.1\",\"nickName\":\"管理员\",\"params\":{},\"remark\":\"管理员\",\"sex\":\"1\",\"userId\":1,\"userName\":\"admin\"},\"userId\":1},{\"content\":\"关关雎鸠，在河之洲。窈窕淑女，君子好逑\",\"createBy\":\"admin\",\"createTime\":\"2024-05-15 11:34:56\",\"favor\":0,\"id\":3,\"params\":{},\"poetryId\":1,\"user\":{\"avatar\":\"\",\"createBy\":\"admin\",\"createTime\":\"2024-05-14 09:57:47\",\"delFlag\":\"0\",\"loginDate\":\"2024-05-15 11:58:25\",\"loginIp\":\"127.0.0.1\",\"nickName\":\"管理员\",\"params\":{},\"remark\":\"管理员\",\"sex\":\"1\",\"userId\":1,\"userName\":\"admin\"},\"userId\":1},{\"content\":\"参差荇菜，左右流之。窈窕淑女，寤寐求之\",\"createBy\":\"admin\",\"createTime\":\"2024-05-15 11:36:23\",\"favor\":0,\"id\":4,\"params\":{},\"poetryId\":1,\"user\":{\"avatar\":\"\",\"createBy\":\"admin\",\"createTime\":\"2024-05-14 09:57:47\",\"delFlag\":\"0\",\"loginDate\":\"2024-05-15 11:58:25\",\"loginIp\":\"127.0.0.1\",\"nickName\":\"管理员\",\"params\":{},\"remark\":\"管理员\",\"sex\":\"1\",\"userId\":1,\"userName\":\"admin\"},\"userId\":1},{\"content\":\"求之不得，寤寐思服。悠哉悠哉，辗转反侧\",\"createBy\":\"admin\",\"createTime\":\"2024-05-15 11:37:20\",\"favor\":0,\"id\":5,\"params\":{},\"poetryId\":1,\"user\":{\"avatar\":\"\",\"createBy\":\"admin\",\"createTime\":\"2024-05-14 09:57:47\",\"delFlag\":\"0\",\"loginDate\":\"2024-05-15 11:58:25\",\"loginIp\":\"127.0.0.1\",\"nickName\":\"管理员\",\"params\":{},\"remark\":\"管理员\",\"sex\":\"1\",\"userId\":1,\"userName\":\"admin\"},\"userId\":1}],\"click\":88,\"content\":\"<p>关关雎鸠，在河之洲。窈窕淑女，君子好逑。</p><p>参差荇菜，左右流之。窈窕淑女，寤寐求之。</p><', 0, NULL, '2024-05-15 11:59:41', 23);
INSERT INTO `sys_oper_log` VALUES (293, '诗词', 2, 'com.main.system.controller.BizPoetryController.read()', 'PUT', 1, 'admin', '研发部门', '/system/poetry/read/1', '127.0.0.1', '内网IP', '1', '{\"msg\":\"操作成功\",\"code\":200,\"data\":{\"author\":\"佚名\",\"bizPoetryCommentList\":[{\"content\":\"非常好诗词，是使我的春心萌动，爱来自关中\",\"createBy\":\"admin\",\"createTime\":\"2024-05-15 11:21:37\",\"favor\":0,\"id\":1,\"params\":{},\"poetryId\":1,\"user\":{\"avatar\":\"\",\"createBy\":\"admin\",\"createTime\":\"2024-05-14 09:57:47\",\"delFlag\":\"0\",\"loginDate\":\"2024-05-15 11:58:25\",\"loginIp\":\"127.0.0.1\",\"nickName\":\"管理员\",\"params\":{},\"remark\":\"管理员\",\"sex\":\"1\",\"userId\":1,\"userName\":\"admin\"},\"userId\":1},{\"content\":\"关关雎鸠，在河之洲。窈窕淑女，君子好逑\",\"createBy\":\"admin\",\"createTime\":\"2024-05-15 11:34:13\",\"favor\":0,\"id\":2,\"params\":{},\"poetryId\":1,\"user\":{\"avatar\":\"\",\"createBy\":\"admin\",\"createTime\":\"2024-05-14 09:57:47\",\"delFlag\":\"0\",\"loginDate\":\"2024-05-15 11:58:25\",\"loginIp\":\"127.0.0.1\",\"nickName\":\"管理员\",\"params\":{},\"remark\":\"管理员\",\"sex\":\"1\",\"userId\":1,\"userName\":\"admin\"},\"userId\":1},{\"content\":\"关关雎鸠，在河之洲。窈窕淑女，君子好逑\",\"createBy\":\"admin\",\"createTime\":\"2024-05-15 11:34:56\",\"favor\":0,\"id\":3,\"params\":{},\"poetryId\":1,\"user\":{\"avatar\":\"\",\"createBy\":\"admin\",\"createTime\":\"2024-05-14 09:57:47\",\"delFlag\":\"0\",\"loginDate\":\"2024-05-15 11:58:25\",\"loginIp\":\"127.0.0.1\",\"nickName\":\"管理员\",\"params\":{},\"remark\":\"管理员\",\"sex\":\"1\",\"userId\":1,\"userName\":\"admin\"},\"userId\":1},{\"content\":\"参差荇菜，左右流之。窈窕淑女，寤寐求之\",\"createBy\":\"admin\",\"createTime\":\"2024-05-15 11:36:23\",\"favor\":0,\"id\":4,\"params\":{},\"poetryId\":1,\"user\":{\"avatar\":\"\",\"createBy\":\"admin\",\"createTime\":\"2024-05-14 09:57:47\",\"delFlag\":\"0\",\"loginDate\":\"2024-05-15 11:58:25\",\"loginIp\":\"127.0.0.1\",\"nickName\":\"管理员\",\"params\":{},\"remark\":\"管理员\",\"sex\":\"1\",\"userId\":1,\"userName\":\"admin\"},\"userId\":1},{\"content\":\"求之不得，寤寐思服。悠哉悠哉，辗转反侧\",\"createBy\":\"admin\",\"createTime\":\"2024-05-15 11:37:20\",\"favor\":0,\"id\":5,\"params\":{},\"poetryId\":1,\"user\":{\"avatar\":\"\",\"createBy\":\"admin\",\"createTime\":\"2024-05-14 09:57:47\",\"delFlag\":\"0\",\"loginDate\":\"2024-05-15 11:58:25\",\"loginIp\":\"127.0.0.1\",\"nickName\":\"管理员\",\"params\":{},\"remark\":\"管理员\",\"sex\":\"1\",\"userId\":1,\"userName\":\"admin\"},\"userId\":1}],\"click\":89,\"content\":\"<p>关关雎鸠，在河之洲。窈窕淑女，君子好逑。</p><p>参差荇菜，左右流之。窈窕淑女，寤寐求之。</p><', 0, NULL, '2024-05-15 12:06:16', 29);
INSERT INTO `sys_oper_log` VALUES (294, '诗词', 2, 'com.main.system.controller.BizPoetryController.read()', 'PUT', 1, 'admin', '研发部门', '/system/poetry/read/1', '127.0.0.1', '内网IP', '1', '{\"msg\":\"操作成功\",\"code\":200,\"data\":{\"author\":\"佚名\",\"bizPoetryCommentList\":[{\"content\":\"非常好诗词，是使我的春心萌动，爱来自关中\",\"createBy\":\"admin\",\"createTime\":\"2024-05-15 11:21:37\",\"favor\":0,\"id\":1,\"params\":{},\"poetryId\":1,\"user\":{\"avatar\":\"\",\"createBy\":\"admin\",\"createTime\":\"2024-05-14 09:57:47\",\"delFlag\":\"0\",\"loginDate\":\"2024-05-15 11:58:25\",\"loginIp\":\"127.0.0.1\",\"nickName\":\"管理员\",\"params\":{},\"remark\":\"管理员\",\"sex\":\"1\",\"userId\":1,\"userName\":\"admin\"},\"userId\":1},{\"content\":\"关关雎鸠，在河之洲。窈窕淑女，君子好逑\",\"createBy\":\"admin\",\"createTime\":\"2024-05-15 11:34:13\",\"favor\":0,\"id\":2,\"params\":{},\"poetryId\":1,\"user\":{\"avatar\":\"\",\"createBy\":\"admin\",\"createTime\":\"2024-05-14 09:57:47\",\"delFlag\":\"0\",\"loginDate\":\"2024-05-15 11:58:25\",\"loginIp\":\"127.0.0.1\",\"nickName\":\"管理员\",\"params\":{},\"remark\":\"管理员\",\"sex\":\"1\",\"userId\":1,\"userName\":\"admin\"},\"userId\":1},{\"content\":\"关关雎鸠，在河之洲。窈窕淑女，君子好逑\",\"createBy\":\"admin\",\"createTime\":\"2024-05-15 11:34:56\",\"favor\":0,\"id\":3,\"params\":{},\"poetryId\":1,\"user\":{\"avatar\":\"\",\"createBy\":\"admin\",\"createTime\":\"2024-05-14 09:57:47\",\"delFlag\":\"0\",\"loginDate\":\"2024-05-15 11:58:25\",\"loginIp\":\"127.0.0.1\",\"nickName\":\"管理员\",\"params\":{},\"remark\":\"管理员\",\"sex\":\"1\",\"userId\":1,\"userName\":\"admin\"},\"userId\":1},{\"content\":\"参差荇菜，左右流之。窈窕淑女，寤寐求之\",\"createBy\":\"admin\",\"createTime\":\"2024-05-15 11:36:23\",\"favor\":0,\"id\":4,\"params\":{},\"poetryId\":1,\"user\":{\"avatar\":\"\",\"createBy\":\"admin\",\"createTime\":\"2024-05-14 09:57:47\",\"delFlag\":\"0\",\"loginDate\":\"2024-05-15 11:58:25\",\"loginIp\":\"127.0.0.1\",\"nickName\":\"管理员\",\"params\":{},\"remark\":\"管理员\",\"sex\":\"1\",\"userId\":1,\"userName\":\"admin\"},\"userId\":1},{\"content\":\"求之不得，寤寐思服。悠哉悠哉，辗转反侧\",\"createBy\":\"admin\",\"createTime\":\"2024-05-15 11:37:20\",\"favor\":0,\"id\":5,\"params\":{},\"poetryId\":1,\"user\":{\"avatar\":\"\",\"createBy\":\"admin\",\"createTime\":\"2024-05-14 09:57:47\",\"delFlag\":\"0\",\"loginDate\":\"2024-05-15 11:58:25\",\"loginIp\":\"127.0.0.1\",\"nickName\":\"管理员\",\"params\":{},\"remark\":\"管理员\",\"sex\":\"1\",\"userId\":1,\"userName\":\"admin\"},\"userId\":1}],\"click\":90,\"content\":\"<p>关关雎鸠，在河之洲。窈窕淑女，君子好逑。</p><p>参差荇菜，左右流之。窈窕淑女，寤寐求之。</p><', 0, NULL, '2024-05-15 12:06:20', 20);
INSERT INTO `sys_oper_log` VALUES (295, '诗词', 2, 'com.main.system.controller.BizPoetryController.read()', 'PUT', 1, 'admin', '研发部门', '/system/poetry/read/1', '127.0.0.1', '内网IP', '1', '{\"msg\":\"操作成功\",\"code\":200,\"data\":{\"author\":\"佚名\",\"bizPoetryCommentList\":[{\"content\":\"非常好诗词，是使我的春心萌动，爱来自关中\",\"createBy\":\"admin\",\"createTime\":\"2024-05-15 11:21:37\",\"favor\":0,\"id\":1,\"params\":{},\"poetryId\":1,\"user\":{\"avatar\":\"\",\"createBy\":\"admin\",\"createTime\":\"2024-05-14 09:57:47\",\"delFlag\":\"0\",\"loginDate\":\"2024-05-15 11:58:25\",\"loginIp\":\"127.0.0.1\",\"nickName\":\"管理员\",\"params\":{},\"remark\":\"管理员\",\"sex\":\"1\",\"userId\":1,\"userName\":\"admin\"},\"userId\":1},{\"content\":\"关关雎鸠，在河之洲。窈窕淑女，君子好逑\",\"createBy\":\"admin\",\"createTime\":\"2024-05-15 11:34:13\",\"favor\":0,\"id\":2,\"params\":{},\"poetryId\":1,\"user\":{\"avatar\":\"\",\"createBy\":\"admin\",\"createTime\":\"2024-05-14 09:57:47\",\"delFlag\":\"0\",\"loginDate\":\"2024-05-15 11:58:25\",\"loginIp\":\"127.0.0.1\",\"nickName\":\"管理员\",\"params\":{},\"remark\":\"管理员\",\"sex\":\"1\",\"userId\":1,\"userName\":\"admin\"},\"userId\":1},{\"content\":\"关关雎鸠，在河之洲。窈窕淑女，君子好逑\",\"createBy\":\"admin\",\"createTime\":\"2024-05-15 11:34:56\",\"favor\":0,\"id\":3,\"params\":{},\"poetryId\":1,\"user\":{\"avatar\":\"\",\"createBy\":\"admin\",\"createTime\":\"2024-05-14 09:57:47\",\"delFlag\":\"0\",\"loginDate\":\"2024-05-15 11:58:25\",\"loginIp\":\"127.0.0.1\",\"nickName\":\"管理员\",\"params\":{},\"remark\":\"管理员\",\"sex\":\"1\",\"userId\":1,\"userName\":\"admin\"},\"userId\":1},{\"content\":\"参差荇菜，左右流之。窈窕淑女，寤寐求之\",\"createBy\":\"admin\",\"createTime\":\"2024-05-15 11:36:23\",\"favor\":0,\"id\":4,\"params\":{},\"poetryId\":1,\"user\":{\"avatar\":\"\",\"createBy\":\"admin\",\"createTime\":\"2024-05-14 09:57:47\",\"delFlag\":\"0\",\"loginDate\":\"2024-05-15 11:58:25\",\"loginIp\":\"127.0.0.1\",\"nickName\":\"管理员\",\"params\":{},\"remark\":\"管理员\",\"sex\":\"1\",\"userId\":1,\"userName\":\"admin\"},\"userId\":1},{\"content\":\"求之不得，寤寐思服。悠哉悠哉，辗转反侧\",\"createBy\":\"admin\",\"createTime\":\"2024-05-15 11:37:20\",\"favor\":0,\"id\":5,\"params\":{},\"poetryId\":1,\"user\":{\"avatar\":\"\",\"createBy\":\"admin\",\"createTime\":\"2024-05-14 09:57:47\",\"delFlag\":\"0\",\"loginDate\":\"2024-05-15 11:58:25\",\"loginIp\":\"127.0.0.1\",\"nickName\":\"管理员\",\"params\":{},\"remark\":\"管理员\",\"sex\":\"1\",\"userId\":1,\"userName\":\"admin\"},\"userId\":1}],\"click\":91,\"content\":\"<p>关关雎鸠，在河之洲。窈窕淑女，君子好逑。</p><p>参差荇菜，左右流之。窈窕淑女，寤寐求之。</p><', 0, NULL, '2024-05-15 12:07:03', 21);
INSERT INTO `sys_oper_log` VALUES (296, '诗词', 2, 'com.main.system.controller.BizPoetryController.read()', 'PUT', 1, 'admin', '研发部门', '/system/poetry/read/1', '127.0.0.1', '内网IP', '1', '{\"msg\":\"操作成功\",\"code\":200,\"data\":{\"author\":\"佚名\",\"bizPoetryCommentList\":[{\"content\":\"非常好诗词，是使我的春心萌动，爱来自关中\",\"createBy\":\"admin\",\"createTime\":\"2024-05-15 11:21:37\",\"favor\":0,\"id\":1,\"params\":{},\"poetryId\":1,\"user\":{\"avatar\":\"\",\"createBy\":\"admin\",\"createTime\":\"2024-05-14 09:57:47\",\"delFlag\":\"0\",\"loginDate\":\"2024-05-15 11:58:25\",\"loginIp\":\"127.0.0.1\",\"nickName\":\"管理员\",\"params\":{},\"remark\":\"管理员\",\"sex\":\"1\",\"userId\":1,\"userName\":\"admin\"},\"userId\":1},{\"content\":\"关关雎鸠，在河之洲。窈窕淑女，君子好逑\",\"createBy\":\"admin\",\"createTime\":\"2024-05-15 11:34:13\",\"favor\":0,\"id\":2,\"params\":{},\"poetryId\":1,\"user\":{\"avatar\":\"\",\"createBy\":\"admin\",\"createTime\":\"2024-05-14 09:57:47\",\"delFlag\":\"0\",\"loginDate\":\"2024-05-15 11:58:25\",\"loginIp\":\"127.0.0.1\",\"nickName\":\"管理员\",\"params\":{},\"remark\":\"管理员\",\"sex\":\"1\",\"userId\":1,\"userName\":\"admin\"},\"userId\":1},{\"content\":\"关关雎鸠，在河之洲。窈窕淑女，君子好逑\",\"createBy\":\"admin\",\"createTime\":\"2024-05-15 11:34:56\",\"favor\":0,\"id\":3,\"params\":{},\"poetryId\":1,\"user\":{\"avatar\":\"\",\"createBy\":\"admin\",\"createTime\":\"2024-05-14 09:57:47\",\"delFlag\":\"0\",\"loginDate\":\"2024-05-15 11:58:25\",\"loginIp\":\"127.0.0.1\",\"nickName\":\"管理员\",\"params\":{},\"remark\":\"管理员\",\"sex\":\"1\",\"userId\":1,\"userName\":\"admin\"},\"userId\":1},{\"content\":\"参差荇菜，左右流之。窈窕淑女，寤寐求之\",\"createBy\":\"admin\",\"createTime\":\"2024-05-15 11:36:23\",\"favor\":0,\"id\":4,\"params\":{},\"poetryId\":1,\"user\":{\"avatar\":\"\",\"createBy\":\"admin\",\"createTime\":\"2024-05-14 09:57:47\",\"delFlag\":\"0\",\"loginDate\":\"2024-05-15 11:58:25\",\"loginIp\":\"127.0.0.1\",\"nickName\":\"管理员\",\"params\":{},\"remark\":\"管理员\",\"sex\":\"1\",\"userId\":1,\"userName\":\"admin\"},\"userId\":1},{\"content\":\"求之不得，寤寐思服。悠哉悠哉，辗转反侧\",\"createBy\":\"admin\",\"createTime\":\"2024-05-15 11:37:20\",\"favor\":0,\"id\":5,\"params\":{},\"poetryId\":1,\"user\":{\"avatar\":\"\",\"createBy\":\"admin\",\"createTime\":\"2024-05-14 09:57:47\",\"delFlag\":\"0\",\"loginDate\":\"2024-05-15 11:58:25\",\"loginIp\":\"127.0.0.1\",\"nickName\":\"管理员\",\"params\":{},\"remark\":\"管理员\",\"sex\":\"1\",\"userId\":1,\"userName\":\"admin\"},\"userId\":1}],\"click\":92,\"content\":\"<p>关关雎鸠，在河之洲。窈窕淑女，君子好逑。</p><p>参差荇菜，左右流之。窈窕淑女，寤寐求之。</p><', 0, NULL, '2024-05-15 12:07:53', 12);
INSERT INTO `sys_oper_log` VALUES (297, '诗词', 2, 'com.main.system.controller.BizPoetryController.read()', 'PUT', 1, 'admin', '研发部门', '/system/poetry/read/1', '127.0.0.1', '内网IP', '1', '{\"msg\":\"操作成功\",\"code\":200,\"data\":{\"author\":\"佚名\",\"bizPoetryCommentList\":[{\"content\":\"非常好诗词，是使我的春心萌动，爱来自关中\",\"createBy\":\"admin\",\"createTime\":\"2024-05-15 11:21:37\",\"favor\":0,\"id\":1,\"params\":{},\"poetryId\":1,\"user\":{\"avatar\":\"\",\"createBy\":\"admin\",\"createTime\":\"2024-05-14 09:57:47\",\"delFlag\":\"0\",\"loginDate\":\"2024-05-15 11:58:25\",\"loginIp\":\"127.0.0.1\",\"nickName\":\"管理员\",\"params\":{},\"remark\":\"管理员\",\"sex\":\"1\",\"userId\":1,\"userName\":\"admin\"},\"userId\":1},{\"content\":\"关关雎鸠，在河之洲。窈窕淑女，君子好逑\",\"createBy\":\"admin\",\"createTime\":\"2024-05-15 11:34:13\",\"favor\":0,\"id\":2,\"params\":{},\"poetryId\":1,\"user\":{\"avatar\":\"\",\"createBy\":\"admin\",\"createTime\":\"2024-05-14 09:57:47\",\"delFlag\":\"0\",\"loginDate\":\"2024-05-15 11:58:25\",\"loginIp\":\"127.0.0.1\",\"nickName\":\"管理员\",\"params\":{},\"remark\":\"管理员\",\"sex\":\"1\",\"userId\":1,\"userName\":\"admin\"},\"userId\":1},{\"content\":\"关关雎鸠，在河之洲。窈窕淑女，君子好逑\",\"createBy\":\"admin\",\"createTime\":\"2024-05-15 11:34:56\",\"favor\":0,\"id\":3,\"params\":{},\"poetryId\":1,\"user\":{\"avatar\":\"\",\"createBy\":\"admin\",\"createTime\":\"2024-05-14 09:57:47\",\"delFlag\":\"0\",\"loginDate\":\"2024-05-15 11:58:25\",\"loginIp\":\"127.0.0.1\",\"nickName\":\"管理员\",\"params\":{},\"remark\":\"管理员\",\"sex\":\"1\",\"userId\":1,\"userName\":\"admin\"},\"userId\":1},{\"content\":\"参差荇菜，左右流之。窈窕淑女，寤寐求之\",\"createBy\":\"admin\",\"createTime\":\"2024-05-15 11:36:23\",\"favor\":0,\"id\":4,\"params\":{},\"poetryId\":1,\"user\":{\"avatar\":\"\",\"createBy\":\"admin\",\"createTime\":\"2024-05-14 09:57:47\",\"delFlag\":\"0\",\"loginDate\":\"2024-05-15 11:58:25\",\"loginIp\":\"127.0.0.1\",\"nickName\":\"管理员\",\"params\":{},\"remark\":\"管理员\",\"sex\":\"1\",\"userId\":1,\"userName\":\"admin\"},\"userId\":1},{\"content\":\"求之不得，寤寐思服。悠哉悠哉，辗转反侧\",\"createBy\":\"admin\",\"createTime\":\"2024-05-15 11:37:20\",\"favor\":0,\"id\":5,\"params\":{},\"poetryId\":1,\"user\":{\"avatar\":\"\",\"createBy\":\"admin\",\"createTime\":\"2024-05-14 09:57:47\",\"delFlag\":\"0\",\"loginDate\":\"2024-05-15 11:58:25\",\"loginIp\":\"127.0.0.1\",\"nickName\":\"管理员\",\"params\":{},\"remark\":\"管理员\",\"sex\":\"1\",\"userId\":1,\"userName\":\"admin\"},\"userId\":1}],\"click\":93,\"content\":\"<p>关关雎鸠，在河之洲。窈窕淑女，君子好逑。</p><p>参差荇菜，左右流之。窈窕淑女，寤寐求之。</p><', 0, NULL, '2024-05-15 12:13:43', 15);
INSERT INTO `sys_oper_log` VALUES (298, '诗词', 2, 'com.main.system.controller.BizPoetryController.read()', 'PUT', 1, 'admin', '研发部门', '/system/poetry/read/1', '127.0.0.1', '内网IP', '1', '{\"msg\":\"操作成功\",\"code\":200,\"data\":{\"author\":\"佚名\",\"bizPoetryCommentList\":[{\"content\":\"非常好诗词，是使我的春心萌动，爱来自关中\",\"createBy\":\"admin\",\"createTime\":\"2024-05-15 11:21:37\",\"favor\":0,\"id\":1,\"params\":{},\"poetryId\":1,\"user\":{\"avatar\":\"\",\"createBy\":\"admin\",\"createTime\":\"2024-05-14 09:57:47\",\"delFlag\":\"0\",\"loginDate\":\"2024-05-15 11:58:25\",\"loginIp\":\"127.0.0.1\",\"nickName\":\"管理员\",\"params\":{},\"remark\":\"管理员\",\"sex\":\"1\",\"userId\":1,\"userName\":\"admin\"},\"userId\":1},{\"content\":\"关关雎鸠，在河之洲。窈窕淑女，君子好逑\",\"createBy\":\"admin\",\"createTime\":\"2024-05-15 11:34:13\",\"favor\":0,\"id\":2,\"params\":{},\"poetryId\":1,\"user\":{\"avatar\":\"\",\"createBy\":\"admin\",\"createTime\":\"2024-05-14 09:57:47\",\"delFlag\":\"0\",\"loginDate\":\"2024-05-15 11:58:25\",\"loginIp\":\"127.0.0.1\",\"nickName\":\"管理员\",\"params\":{},\"remark\":\"管理员\",\"sex\":\"1\",\"userId\":1,\"userName\":\"admin\"},\"userId\":1},{\"content\":\"关关雎鸠，在河之洲。窈窕淑女，君子好逑\",\"createBy\":\"admin\",\"createTime\":\"2024-05-15 11:34:56\",\"favor\":0,\"id\":3,\"params\":{},\"poetryId\":1,\"user\":{\"avatar\":\"\",\"createBy\":\"admin\",\"createTime\":\"2024-05-14 09:57:47\",\"delFlag\":\"0\",\"loginDate\":\"2024-05-15 11:58:25\",\"loginIp\":\"127.0.0.1\",\"nickName\":\"管理员\",\"params\":{},\"remark\":\"管理员\",\"sex\":\"1\",\"userId\":1,\"userName\":\"admin\"},\"userId\":1},{\"content\":\"参差荇菜，左右流之。窈窕淑女，寤寐求之\",\"createBy\":\"admin\",\"createTime\":\"2024-05-15 11:36:23\",\"favor\":0,\"id\":4,\"params\":{},\"poetryId\":1,\"user\":{\"avatar\":\"\",\"createBy\":\"admin\",\"createTime\":\"2024-05-14 09:57:47\",\"delFlag\":\"0\",\"loginDate\":\"2024-05-15 11:58:25\",\"loginIp\":\"127.0.0.1\",\"nickName\":\"管理员\",\"params\":{},\"remark\":\"管理员\",\"sex\":\"1\",\"userId\":1,\"userName\":\"admin\"},\"userId\":1},{\"content\":\"求之不得，寤寐思服。悠哉悠哉，辗转反侧\",\"createBy\":\"admin\",\"createTime\":\"2024-05-15 11:37:20\",\"favor\":0,\"id\":5,\"params\":{},\"poetryId\":1,\"user\":{\"avatar\":\"\",\"createBy\":\"admin\",\"createTime\":\"2024-05-14 09:57:47\",\"delFlag\":\"0\",\"loginDate\":\"2024-05-15 11:58:25\",\"loginIp\":\"127.0.0.1\",\"nickName\":\"管理员\",\"params\":{},\"remark\":\"管理员\",\"sex\":\"1\",\"userId\":1,\"userName\":\"admin\"},\"userId\":1}],\"click\":94,\"content\":\"<p>关关雎鸠，在河之洲。窈窕淑女，君子好逑。</p><p>参差荇菜，左右流之。窈窕淑女，寤寐求之。</p><', 0, NULL, '2024-05-15 12:13:44', 9);
INSERT INTO `sys_oper_log` VALUES (299, '诗词', 2, 'com.main.system.controller.BizPoetryController.read()', 'PUT', 1, 'admin', '研发部门', '/system/poetry/read/1', '127.0.0.1', '内网IP', '1', '{\"msg\":\"操作成功\",\"code\":200,\"data\":{\"author\":\"佚名\",\"bizPoetryCommentList\":[{\"content\":\"非常好诗词，是使我的春心萌动，爱来自关中\",\"createBy\":\"admin\",\"createTime\":\"2024-05-15 11:21:37\",\"favor\":0,\"id\":1,\"params\":{},\"poetryId\":1,\"user\":{\"avatar\":\"\",\"createBy\":\"admin\",\"createTime\":\"2024-05-14 09:57:47\",\"delFlag\":\"0\",\"loginDate\":\"2024-05-15 11:58:25\",\"loginIp\":\"127.0.0.1\",\"nickName\":\"管理员\",\"params\":{},\"remark\":\"管理员\",\"sex\":\"1\",\"userId\":1,\"userName\":\"admin\"},\"userId\":1},{\"content\":\"关关雎鸠，在河之洲。窈窕淑女，君子好逑\",\"createBy\":\"admin\",\"createTime\":\"2024-05-15 11:34:13\",\"favor\":0,\"id\":2,\"params\":{},\"poetryId\":1,\"user\":{\"avatar\":\"\",\"createBy\":\"admin\",\"createTime\":\"2024-05-14 09:57:47\",\"delFlag\":\"0\",\"loginDate\":\"2024-05-15 11:58:25\",\"loginIp\":\"127.0.0.1\",\"nickName\":\"管理员\",\"params\":{},\"remark\":\"管理员\",\"sex\":\"1\",\"userId\":1,\"userName\":\"admin\"},\"userId\":1},{\"content\":\"关关雎鸠，在河之洲。窈窕淑女，君子好逑\",\"createBy\":\"admin\",\"createTime\":\"2024-05-15 11:34:56\",\"favor\":0,\"id\":3,\"params\":{},\"poetryId\":1,\"user\":{\"avatar\":\"\",\"createBy\":\"admin\",\"createTime\":\"2024-05-14 09:57:47\",\"delFlag\":\"0\",\"loginDate\":\"2024-05-15 11:58:25\",\"loginIp\":\"127.0.0.1\",\"nickName\":\"管理员\",\"params\":{},\"remark\":\"管理员\",\"sex\":\"1\",\"userId\":1,\"userName\":\"admin\"},\"userId\":1},{\"content\":\"参差荇菜，左右流之。窈窕淑女，寤寐求之\",\"createBy\":\"admin\",\"createTime\":\"2024-05-15 11:36:23\",\"favor\":0,\"id\":4,\"params\":{},\"poetryId\":1,\"user\":{\"avatar\":\"\",\"createBy\":\"admin\",\"createTime\":\"2024-05-14 09:57:47\",\"delFlag\":\"0\",\"loginDate\":\"2024-05-15 11:58:25\",\"loginIp\":\"127.0.0.1\",\"nickName\":\"管理员\",\"params\":{},\"remark\":\"管理员\",\"sex\":\"1\",\"userId\":1,\"userName\":\"admin\"},\"userId\":1},{\"content\":\"求之不得，寤寐思服。悠哉悠哉，辗转反侧\",\"createBy\":\"admin\",\"createTime\":\"2024-05-15 11:37:20\",\"favor\":0,\"id\":5,\"params\":{},\"poetryId\":1,\"user\":{\"avatar\":\"\",\"createBy\":\"admin\",\"createTime\":\"2024-05-14 09:57:47\",\"delFlag\":\"0\",\"loginDate\":\"2024-05-15 11:58:25\",\"loginIp\":\"127.0.0.1\",\"nickName\":\"管理员\",\"params\":{},\"remark\":\"管理员\",\"sex\":\"1\",\"userId\":1,\"userName\":\"admin\"},\"userId\":1}],\"click\":95,\"content\":\"<p>关关雎鸠，在河之洲。窈窕淑女，君子好逑。</p><p>参差荇菜，左右流之。窈窕淑女，寤寐求之。</p><', 0, NULL, '2024-05-15 12:13:53', 17);
INSERT INTO `sys_oper_log` VALUES (300, '诗词评论', 1, 'com.main.system.controller.BizPoetryCommentController.add()', 'POST', 1, 'admin', '研发部门', '/system/comment', '127.0.0.1', '内网IP', '{\"content\":\"测试降序\",\"createBy\":\"admin\",\"createTime\":\"2024-05-15 12:14:12\",\"favor\":0,\"id\":6,\"params\":{},\"poetryId\":1,\"userId\":1}', '{\"msg\":\"操作成功\",\"code\":200}', 0, NULL, '2024-05-15 12:14:12', 7);
INSERT INTO `sys_oper_log` VALUES (301, '诗词', 2, 'com.main.system.controller.BizPoetryController.read()', 'PUT', 1, 'admin', '研发部门', '/system/poetry/read/1', '127.0.0.1', '内网IP', '1', '{\"msg\":\"操作成功\",\"code\":200,\"data\":{\"author\":\"佚名\",\"bizPoetryCommentList\":[{\"content\":\"非常好诗词，是使我的春心萌动，爱来自关中\",\"createBy\":\"admin\",\"createTime\":\"2024-05-15 11:21:37\",\"favor\":0,\"id\":1,\"params\":{},\"poetryId\":1,\"user\":{\"avatar\":\"\",\"createBy\":\"admin\",\"createTime\":\"2024-05-14 09:57:47\",\"delFlag\":\"0\",\"loginDate\":\"2024-05-15 11:58:25\",\"loginIp\":\"127.0.0.1\",\"nickName\":\"管理员\",\"params\":{},\"remark\":\"管理员\",\"sex\":\"1\",\"userId\":1,\"userName\":\"admin\"},\"userId\":1},{\"content\":\"关关雎鸠，在河之洲。窈窕淑女，君子好逑\",\"createBy\":\"admin\",\"createTime\":\"2024-05-15 11:34:13\",\"favor\":0,\"id\":2,\"params\":{},\"poetryId\":1,\"user\":{\"avatar\":\"\",\"createBy\":\"admin\",\"createTime\":\"2024-05-14 09:57:47\",\"delFlag\":\"0\",\"loginDate\":\"2024-05-15 11:58:25\",\"loginIp\":\"127.0.0.1\",\"nickName\":\"管理员\",\"params\":{},\"remark\":\"管理员\",\"sex\":\"1\",\"userId\":1,\"userName\":\"admin\"},\"userId\":1},{\"content\":\"关关雎鸠，在河之洲。窈窕淑女，君子好逑\",\"createBy\":\"admin\",\"createTime\":\"2024-05-15 11:34:56\",\"favor\":0,\"id\":3,\"params\":{},\"poetryId\":1,\"user\":{\"avatar\":\"\",\"createBy\":\"admin\",\"createTime\":\"2024-05-14 09:57:47\",\"delFlag\":\"0\",\"loginDate\":\"2024-05-15 11:58:25\",\"loginIp\":\"127.0.0.1\",\"nickName\":\"管理员\",\"params\":{},\"remark\":\"管理员\",\"sex\":\"1\",\"userId\":1,\"userName\":\"admin\"},\"userId\":1},{\"content\":\"参差荇菜，左右流之。窈窕淑女，寤寐求之\",\"createBy\":\"admin\",\"createTime\":\"2024-05-15 11:36:23\",\"favor\":0,\"id\":4,\"params\":{},\"poetryId\":1,\"user\":{\"avatar\":\"\",\"createBy\":\"admin\",\"createTime\":\"2024-05-14 09:57:47\",\"delFlag\":\"0\",\"loginDate\":\"2024-05-15 11:58:25\",\"loginIp\":\"127.0.0.1\",\"nickName\":\"管理员\",\"params\":{},\"remark\":\"管理员\",\"sex\":\"1\",\"userId\":1,\"userName\":\"admin\"},\"userId\":1},{\"content\":\"求之不得，寤寐思服。悠哉悠哉，辗转反侧\",\"createBy\":\"admin\",\"createTime\":\"2024-05-15 11:37:20\",\"favor\":0,\"id\":5,\"params\":{},\"poetryId\":1,\"user\":{\"avatar\":\"\",\"createBy\":\"admin\",\"createTime\":\"2024-05-14 09:57:47\",\"delFlag\":\"0\",\"loginDate\":\"2024-05-15 11:58:25\",\"loginIp\":\"127.0.0.1\",\"nickName\":\"管理员\",\"params\":{},\"remark\":\"管理员\",\"sex\":\"1\",\"userId\":1,\"userName\":\"admin\"},\"userId\":1},{\"content\":\"测试降序\",\"createBy\":\"admin\",\"createTime\":\"2024-05-15 12:14:13\",\"favor', 0, NULL, '2024-05-15 12:18:15', 13);
INSERT INTO `sys_oper_log` VALUES (302, '诗词', 2, 'com.main.system.controller.BizPoetryController.read()', 'PUT', 1, 'admin', '研发部门', '/system/poetry/read/1', '127.0.0.1', '内网IP', '1', '{\"msg\":\"操作成功\",\"code\":200,\"data\":{\"author\":\"佚名\",\"bizPoetryCommentList\":[{\"content\":\"非常好诗词，是使我的春心萌动，爱来自关中\",\"createBy\":\"admin\",\"createTime\":\"2024-05-15 11:21:37\",\"favor\":0,\"id\":1,\"params\":{},\"poetryId\":1,\"user\":{\"avatar\":\"\",\"createBy\":\"admin\",\"createTime\":\"2024-05-14 09:57:47\",\"delFlag\":\"0\",\"loginDate\":\"2024-05-15 11:58:25\",\"loginIp\":\"127.0.0.1\",\"nickName\":\"管理员\",\"params\":{},\"remark\":\"管理员\",\"sex\":\"1\",\"userId\":1,\"userName\":\"admin\"},\"userId\":1},{\"content\":\"关关雎鸠，在河之洲。窈窕淑女，君子好逑\",\"createBy\":\"admin\",\"createTime\":\"2024-05-15 11:34:13\",\"favor\":0,\"id\":2,\"params\":{},\"poetryId\":1,\"user\":{\"avatar\":\"\",\"createBy\":\"admin\",\"createTime\":\"2024-05-14 09:57:47\",\"delFlag\":\"0\",\"loginDate\":\"2024-05-15 11:58:25\",\"loginIp\":\"127.0.0.1\",\"nickName\":\"管理员\",\"params\":{},\"remark\":\"管理员\",\"sex\":\"1\",\"userId\":1,\"userName\":\"admin\"},\"userId\":1},{\"content\":\"关关雎鸠，在河之洲。窈窕淑女，君子好逑\",\"createBy\":\"admin\",\"createTime\":\"2024-05-15 11:34:56\",\"favor\":0,\"id\":3,\"params\":{},\"poetryId\":1,\"user\":{\"avatar\":\"\",\"createBy\":\"admin\",\"createTime\":\"2024-05-14 09:57:47\",\"delFlag\":\"0\",\"loginDate\":\"2024-05-15 11:58:25\",\"loginIp\":\"127.0.0.1\",\"nickName\":\"管理员\",\"params\":{},\"remark\":\"管理员\",\"sex\":\"1\",\"userId\":1,\"userName\":\"admin\"},\"userId\":1},{\"content\":\"参差荇菜，左右流之。窈窕淑女，寤寐求之\",\"createBy\":\"admin\",\"createTime\":\"2024-05-15 11:36:23\",\"favor\":0,\"id\":4,\"params\":{},\"poetryId\":1,\"user\":{\"avatar\":\"\",\"createBy\":\"admin\",\"createTime\":\"2024-05-14 09:57:47\",\"delFlag\":\"0\",\"loginDate\":\"2024-05-15 11:58:25\",\"loginIp\":\"127.0.0.1\",\"nickName\":\"管理员\",\"params\":{},\"remark\":\"管理员\",\"sex\":\"1\",\"userId\":1,\"userName\":\"admin\"},\"userId\":1},{\"content\":\"求之不得，寤寐思服。悠哉悠哉，辗转反侧\",\"createBy\":\"admin\",\"createTime\":\"2024-05-15 11:37:20\",\"favor\":0,\"id\":5,\"params\":{},\"poetryId\":1,\"user\":{\"avatar\":\"\",\"createBy\":\"admin\",\"createTime\":\"2024-05-14 09:57:47\",\"delFlag\":\"0\",\"loginDate\":\"2024-05-15 11:58:25\",\"loginIp\":\"127.0.0.1\",\"nickName\":\"管理员\",\"params\":{},\"remark\":\"管理员\",\"sex\":\"1\",\"userId\":1,\"userName\":\"admin\"},\"userId\":1},{\"content\":\"测试降序\",\"createBy\":\"admin\",\"createTime\":\"2024-05-15 12:14:13\",\"favor', 0, NULL, '2024-05-15 12:20:29', 20);
INSERT INTO `sys_oper_log` VALUES (303, '诗词', 2, 'com.main.system.controller.BizPoetryController.read()', 'PUT', 1, 'admin', '研发部门', '/system/poetry/read/1', '127.0.0.1', '内网IP', '1', '{\"msg\":\"操作成功\",\"code\":200,\"data\":{\"author\":\"佚名\",\"bizPoetryCommentList\":[{\"content\":\"非常好诗词，是使我的春心萌动，爱来自关中\",\"createBy\":\"admin\",\"createTime\":\"2024-05-15 11:21:37\",\"favor\":0,\"id\":1,\"params\":{},\"poetryId\":1,\"user\":{\"avatar\":\"\",\"createBy\":\"admin\",\"createTime\":\"2024-05-14 09:57:47\",\"delFlag\":\"0\",\"loginDate\":\"2024-05-15 11:58:25\",\"loginIp\":\"127.0.0.1\",\"nickName\":\"管理员\",\"params\":{},\"remark\":\"管理员\",\"sex\":\"1\",\"userId\":1,\"userName\":\"admin\"},\"userId\":1},{\"content\":\"关关雎鸠，在河之洲。窈窕淑女，君子好逑\",\"createBy\":\"admin\",\"createTime\":\"2024-05-15 11:34:13\",\"favor\":0,\"id\":2,\"params\":{},\"poetryId\":1,\"user\":{\"avatar\":\"\",\"createBy\":\"admin\",\"createTime\":\"2024-05-14 09:57:47\",\"delFlag\":\"0\",\"loginDate\":\"2024-05-15 11:58:25\",\"loginIp\":\"127.0.0.1\",\"nickName\":\"管理员\",\"params\":{},\"remark\":\"管理员\",\"sex\":\"1\",\"userId\":1,\"userName\":\"admin\"},\"userId\":1},{\"content\":\"关关雎鸠，在河之洲。窈窕淑女，君子好逑\",\"createBy\":\"admin\",\"createTime\":\"2024-05-15 11:34:56\",\"favor\":0,\"id\":3,\"params\":{},\"poetryId\":1,\"user\":{\"avatar\":\"\",\"createBy\":\"admin\",\"createTime\":\"2024-05-14 09:57:47\",\"delFlag\":\"0\",\"loginDate\":\"2024-05-15 11:58:25\",\"loginIp\":\"127.0.0.1\",\"nickName\":\"管理员\",\"params\":{},\"remark\":\"管理员\",\"sex\":\"1\",\"userId\":1,\"userName\":\"admin\"},\"userId\":1},{\"content\":\"参差荇菜，左右流之。窈窕淑女，寤寐求之\",\"createBy\":\"admin\",\"createTime\":\"2024-05-15 11:36:23\",\"favor\":0,\"id\":4,\"params\":{},\"poetryId\":1,\"user\":{\"avatar\":\"\",\"createBy\":\"admin\",\"createTime\":\"2024-05-14 09:57:47\",\"delFlag\":\"0\",\"loginDate\":\"2024-05-15 11:58:25\",\"loginIp\":\"127.0.0.1\",\"nickName\":\"管理员\",\"params\":{},\"remark\":\"管理员\",\"sex\":\"1\",\"userId\":1,\"userName\":\"admin\"},\"userId\":1},{\"content\":\"求之不得，寤寐思服。悠哉悠哉，辗转反侧\",\"createBy\":\"admin\",\"createTime\":\"2024-05-15 11:37:20\",\"favor\":0,\"id\":5,\"params\":{},\"poetryId\":1,\"user\":{\"avatar\":\"\",\"createBy\":\"admin\",\"createTime\":\"2024-05-14 09:57:47\",\"delFlag\":\"0\",\"loginDate\":\"2024-05-15 11:58:25\",\"loginIp\":\"127.0.0.1\",\"nickName\":\"管理员\",\"params\":{},\"remark\":\"管理员\",\"sex\":\"1\",\"userId\":1,\"userName\":\"admin\"},\"userId\":1},{\"content\":\"测试降序\",\"createBy\":\"admin\",\"createTime\":\"2024-05-15 12:14:13\",\"favor', 0, NULL, '2024-05-15 12:21:20', 22);
INSERT INTO `sys_oper_log` VALUES (304, '诗词', 2, 'com.main.system.controller.BizPoetryController.read()', 'PUT', 1, 'admin', '研发部门', '/system/poetry/read/1', '127.0.0.1', '内网IP', '1', '{\"msg\":\"操作成功\",\"code\":200,\"data\":{\"author\":\"佚名\",\"bizPoetryCommentList\":[{\"content\":\"非常好诗词，是使我的春心萌动，爱来自关中\",\"createBy\":\"admin\",\"createTime\":\"2024-05-15 11:21:37\",\"favor\":0,\"id\":1,\"params\":{},\"poetryId\":1,\"user\":{\"avatar\":\"\",\"createBy\":\"admin\",\"createTime\":\"2024-05-14 09:57:47\",\"delFlag\":\"0\",\"loginDate\":\"2024-05-15 11:58:25\",\"loginIp\":\"127.0.0.1\",\"nickName\":\"管理员\",\"params\":{},\"remark\":\"管理员\",\"sex\":\"1\",\"userId\":1,\"userName\":\"admin\"},\"userId\":1},{\"content\":\"关关雎鸠，在河之洲。窈窕淑女，君子好逑\",\"createBy\":\"admin\",\"createTime\":\"2024-05-15 11:34:13\",\"favor\":0,\"id\":2,\"params\":{},\"poetryId\":1,\"user\":{\"avatar\":\"\",\"createBy\":\"admin\",\"createTime\":\"2024-05-14 09:57:47\",\"delFlag\":\"0\",\"loginDate\":\"2024-05-15 11:58:25\",\"loginIp\":\"127.0.0.1\",\"nickName\":\"管理员\",\"params\":{},\"remark\":\"管理员\",\"sex\":\"1\",\"userId\":1,\"userName\":\"admin\"},\"userId\":1},{\"content\":\"关关雎鸠，在河之洲。窈窕淑女，君子好逑\",\"createBy\":\"admin\",\"createTime\":\"2024-05-15 11:34:56\",\"favor\":0,\"id\":3,\"params\":{},\"poetryId\":1,\"user\":{\"avatar\":\"\",\"createBy\":\"admin\",\"createTime\":\"2024-05-14 09:57:47\",\"delFlag\":\"0\",\"loginDate\":\"2024-05-15 11:58:25\",\"loginIp\":\"127.0.0.1\",\"nickName\":\"管理员\",\"params\":{},\"remark\":\"管理员\",\"sex\":\"1\",\"userId\":1,\"userName\":\"admin\"},\"userId\":1},{\"content\":\"参差荇菜，左右流之。窈窕淑女，寤寐求之\",\"createBy\":\"admin\",\"createTime\":\"2024-05-15 11:36:23\",\"favor\":0,\"id\":4,\"params\":{},\"poetryId\":1,\"user\":{\"avatar\":\"\",\"createBy\":\"admin\",\"createTime\":\"2024-05-14 09:57:47\",\"delFlag\":\"0\",\"loginDate\":\"2024-05-15 11:58:25\",\"loginIp\":\"127.0.0.1\",\"nickName\":\"管理员\",\"params\":{},\"remark\":\"管理员\",\"sex\":\"1\",\"userId\":1,\"userName\":\"admin\"},\"userId\":1},{\"content\":\"求之不得，寤寐思服。悠哉悠哉，辗转反侧\",\"createBy\":\"admin\",\"createTime\":\"2024-05-15 11:37:20\",\"favor\":0,\"id\":5,\"params\":{},\"poetryId\":1,\"user\":{\"avatar\":\"\",\"createBy\":\"admin\",\"createTime\":\"2024-05-14 09:57:47\",\"delFlag\":\"0\",\"loginDate\":\"2024-05-15 11:58:25\",\"loginIp\":\"127.0.0.1\",\"nickName\":\"管理员\",\"params\":{},\"remark\":\"管理员\",\"sex\":\"1\",\"userId\":1,\"userName\":\"admin\"},\"userId\":1},{\"content\":\"测试降序\",\"createBy\":\"admin\",\"createTime\":\"2024-05-15 12:14:13\",\"favor', 0, NULL, '2024-05-15 12:21:44', 21);
INSERT INTO `sys_oper_log` VALUES (305, '诗词', 2, 'com.main.system.controller.BizPoetryController.read()', 'PUT', 1, 'admin', '研发部门', '/system/poetry/read/1', '127.0.0.1', '内网IP', '1', '{\"msg\":\"操作成功\",\"code\":200,\"data\":{\"author\":\"佚名\",\"bizPoetryCommentList\":[{\"content\":\"非常好诗词，是使我的春心萌动，爱来自关中\",\"createBy\":\"admin\",\"createTime\":\"2024-05-15 11:21:37\",\"favor\":0,\"id\":1,\"params\":{},\"poetryId\":1,\"user\":{\"avatar\":\"\",\"createBy\":\"admin\",\"createTime\":\"2024-05-14 09:57:47\",\"delFlag\":\"0\",\"loginDate\":\"2024-05-15 11:58:25\",\"loginIp\":\"127.0.0.1\",\"nickName\":\"管理员\",\"params\":{},\"remark\":\"管理员\",\"sex\":\"1\",\"userId\":1,\"userName\":\"admin\"},\"userId\":1},{\"content\":\"关关雎鸠，在河之洲。窈窕淑女，君子好逑\",\"createBy\":\"admin\",\"createTime\":\"2024-05-15 11:34:13\",\"favor\":0,\"id\":2,\"params\":{},\"poetryId\":1,\"user\":{\"avatar\":\"\",\"createBy\":\"admin\",\"createTime\":\"2024-05-14 09:57:47\",\"delFlag\":\"0\",\"loginDate\":\"2024-05-15 11:58:25\",\"loginIp\":\"127.0.0.1\",\"nickName\":\"管理员\",\"params\":{},\"remark\":\"管理员\",\"sex\":\"1\",\"userId\":1,\"userName\":\"admin\"},\"userId\":1},{\"content\":\"关关雎鸠，在河之洲。窈窕淑女，君子好逑\",\"createBy\":\"admin\",\"createTime\":\"2024-05-15 11:34:56\",\"favor\":0,\"id\":3,\"params\":{},\"poetryId\":1,\"user\":{\"avatar\":\"\",\"createBy\":\"admin\",\"createTime\":\"2024-05-14 09:57:47\",\"delFlag\":\"0\",\"loginDate\":\"2024-05-15 11:58:25\",\"loginIp\":\"127.0.0.1\",\"nickName\":\"管理员\",\"params\":{},\"remark\":\"管理员\",\"sex\":\"1\",\"userId\":1,\"userName\":\"admin\"},\"userId\":1},{\"content\":\"参差荇菜，左右流之。窈窕淑女，寤寐求之\",\"createBy\":\"admin\",\"createTime\":\"2024-05-15 11:36:23\",\"favor\":0,\"id\":4,\"params\":{},\"poetryId\":1,\"user\":{\"avatar\":\"\",\"createBy\":\"admin\",\"createTime\":\"2024-05-14 09:57:47\",\"delFlag\":\"0\",\"loginDate\":\"2024-05-15 11:58:25\",\"loginIp\":\"127.0.0.1\",\"nickName\":\"管理员\",\"params\":{},\"remark\":\"管理员\",\"sex\":\"1\",\"userId\":1,\"userName\":\"admin\"},\"userId\":1},{\"content\":\"求之不得，寤寐思服。悠哉悠哉，辗转反侧\",\"createBy\":\"admin\",\"createTime\":\"2024-05-15 11:37:20\",\"favor\":0,\"id\":5,\"params\":{},\"poetryId\":1,\"user\":{\"avatar\":\"\",\"createBy\":\"admin\",\"createTime\":\"2024-05-14 09:57:47\",\"delFlag\":\"0\",\"loginDate\":\"2024-05-15 11:58:25\",\"loginIp\":\"127.0.0.1\",\"nickName\":\"管理员\",\"params\":{},\"remark\":\"管理员\",\"sex\":\"1\",\"userId\":1,\"userName\":\"admin\"},\"userId\":1},{\"content\":\"测试降序\",\"createBy\":\"admin\",\"createTime\":\"2024-05-15 12:14:13\",\"favor', 0, NULL, '2024-05-15 12:22:11', 17);
INSERT INTO `sys_oper_log` VALUES (306, '诗词评论', 1, 'com.main.system.controller.BizPoetryCommentController.add()', 'POST', 1, 'admin', '研发部门', '/system/comment', '127.0.0.1', '内网IP', '{\"content\":\"参差荇菜，左右采之。窈窕淑女，琴瑟友之\",\"createBy\":\"admin\",\"createTime\":\"2024-05-15 12:22:33\",\"favor\":0,\"id\":7,\"params\":{},\"poetryId\":1,\"userId\":1}', '{\"msg\":\"操作成功\",\"code\":200}', 0, NULL, '2024-05-15 12:22:33', 15);
INSERT INTO `sys_oper_log` VALUES (307, '诗词', 2, 'com.main.system.controller.BizPoetryController.read()', 'PUT', 1, 'admin', '研发部门', '/system/poetry/read/1', '127.0.0.1', '内网IP', '1', '{\"msg\":\"操作成功\",\"code\":200,\"data\":{\"author\":\"佚名\",\"bizPoetryCommentList\":[{\"content\":\"非常好诗词，是使我的春心萌动，爱来自关中\",\"createBy\":\"admin\",\"createTime\":\"2024-05-15 11:21:37\",\"favor\":0,\"id\":1,\"params\":{},\"poetryId\":1,\"user\":{\"avatar\":\"\",\"createBy\":\"admin\",\"createTime\":\"2024-05-14 09:57:47\",\"delFlag\":\"0\",\"loginDate\":\"2024-05-15 11:58:25\",\"loginIp\":\"127.0.0.1\",\"nickName\":\"管理员\",\"params\":{},\"remark\":\"管理员\",\"sex\":\"1\",\"userId\":1,\"userName\":\"admin\"},\"userId\":1},{\"content\":\"关关雎鸠，在河之洲。窈窕淑女，君子好逑\",\"createBy\":\"admin\",\"createTime\":\"2024-05-15 11:34:13\",\"favor\":0,\"id\":2,\"params\":{},\"poetryId\":1,\"user\":{\"avatar\":\"\",\"createBy\":\"admin\",\"createTime\":\"2024-05-14 09:57:47\",\"delFlag\":\"0\",\"loginDate\":\"2024-05-15 11:58:25\",\"loginIp\":\"127.0.0.1\",\"nickName\":\"管理员\",\"params\":{},\"remark\":\"管理员\",\"sex\":\"1\",\"userId\":1,\"userName\":\"admin\"},\"userId\":1},{\"content\":\"关关雎鸠，在河之洲。窈窕淑女，君子好逑\",\"createBy\":\"admin\",\"createTime\":\"2024-05-15 11:34:56\",\"favor\":0,\"id\":3,\"params\":{},\"poetryId\":1,\"user\":{\"avatar\":\"\",\"createBy\":\"admin\",\"createTime\":\"2024-05-14 09:57:47\",\"delFlag\":\"0\",\"loginDate\":\"2024-05-15 11:58:25\",\"loginIp\":\"127.0.0.1\",\"nickName\":\"管理员\",\"params\":{},\"remark\":\"管理员\",\"sex\":\"1\",\"userId\":1,\"userName\":\"admin\"},\"userId\":1},{\"content\":\"参差荇菜，左右流之。窈窕淑女，寤寐求之\",\"createBy\":\"admin\",\"createTime\":\"2024-05-15 11:36:23\",\"favor\":0,\"id\":4,\"params\":{},\"poetryId\":1,\"user\":{\"avatar\":\"\",\"createBy\":\"admin\",\"createTime\":\"2024-05-14 09:57:47\",\"delFlag\":\"0\",\"loginDate\":\"2024-05-15 11:58:25\",\"loginIp\":\"127.0.0.1\",\"nickName\":\"管理员\",\"params\":{},\"remark\":\"管理员\",\"sex\":\"1\",\"userId\":1,\"userName\":\"admin\"},\"userId\":1},{\"content\":\"求之不得，寤寐思服。悠哉悠哉，辗转反侧\",\"createBy\":\"admin\",\"createTime\":\"2024-05-15 11:37:20\",\"favor\":0,\"id\":5,\"params\":{},\"poetryId\":1,\"user\":{\"avatar\":\"\",\"createBy\":\"admin\",\"createTime\":\"2024-05-14 09:57:47\",\"delFlag\":\"0\",\"loginDate\":\"2024-05-15 11:58:25\",\"loginIp\":\"127.0.0.1\",\"nickName\":\"管理员\",\"params\":{},\"remark\":\"管理员\",\"sex\":\"1\",\"userId\":1,\"userName\":\"admin\"},\"userId\":1},{\"content\":\"测试降序\",\"createBy\":\"admin\",\"createTime\":\"2024-05-15 12:14:13\",\"favor', 0, NULL, '2024-05-15 12:24:18', 10);
INSERT INTO `sys_oper_log` VALUES (308, '诗词', 2, 'com.main.system.controller.BizPoetryController.read()', 'PUT', 1, 'admin', '研发部门', '/system/poetry/read/1', '127.0.0.1', '内网IP', '1', '{\"msg\":\"操作成功\",\"code\":200,\"data\":{\"author\":\"佚名\",\"bizPoetryCommentList\":[{\"content\":\"非常好诗词，是使我的春心萌动，爱来自关中\",\"createBy\":\"admin\",\"createTime\":\"2024-05-15 11:21:37\",\"favor\":0,\"id\":1,\"params\":{},\"poetryId\":1,\"user\":{\"avatar\":\"\",\"createBy\":\"admin\",\"createTime\":\"2024-05-14 09:57:47\",\"delFlag\":\"0\",\"loginDate\":\"2024-05-15 11:58:25\",\"loginIp\":\"127.0.0.1\",\"nickName\":\"管理员\",\"params\":{},\"remark\":\"管理员\",\"sex\":\"1\",\"userId\":1,\"userName\":\"admin\"},\"userId\":1},{\"content\":\"关关雎鸠，在河之洲。窈窕淑女，君子好逑\",\"createBy\":\"admin\",\"createTime\":\"2024-05-15 11:34:13\",\"favor\":0,\"id\":2,\"params\":{},\"poetryId\":1,\"user\":{\"avatar\":\"\",\"createBy\":\"admin\",\"createTime\":\"2024-05-14 09:57:47\",\"delFlag\":\"0\",\"loginDate\":\"2024-05-15 11:58:25\",\"loginIp\":\"127.0.0.1\",\"nickName\":\"管理员\",\"params\":{},\"remark\":\"管理员\",\"sex\":\"1\",\"userId\":1,\"userName\":\"admin\"},\"userId\":1},{\"content\":\"关关雎鸠，在河之洲。窈窕淑女，君子好逑\",\"createBy\":\"admin\",\"createTime\":\"2024-05-15 11:34:56\",\"favor\":0,\"id\":3,\"params\":{},\"poetryId\":1,\"user\":{\"avatar\":\"\",\"createBy\":\"admin\",\"createTime\":\"2024-05-14 09:57:47\",\"delFlag\":\"0\",\"loginDate\":\"2024-05-15 11:58:25\",\"loginIp\":\"127.0.0.1\",\"nickName\":\"管理员\",\"params\":{},\"remark\":\"管理员\",\"sex\":\"1\",\"userId\":1,\"userName\":\"admin\"},\"userId\":1},{\"content\":\"参差荇菜，左右流之。窈窕淑女，寤寐求之\",\"createBy\":\"admin\",\"createTime\":\"2024-05-15 11:36:23\",\"favor\":0,\"id\":4,\"params\":{},\"poetryId\":1,\"user\":{\"avatar\":\"\",\"createBy\":\"admin\",\"createTime\":\"2024-05-14 09:57:47\",\"delFlag\":\"0\",\"loginDate\":\"2024-05-15 11:58:25\",\"loginIp\":\"127.0.0.1\",\"nickName\":\"管理员\",\"params\":{},\"remark\":\"管理员\",\"sex\":\"1\",\"userId\":1,\"userName\":\"admin\"},\"userId\":1},{\"content\":\"求之不得，寤寐思服。悠哉悠哉，辗转反侧\",\"createBy\":\"admin\",\"createTime\":\"2024-05-15 11:37:20\",\"favor\":0,\"id\":5,\"params\":{},\"poetryId\":1,\"user\":{\"avatar\":\"\",\"createBy\":\"admin\",\"createTime\":\"2024-05-14 09:57:47\",\"delFlag\":\"0\",\"loginDate\":\"2024-05-15 11:58:25\",\"loginIp\":\"127.0.0.1\",\"nickName\":\"管理员\",\"params\":{},\"remark\":\"管理员\",\"sex\":\"1\",\"userId\":1,\"userName\":\"admin\"},\"userId\":1},{\"content\":\"测试降序\",\"createBy\":\"admin\",\"createTime\":\"2024-05-15 12:14:13\",\"favor', 0, NULL, '2024-05-15 12:25:08', 8);
INSERT INTO `sys_oper_log` VALUES (309, '诗词', 2, 'com.main.system.controller.BizPoetryController.read()', 'PUT', 1, 'admin', '研发部门', '/system/poetry/read/1', '127.0.0.1', '内网IP', '1', '{\"msg\":\"操作成功\",\"code\":200,\"data\":{\"author\":\"佚名\",\"bizPoetryCommentList\":[{\"content\":\"非常好诗词，是使我的春心萌动，爱来自关中\",\"createBy\":\"admin\",\"createTime\":\"2024-05-15 11:21:37\",\"favor\":0,\"id\":1,\"params\":{},\"poetryId\":1,\"user\":{\"avatar\":\"\",\"createBy\":\"admin\",\"createTime\":\"2024-05-14 09:57:47\",\"delFlag\":\"0\",\"loginDate\":\"2024-05-15 11:58:25\",\"loginIp\":\"127.0.0.1\",\"nickName\":\"管理员\",\"params\":{},\"remark\":\"管理员\",\"sex\":\"1\",\"userId\":1,\"userName\":\"admin\"},\"userId\":1},{\"content\":\"关关雎鸠，在河之洲。窈窕淑女，君子好逑\",\"createBy\":\"admin\",\"createTime\":\"2024-05-15 11:34:13\",\"favor\":0,\"id\":2,\"params\":{},\"poetryId\":1,\"user\":{\"avatar\":\"\",\"createBy\":\"admin\",\"createTime\":\"2024-05-14 09:57:47\",\"delFlag\":\"0\",\"loginDate\":\"2024-05-15 11:58:25\",\"loginIp\":\"127.0.0.1\",\"nickName\":\"管理员\",\"params\":{},\"remark\":\"管理员\",\"sex\":\"1\",\"userId\":1,\"userName\":\"admin\"},\"userId\":1},{\"content\":\"关关雎鸠，在河之洲。窈窕淑女，君子好逑\",\"createBy\":\"admin\",\"createTime\":\"2024-05-15 11:34:56\",\"favor\":0,\"id\":3,\"params\":{},\"poetryId\":1,\"user\":{\"avatar\":\"\",\"createBy\":\"admin\",\"createTime\":\"2024-05-14 09:57:47\",\"delFlag\":\"0\",\"loginDate\":\"2024-05-15 11:58:25\",\"loginIp\":\"127.0.0.1\",\"nickName\":\"管理员\",\"params\":{},\"remark\":\"管理员\",\"sex\":\"1\",\"userId\":1,\"userName\":\"admin\"},\"userId\":1},{\"content\":\"参差荇菜，左右流之。窈窕淑女，寤寐求之\",\"createBy\":\"admin\",\"createTime\":\"2024-05-15 11:36:23\",\"favor\":0,\"id\":4,\"params\":{},\"poetryId\":1,\"user\":{\"avatar\":\"\",\"createBy\":\"admin\",\"createTime\":\"2024-05-14 09:57:47\",\"delFlag\":\"0\",\"loginDate\":\"2024-05-15 11:58:25\",\"loginIp\":\"127.0.0.1\",\"nickName\":\"管理员\",\"params\":{},\"remark\":\"管理员\",\"sex\":\"1\",\"userId\":1,\"userName\":\"admin\"},\"userId\":1},{\"content\":\"求之不得，寤寐思服。悠哉悠哉，辗转反侧\",\"createBy\":\"admin\",\"createTime\":\"2024-05-15 11:37:20\",\"favor\":0,\"id\":5,\"params\":{},\"poetryId\":1,\"user\":{\"avatar\":\"\",\"createBy\":\"admin\",\"createTime\":\"2024-05-14 09:57:47\",\"delFlag\":\"0\",\"loginDate\":\"2024-05-15 11:58:25\",\"loginIp\":\"127.0.0.1\",\"nickName\":\"管理员\",\"params\":{},\"remark\":\"管理员\",\"sex\":\"1\",\"userId\":1,\"userName\":\"admin\"},\"userId\":1},{\"content\":\"测试降序\",\"createBy\":\"admin\",\"createTime\":\"2024-05-15 12:14:13\",\"favor', 0, NULL, '2024-05-15 12:25:21', 18);
INSERT INTO `sys_oper_log` VALUES (310, '诗词', 2, 'com.main.system.controller.BizPoetryController.read()', 'PUT', 1, 'admin', '研发部门', '/system/poetry/read/1', '127.0.0.1', '内网IP', '1', '{\"msg\":\"操作成功\",\"code\":200,\"data\":{\"author\":\"佚名\",\"bizPoetryCommentList\":[{\"content\":\"非常好诗词，是使我的春心萌动，爱来自关中\",\"createBy\":\"admin\",\"createTime\":\"2024-05-15 11:21:37\",\"favor\":0,\"id\":1,\"params\":{},\"poetryId\":1,\"user\":{\"avatar\":\"\",\"createBy\":\"admin\",\"createTime\":\"2024-05-14 09:57:47\",\"delFlag\":\"0\",\"loginDate\":\"2024-05-15 11:58:25\",\"loginIp\":\"127.0.0.1\",\"nickName\":\"管理员\",\"params\":{},\"remark\":\"管理员\",\"sex\":\"1\",\"userId\":1,\"userName\":\"admin\"},\"userId\":1},{\"content\":\"关关雎鸠，在河之洲。窈窕淑女，君子好逑\",\"createBy\":\"admin\",\"createTime\":\"2024-05-15 11:34:13\",\"favor\":0,\"id\":2,\"params\":{},\"poetryId\":1,\"user\":{\"avatar\":\"\",\"createBy\":\"admin\",\"createTime\":\"2024-05-14 09:57:47\",\"delFlag\":\"0\",\"loginDate\":\"2024-05-15 11:58:25\",\"loginIp\":\"127.0.0.1\",\"nickName\":\"管理员\",\"params\":{},\"remark\":\"管理员\",\"sex\":\"1\",\"userId\":1,\"userName\":\"admin\"},\"userId\":1},{\"content\":\"关关雎鸠，在河之洲。窈窕淑女，君子好逑\",\"createBy\":\"admin\",\"createTime\":\"2024-05-15 11:34:56\",\"favor\":0,\"id\":3,\"params\":{},\"poetryId\":1,\"user\":{\"avatar\":\"\",\"createBy\":\"admin\",\"createTime\":\"2024-05-14 09:57:47\",\"delFlag\":\"0\",\"loginDate\":\"2024-05-15 11:58:25\",\"loginIp\":\"127.0.0.1\",\"nickName\":\"管理员\",\"params\":{},\"remark\":\"管理员\",\"sex\":\"1\",\"userId\":1,\"userName\":\"admin\"},\"userId\":1},{\"content\":\"参差荇菜，左右流之。窈窕淑女，寤寐求之\",\"createBy\":\"admin\",\"createTime\":\"2024-05-15 11:36:23\",\"favor\":0,\"id\":4,\"params\":{},\"poetryId\":1,\"user\":{\"avatar\":\"\",\"createBy\":\"admin\",\"createTime\":\"2024-05-14 09:57:47\",\"delFlag\":\"0\",\"loginDate\":\"2024-05-15 11:58:25\",\"loginIp\":\"127.0.0.1\",\"nickName\":\"管理员\",\"params\":{},\"remark\":\"管理员\",\"sex\":\"1\",\"userId\":1,\"userName\":\"admin\"},\"userId\":1},{\"content\":\"求之不得，寤寐思服。悠哉悠哉，辗转反侧\",\"createBy\":\"admin\",\"createTime\":\"2024-05-15 11:37:20\",\"favor\":0,\"id\":5,\"params\":{},\"poetryId\":1,\"user\":{\"avatar\":\"\",\"createBy\":\"admin\",\"createTime\":\"2024-05-14 09:57:47\",\"delFlag\":\"0\",\"loginDate\":\"2024-05-15 11:58:25\",\"loginIp\":\"127.0.0.1\",\"nickName\":\"管理员\",\"params\":{},\"remark\":\"管理员\",\"sex\":\"1\",\"userId\":1,\"userName\":\"admin\"},\"userId\":1},{\"content\":\"测试降序\",\"createBy\":\"admin\",\"createTime\":\"2024-05-15 12:14:13\",\"favor', 0, NULL, '2024-05-15 12:25:24', 8);
INSERT INTO `sys_oper_log` VALUES (311, '诗词', 2, 'com.main.system.controller.BizPoetryController.read()', 'PUT', 1, 'admin', '研发部门', '/system/poetry/read/1', '127.0.0.1', '内网IP', '1', '{\"msg\":\"操作成功\",\"code\":200,\"data\":{\"author\":\"佚名\",\"bizPoetryCommentList\":[{\"content\":\"非常好诗词，是使我的春心萌动，爱来自关中\",\"createBy\":\"admin\",\"createTime\":\"2024-05-15 11:21:37\",\"favor\":0,\"id\":1,\"params\":{},\"poetryId\":1,\"user\":{\"avatar\":\"\",\"createBy\":\"admin\",\"createTime\":\"2024-05-14 09:57:47\",\"delFlag\":\"0\",\"loginDate\":\"2024-05-15 11:58:25\",\"loginIp\":\"127.0.0.1\",\"nickName\":\"管理员\",\"params\":{},\"remark\":\"管理员\",\"sex\":\"1\",\"userId\":1,\"userName\":\"admin\"},\"userId\":1},{\"content\":\"关关雎鸠，在河之洲。窈窕淑女，君子好逑\",\"createBy\":\"admin\",\"createTime\":\"2024-05-15 11:34:13\",\"favor\":0,\"id\":2,\"params\":{},\"poetryId\":1,\"user\":{\"avatar\":\"\",\"createBy\":\"admin\",\"createTime\":\"2024-05-14 09:57:47\",\"delFlag\":\"0\",\"loginDate\":\"2024-05-15 11:58:25\",\"loginIp\":\"127.0.0.1\",\"nickName\":\"管理员\",\"params\":{},\"remark\":\"管理员\",\"sex\":\"1\",\"userId\":1,\"userName\":\"admin\"},\"userId\":1},{\"content\":\"关关雎鸠，在河之洲。窈窕淑女，君子好逑\",\"createBy\":\"admin\",\"createTime\":\"2024-05-15 11:34:56\",\"favor\":0,\"id\":3,\"params\":{},\"poetryId\":1,\"user\":{\"avatar\":\"\",\"createBy\":\"admin\",\"createTime\":\"2024-05-14 09:57:47\",\"delFlag\":\"0\",\"loginDate\":\"2024-05-15 11:58:25\",\"loginIp\":\"127.0.0.1\",\"nickName\":\"管理员\",\"params\":{},\"remark\":\"管理员\",\"sex\":\"1\",\"userId\":1,\"userName\":\"admin\"},\"userId\":1},{\"content\":\"参差荇菜，左右流之。窈窕淑女，寤寐求之\",\"createBy\":\"admin\",\"createTime\":\"2024-05-15 11:36:23\",\"favor\":0,\"id\":4,\"params\":{},\"poetryId\":1,\"user\":{\"avatar\":\"\",\"createBy\":\"admin\",\"createTime\":\"2024-05-14 09:57:47\",\"delFlag\":\"0\",\"loginDate\":\"2024-05-15 11:58:25\",\"loginIp\":\"127.0.0.1\",\"nickName\":\"管理员\",\"params\":{},\"remark\":\"管理员\",\"sex\":\"1\",\"userId\":1,\"userName\":\"admin\"},\"userId\":1},{\"content\":\"求之不得，寤寐思服。悠哉悠哉，辗转反侧\",\"createBy\":\"admin\",\"createTime\":\"2024-05-15 11:37:20\",\"favor\":0,\"id\":5,\"params\":{},\"poetryId\":1,\"user\":{\"avatar\":\"\",\"createBy\":\"admin\",\"createTime\":\"2024-05-14 09:57:47\",\"delFlag\":\"0\",\"loginDate\":\"2024-05-15 11:58:25\",\"loginIp\":\"127.0.0.1\",\"nickName\":\"管理员\",\"params\":{},\"remark\":\"管理员\",\"sex\":\"1\",\"userId\":1,\"userName\":\"admin\"},\"userId\":1},{\"content\":\"测试降序\",\"createBy\":\"admin\",\"createTime\":\"2024-05-15 12:14:13\",\"favor', 0, NULL, '2024-05-15 12:26:34', 20);
INSERT INTO `sys_oper_log` VALUES (312, '诗词', 2, 'com.main.system.controller.BizPoetryController.read()', 'PUT', 1, 'admin', '研发部门', '/system/poetry/read/1', '127.0.0.1', '内网IP', '1', '{\"msg\":\"操作成功\",\"code\":200,\"data\":{\"author\":\"佚名\",\"bizPoetryCommentList\":[{\"content\":\"非常好诗词，是使我的春心萌动，爱来自关中\",\"createBy\":\"admin\",\"createTime\":\"2024-05-15 11:21:37\",\"favor\":0,\"id\":1,\"params\":{},\"poetryId\":1,\"user\":{\"avatar\":\"\",\"createBy\":\"admin\",\"createTime\":\"2024-05-14 09:57:47\",\"delFlag\":\"0\",\"loginDate\":\"2024-05-15 11:58:25\",\"loginIp\":\"127.0.0.1\",\"nickName\":\"管理员\",\"params\":{},\"remark\":\"管理员\",\"sex\":\"1\",\"userId\":1,\"userName\":\"admin\"},\"userId\":1},{\"content\":\"关关雎鸠，在河之洲。窈窕淑女，君子好逑\",\"createBy\":\"admin\",\"createTime\":\"2024-05-15 11:34:13\",\"favor\":0,\"id\":2,\"params\":{},\"poetryId\":1,\"user\":{\"avatar\":\"\",\"createBy\":\"admin\",\"createTime\":\"2024-05-14 09:57:47\",\"delFlag\":\"0\",\"loginDate\":\"2024-05-15 11:58:25\",\"loginIp\":\"127.0.0.1\",\"nickName\":\"管理员\",\"params\":{},\"remark\":\"管理员\",\"sex\":\"1\",\"userId\":1,\"userName\":\"admin\"},\"userId\":1},{\"content\":\"关关雎鸠，在河之洲。窈窕淑女，君子好逑\",\"createBy\":\"admin\",\"createTime\":\"2024-05-15 11:34:56\",\"favor\":0,\"id\":3,\"params\":{},\"poetryId\":1,\"user\":{\"avatar\":\"\",\"createBy\":\"admin\",\"createTime\":\"2024-05-14 09:57:47\",\"delFlag\":\"0\",\"loginDate\":\"2024-05-15 11:58:25\",\"loginIp\":\"127.0.0.1\",\"nickName\":\"管理员\",\"params\":{},\"remark\":\"管理员\",\"sex\":\"1\",\"userId\":1,\"userName\":\"admin\"},\"userId\":1},{\"content\":\"参差荇菜，左右流之。窈窕淑女，寤寐求之\",\"createBy\":\"admin\",\"createTime\":\"2024-05-15 11:36:23\",\"favor\":0,\"id\":4,\"params\":{},\"poetryId\":1,\"user\":{\"avatar\":\"\",\"createBy\":\"admin\",\"createTime\":\"2024-05-14 09:57:47\",\"delFlag\":\"0\",\"loginDate\":\"2024-05-15 11:58:25\",\"loginIp\":\"127.0.0.1\",\"nickName\":\"管理员\",\"params\":{},\"remark\":\"管理员\",\"sex\":\"1\",\"userId\":1,\"userName\":\"admin\"},\"userId\":1},{\"content\":\"求之不得，寤寐思服。悠哉悠哉，辗转反侧\",\"createBy\":\"admin\",\"createTime\":\"2024-05-15 11:37:20\",\"favor\":0,\"id\":5,\"params\":{},\"poetryId\":1,\"user\":{\"avatar\":\"\",\"createBy\":\"admin\",\"createTime\":\"2024-05-14 09:57:47\",\"delFlag\":\"0\",\"loginDate\":\"2024-05-15 11:58:25\",\"loginIp\":\"127.0.0.1\",\"nickName\":\"管理员\",\"params\":{},\"remark\":\"管理员\",\"sex\":\"1\",\"userId\":1,\"userName\":\"admin\"},\"userId\":1},{\"content\":\"测试降序\",\"createBy\":\"admin\",\"createTime\":\"2024-05-15 12:14:13\",\"favor', 0, NULL, '2024-05-15 12:28:27', 10);
INSERT INTO `sys_oper_log` VALUES (313, '用户管理', 2, 'com.main.web.controller.system.SysUserController.edit()', 'PUT', 1, 'admin', '研发部门', '/system/user', '127.0.0.1', '内网IP', '{\"admin\":false,\"avatar\":\"\",\"createBy\":\"\",\"createTime\":\"2024-05-14 17:44:21\",\"delFlag\":\"0\",\"email\":\"\",\"loginDate\":\"2024-05-14 17:53:31\",\"loginIp\":\"127.0.0.1\",\"nickName\":\"13037503398\",\"params\":{},\"phonenumber\":\"13037503398\",\"postIds\":[],\"roleIds\":[2],\"roles\":[{\"admin\":false,\"dataScope\":\"2\",\"deptCheckStrictly\":false,\"flag\":false,\"menuCheckStrictly\":false,\"params\":{},\"roleId\":2,\"roleKey\":\"common\",\"roleName\":\"用户\",\"roleSort\":2,\"status\":\"0\"}],\"sex\":\"0\",\"status\":\"0\",\"updateBy\":\"admin\",\"userId\":100,\"userName\":\"13037503398\"}', '{\"msg\":\"操作成功\",\"code\":200}', 0, NULL, '2024-05-15 12:28:59', 21);
INSERT INTO `sys_oper_log` VALUES (314, '诗词', 2, 'com.main.system.controller.BizPoetryController.read()', 'PUT', 1, '13037503398', NULL, '/system/poetry/read/1', '127.0.0.1', '内网IP', '1', '{\"msg\":\"操作成功\",\"code\":200,\"data\":{\"author\":\"佚名\",\"bizPoetryCommentList\":[{\"content\":\"非常好诗词，是使我的春心萌动，爱来自关中\",\"createBy\":\"admin\",\"createTime\":\"2024-05-15 11:21:37\",\"favor\":0,\"id\":1,\"params\":{},\"poetryId\":1,\"user\":{\"avatar\":\"\",\"createBy\":\"admin\",\"createTime\":\"2024-05-14 09:57:47\",\"delFlag\":\"0\",\"loginDate\":\"2024-05-15 11:58:25\",\"loginIp\":\"127.0.0.1\",\"nickName\":\"管理员\",\"params\":{},\"remark\":\"管理员\",\"sex\":\"1\",\"userId\":1,\"userName\":\"admin\"},\"userId\":1},{\"content\":\"关关雎鸠，在河之洲。窈窕淑女，君子好逑\",\"createBy\":\"admin\",\"createTime\":\"2024-05-15 11:34:13\",\"favor\":0,\"id\":2,\"params\":{},\"poetryId\":1,\"user\":{\"avatar\":\"\",\"createBy\":\"admin\",\"createTime\":\"2024-05-14 09:57:47\",\"delFlag\":\"0\",\"loginDate\":\"2024-05-15 11:58:25\",\"loginIp\":\"127.0.0.1\",\"nickName\":\"管理员\",\"params\":{},\"remark\":\"管理员\",\"sex\":\"1\",\"userId\":1,\"userName\":\"admin\"},\"userId\":1},{\"content\":\"关关雎鸠，在河之洲。窈窕淑女，君子好逑\",\"createBy\":\"admin\",\"createTime\":\"2024-05-15 11:34:56\",\"favor\":0,\"id\":3,\"params\":{},\"poetryId\":1,\"user\":{\"avatar\":\"\",\"createBy\":\"admin\",\"createTime\":\"2024-05-14 09:57:47\",\"delFlag\":\"0\",\"loginDate\":\"2024-05-15 11:58:25\",\"loginIp\":\"127.0.0.1\",\"nickName\":\"管理员\",\"params\":{},\"remark\":\"管理员\",\"sex\":\"1\",\"userId\":1,\"userName\":\"admin\"},\"userId\":1},{\"content\":\"参差荇菜，左右流之。窈窕淑女，寤寐求之\",\"createBy\":\"admin\",\"createTime\":\"2024-05-15 11:36:23\",\"favor\":0,\"id\":4,\"params\":{},\"poetryId\":1,\"user\":{\"avatar\":\"\",\"createBy\":\"admin\",\"createTime\":\"2024-05-14 09:57:47\",\"delFlag\":\"0\",\"loginDate\":\"2024-05-15 11:58:25\",\"loginIp\":\"127.0.0.1\",\"nickName\":\"管理员\",\"params\":{},\"remark\":\"管理员\",\"sex\":\"1\",\"userId\":1,\"userName\":\"admin\"},\"userId\":1},{\"content\":\"求之不得，寤寐思服。悠哉悠哉，辗转反侧\",\"createBy\":\"admin\",\"createTime\":\"2024-05-15 11:37:20\",\"favor\":0,\"id\":5,\"params\":{},\"poetryId\":1,\"user\":{\"avatar\":\"\",\"createBy\":\"admin\",\"createTime\":\"2024-05-14 09:57:47\",\"delFlag\":\"0\",\"loginDate\":\"2024-05-15 11:58:25\",\"loginIp\":\"127.0.0.1\",\"nickName\":\"管理员\",\"params\":{},\"remark\":\"管理员\",\"sex\":\"1\",\"userId\":1,\"userName\":\"admin\"},\"userId\":1},{\"content\":\"测试降序\",\"createBy\":\"admin\",\"createTime\":\"2024-05-15 12:14:13\",\"favor', 0, NULL, '2024-05-15 12:29:10', 13);
INSERT INTO `sys_oper_log` VALUES (315, '用户头像', 2, 'com.main.web.controller.system.SysProfileController.avatar()', 'POST', 1, '13037503398', NULL, '/system/user/profile/avatar', '127.0.0.1', '内网IP', '', '{\"msg\":\"操作成功\",\"imgUrl\":\"/profile/avatar/2024/05/15/QQ20221021114707_20240515122924A002.jpg\",\"code\":200}', 0, NULL, '2024-05-15 12:29:24', 17);
INSERT INTO `sys_oper_log` VALUES (316, '诗词', 2, 'com.main.system.controller.BizPoetryController.read()', 'PUT', 1, '13037503398', NULL, '/system/poetry/read/1', '127.0.0.1', '内网IP', '1', '{\"msg\":\"操作成功\",\"code\":200,\"data\":{\"author\":\"佚名\",\"bizPoetryCommentList\":[{\"content\":\"非常好诗词，是使我的春心萌动，爱来自关中\",\"createBy\":\"admin\",\"createTime\":\"2024-05-15 11:21:37\",\"favor\":0,\"id\":1,\"params\":{},\"poetryId\":1,\"user\":{\"avatar\":\"\",\"createBy\":\"admin\",\"createTime\":\"2024-05-14 09:57:47\",\"delFlag\":\"0\",\"loginDate\":\"2024-05-15 11:58:25\",\"loginIp\":\"127.0.0.1\",\"nickName\":\"管理员\",\"params\":{},\"remark\":\"管理员\",\"sex\":\"1\",\"userId\":1,\"userName\":\"admin\"},\"userId\":1},{\"content\":\"关关雎鸠，在河之洲。窈窕淑女，君子好逑\",\"createBy\":\"admin\",\"createTime\":\"2024-05-15 11:34:13\",\"favor\":0,\"id\":2,\"params\":{},\"poetryId\":1,\"user\":{\"avatar\":\"\",\"createBy\":\"admin\",\"createTime\":\"2024-05-14 09:57:47\",\"delFlag\":\"0\",\"loginDate\":\"2024-05-15 11:58:25\",\"loginIp\":\"127.0.0.1\",\"nickName\":\"管理员\",\"params\":{},\"remark\":\"管理员\",\"sex\":\"1\",\"userId\":1,\"userName\":\"admin\"},\"userId\":1},{\"content\":\"关关雎鸠，在河之洲。窈窕淑女，君子好逑\",\"createBy\":\"admin\",\"createTime\":\"2024-05-15 11:34:56\",\"favor\":0,\"id\":3,\"params\":{},\"poetryId\":1,\"user\":{\"avatar\":\"\",\"createBy\":\"admin\",\"createTime\":\"2024-05-14 09:57:47\",\"delFlag\":\"0\",\"loginDate\":\"2024-05-15 11:58:25\",\"loginIp\":\"127.0.0.1\",\"nickName\":\"管理员\",\"params\":{},\"remark\":\"管理员\",\"sex\":\"1\",\"userId\":1,\"userName\":\"admin\"},\"userId\":1},{\"content\":\"参差荇菜，左右流之。窈窕淑女，寤寐求之\",\"createBy\":\"admin\",\"createTime\":\"2024-05-15 11:36:23\",\"favor\":0,\"id\":4,\"params\":{},\"poetryId\":1,\"user\":{\"avatar\":\"\",\"createBy\":\"admin\",\"createTime\":\"2024-05-14 09:57:47\",\"delFlag\":\"0\",\"loginDate\":\"2024-05-15 11:58:25\",\"loginIp\":\"127.0.0.1\",\"nickName\":\"管理员\",\"params\":{},\"remark\":\"管理员\",\"sex\":\"1\",\"userId\":1,\"userName\":\"admin\"},\"userId\":1},{\"content\":\"求之不得，寤寐思服。悠哉悠哉，辗转反侧\",\"createBy\":\"admin\",\"createTime\":\"2024-05-15 11:37:20\",\"favor\":0,\"id\":5,\"params\":{},\"poetryId\":1,\"user\":{\"avatar\":\"\",\"createBy\":\"admin\",\"createTime\":\"2024-05-14 09:57:47\",\"delFlag\":\"0\",\"loginDate\":\"2024-05-15 11:58:25\",\"loginIp\":\"127.0.0.1\",\"nickName\":\"管理员\",\"params\":{},\"remark\":\"管理员\",\"sex\":\"1\",\"userId\":1,\"userName\":\"admin\"},\"userId\":1},{\"content\":\"测试降序\",\"createBy\":\"admin\",\"createTime\":\"2024-05-15 12:14:13\",\"favor', 0, NULL, '2024-05-15 12:29:28', 13);
INSERT INTO `sys_oper_log` VALUES (317, '诗词', 2, 'com.main.system.controller.BizPoetryController.read()', 'PUT', 1, '13037503398', NULL, '/system/poetry/read/1', '127.0.0.1', '内网IP', '1', '{\"msg\":\"操作成功\",\"code\":200,\"data\":{\"author\":\"佚名\",\"bizPoetryCommentList\":[{\"content\":\"非常好诗词，是使我的春心萌动，爱来自关中\",\"createBy\":\"admin\",\"createTime\":\"2024-05-15 11:21:37\",\"favor\":0,\"id\":1,\"params\":{},\"poetryId\":1,\"user\":{\"avatar\":\"\",\"createBy\":\"admin\",\"createTime\":\"2024-05-14 09:57:47\",\"delFlag\":\"0\",\"loginDate\":\"2024-05-15 11:58:25\",\"loginIp\":\"127.0.0.1\",\"nickName\":\"管理员\",\"params\":{},\"remark\":\"管理员\",\"sex\":\"1\",\"userId\":1,\"userName\":\"admin\"},\"userId\":1},{\"content\":\"关关雎鸠，在河之洲。窈窕淑女，君子好逑\",\"createBy\":\"admin\",\"createTime\":\"2024-05-15 11:34:13\",\"favor\":0,\"id\":2,\"params\":{},\"poetryId\":1,\"user\":{\"avatar\":\"\",\"createBy\":\"admin\",\"createTime\":\"2024-05-14 09:57:47\",\"delFlag\":\"0\",\"loginDate\":\"2024-05-15 11:58:25\",\"loginIp\":\"127.0.0.1\",\"nickName\":\"管理员\",\"params\":{},\"remark\":\"管理员\",\"sex\":\"1\",\"userId\":1,\"userName\":\"admin\"},\"userId\":1},{\"content\":\"关关雎鸠，在河之洲。窈窕淑女，君子好逑\",\"createBy\":\"admin\",\"createTime\":\"2024-05-15 11:34:56\",\"favor\":0,\"id\":3,\"params\":{},\"poetryId\":1,\"user\":{\"avatar\":\"\",\"createBy\":\"admin\",\"createTime\":\"2024-05-14 09:57:47\",\"delFlag\":\"0\",\"loginDate\":\"2024-05-15 11:58:25\",\"loginIp\":\"127.0.0.1\",\"nickName\":\"管理员\",\"params\":{},\"remark\":\"管理员\",\"sex\":\"1\",\"userId\":1,\"userName\":\"admin\"},\"userId\":1},{\"content\":\"参差荇菜，左右流之。窈窕淑女，寤寐求之\",\"createBy\":\"admin\",\"createTime\":\"2024-05-15 11:36:23\",\"favor\":0,\"id\":4,\"params\":{},\"poetryId\":1,\"user\":{\"avatar\":\"\",\"createBy\":\"admin\",\"createTime\":\"2024-05-14 09:57:47\",\"delFlag\":\"0\",\"loginDate\":\"2024-05-15 11:58:25\",\"loginIp\":\"127.0.0.1\",\"nickName\":\"管理员\",\"params\":{},\"remark\":\"管理员\",\"sex\":\"1\",\"userId\":1,\"userName\":\"admin\"},\"userId\":1},{\"content\":\"求之不得，寤寐思服。悠哉悠哉，辗转反侧\",\"createBy\":\"admin\",\"createTime\":\"2024-05-15 11:37:20\",\"favor\":0,\"id\":5,\"params\":{},\"poetryId\":1,\"user\":{\"avatar\":\"\",\"createBy\":\"admin\",\"createTime\":\"2024-05-14 09:57:47\",\"delFlag\":\"0\",\"loginDate\":\"2024-05-15 11:58:25\",\"loginIp\":\"127.0.0.1\",\"nickName\":\"管理员\",\"params\":{},\"remark\":\"管理员\",\"sex\":\"1\",\"userId\":1,\"userName\":\"admin\"},\"userId\":1},{\"content\":\"测试降序\",\"createBy\":\"admin\",\"createTime\":\"2024-05-15 12:14:13\",\"favor', 0, NULL, '2024-05-15 12:29:40', 8);
INSERT INTO `sys_oper_log` VALUES (318, '诗词评论', 1, 'com.main.system.controller.BizPoetryCommentController.add()', 'POST', 1, '13037503398', NULL, '/system/comment', '127.0.0.1', '内网IP', '{\"content\":\"小时候最喜欢的一首\",\"createBy\":\"13037503398\",\"createTime\":\"2024-05-15 12:29:57\",\"favor\":0,\"id\":8,\"params\":{},\"poetryId\":1,\"userId\":100}', '{\"msg\":\"操作成功\",\"code\":200}', 0, NULL, '2024-05-15 12:29:57', 5);
INSERT INTO `sys_oper_log` VALUES (319, '诗词', 2, 'com.main.system.controller.BizPoetryController.read()', 'PUT', 1, '13037503398', NULL, '/system/poetry/read/1', '127.0.0.1', '内网IP', '1', '{\"msg\":\"操作成功\",\"code\":200,\"data\":{\"author\":\"佚名\",\"bizPoetryCommentList\":[{\"content\":\"非常好诗词，是使我的春心萌动，爱来自关中\",\"createBy\":\"admin\",\"createTime\":\"2024-05-15 11:21:37\",\"favor\":0,\"id\":1,\"params\":{},\"poetryId\":1,\"user\":{\"avatar\":\"\",\"createBy\":\"admin\",\"createTime\":\"2024-05-14 09:57:47\",\"delFlag\":\"0\",\"loginDate\":\"2024-05-15 11:58:25\",\"loginIp\":\"127.0.0.1\",\"nickName\":\"管理员\",\"params\":{},\"remark\":\"管理员\",\"sex\":\"1\",\"userId\":1,\"userName\":\"admin\"},\"userId\":1},{\"content\":\"关关雎鸠，在河之洲。窈窕淑女，君子好逑\",\"createBy\":\"admin\",\"createTime\":\"2024-05-15 11:34:13\",\"favor\":0,\"id\":2,\"params\":{},\"poetryId\":1,\"user\":{\"avatar\":\"\",\"createBy\":\"admin\",\"createTime\":\"2024-05-14 09:57:47\",\"delFlag\":\"0\",\"loginDate\":\"2024-05-15 11:58:25\",\"loginIp\":\"127.0.0.1\",\"nickName\":\"管理员\",\"params\":{},\"remark\":\"管理员\",\"sex\":\"1\",\"userId\":1,\"userName\":\"admin\"},\"userId\":1},{\"content\":\"关关雎鸠，在河之洲。窈窕淑女，君子好逑\",\"createBy\":\"admin\",\"createTime\":\"2024-05-15 11:34:56\",\"favor\":0,\"id\":3,\"params\":{},\"poetryId\":1,\"user\":{\"avatar\":\"\",\"createBy\":\"admin\",\"createTime\":\"2024-05-14 09:57:47\",\"delFlag\":\"0\",\"loginDate\":\"2024-05-15 11:58:25\",\"loginIp\":\"127.0.0.1\",\"nickName\":\"管理员\",\"params\":{},\"remark\":\"管理员\",\"sex\":\"1\",\"userId\":1,\"userName\":\"admin\"},\"userId\":1},{\"content\":\"参差荇菜，左右流之。窈窕淑女，寤寐求之\",\"createBy\":\"admin\",\"createTime\":\"2024-05-15 11:36:23\",\"favor\":0,\"id\":4,\"params\":{},\"poetryId\":1,\"user\":{\"avatar\":\"\",\"createBy\":\"admin\",\"createTime\":\"2024-05-14 09:57:47\",\"delFlag\":\"0\",\"loginDate\":\"2024-05-15 11:58:25\",\"loginIp\":\"127.0.0.1\",\"nickName\":\"管理员\",\"params\":{},\"remark\":\"管理员\",\"sex\":\"1\",\"userId\":1,\"userName\":\"admin\"},\"userId\":1},{\"content\":\"求之不得，寤寐思服。悠哉悠哉，辗转反侧\",\"createBy\":\"admin\",\"createTime\":\"2024-05-15 11:37:20\",\"favor\":0,\"id\":5,\"params\":{},\"poetryId\":1,\"user\":{\"avatar\":\"\",\"createBy\":\"admin\",\"createTime\":\"2024-05-14 09:57:47\",\"delFlag\":\"0\",\"loginDate\":\"2024-05-15 11:58:25\",\"loginIp\":\"127.0.0.1\",\"nickName\":\"管理员\",\"params\":{},\"remark\":\"管理员\",\"sex\":\"1\",\"userId\":1,\"userName\":\"admin\"},\"userId\":1},{\"content\":\"测试降序\",\"createBy\":\"admin\",\"createTime\":\"2024-05-15 12:14:13\",\"favor', 0, NULL, '2024-05-15 12:30:18', 9);
INSERT INTO `sys_oper_log` VALUES (320, '诗词评论', 1, 'com.main.system.controller.BizPoetryCommentController.add()', 'POST', 1, '13037503398', NULL, '/system/comment', '127.0.0.1', '内网IP', '{\"content\":\"测试回复后排序\",\"createBy\":\"13037503398\",\"createTime\":\"2024-05-15 12:30:27\",\"favor\":0,\"id\":9,\"params\":{},\"poetryId\":1,\"userId\":100}', '{\"msg\":\"操作成功\",\"code\":200}', 0, NULL, '2024-05-15 12:30:27', 14);
INSERT INTO `sys_oper_log` VALUES (321, '角色管理', 2, 'com.main.web.controller.system.SysRoleController.edit()', 'PUT', 1, 'admin', '研发部门', '/system/role', '127.0.0.1', '内网IP', '{\"admin\":false,\"createTime\":\"2024-05-14 09:57:47\",\"dataScope\":\"2\",\"delFlag\":\"0\",\"deptCheckStrictly\":true,\"flag\":false,\"menuCheckStrictly\":true,\"menuIds\":[1,107,2030,2018,1035,2019,2020,2023,2006,2007,2008,2009,2010,2011,2012,2013,2014,2015,2016,2017,2024,2025,2026,2027,2028,2029,2000,2001,2002,2003,2004,2005],\"params\":{},\"remark\":\"用户\",\"roleId\":2,\"roleKey\":\"common\",\"roleName\":\"用户\",\"roleSort\":2,\"status\":\"0\",\"updateBy\":\"admin\"}', '{\"msg\":\"操作成功\",\"code\":200}', 0, NULL, '2024-05-15 12:31:57', 13);
INSERT INTO `sys_oper_log` VALUES (322, '诗词', 2, 'com.main.system.controller.BizPoetryController.read()', 'PUT', 1, '13037503398', NULL, '/system/poetry/read/1', '127.0.0.1', '内网IP', '1', '{\"msg\":\"操作成功\",\"code\":200,\"data\":{\"author\":\"佚名\",\"bizPoetryCommentList\":[{\"content\":\"非常好诗词，是使我的春心萌动，爱来自关中\",\"createBy\":\"admin\",\"createTime\":\"2024-05-15 11:21:37\",\"favor\":0,\"id\":1,\"params\":{},\"poetryId\":1,\"user\":{\"avatar\":\"\",\"createBy\":\"admin\",\"createTime\":\"2024-05-14 09:57:47\",\"delFlag\":\"0\",\"loginDate\":\"2024-05-15 12:31:36\",\"loginIp\":\"127.0.0.1\",\"nickName\":\"管理员\",\"params\":{},\"remark\":\"管理员\",\"sex\":\"1\",\"userId\":1,\"userName\":\"admin\"},\"userId\":1},{\"content\":\"关关雎鸠，在河之洲。窈窕淑女，君子好逑\",\"createBy\":\"admin\",\"createTime\":\"2024-05-15 11:34:13\",\"favor\":0,\"id\":2,\"params\":{},\"poetryId\":1,\"user\":{\"avatar\":\"\",\"createBy\":\"admin\",\"createTime\":\"2024-05-14 09:57:47\",\"delFlag\":\"0\",\"loginDate\":\"2024-05-15 12:31:36\",\"loginIp\":\"127.0.0.1\",\"nickName\":\"管理员\",\"params\":{},\"remark\":\"管理员\",\"sex\":\"1\",\"userId\":1,\"userName\":\"admin\"},\"userId\":1},{\"content\":\"关关雎鸠，在河之洲。窈窕淑女，君子好逑\",\"createBy\":\"admin\",\"createTime\":\"2024-05-15 11:34:56\",\"favor\":0,\"id\":3,\"params\":{},\"poetryId\":1,\"user\":{\"avatar\":\"\",\"createBy\":\"admin\",\"createTime\":\"2024-05-14 09:57:47\",\"delFlag\":\"0\",\"loginDate\":\"2024-05-15 12:31:36\",\"loginIp\":\"127.0.0.1\",\"nickName\":\"管理员\",\"params\":{},\"remark\":\"管理员\",\"sex\":\"1\",\"userId\":1,\"userName\":\"admin\"},\"userId\":1},{\"content\":\"参差荇菜，左右流之。窈窕淑女，寤寐求之\",\"createBy\":\"admin\",\"createTime\":\"2024-05-15 11:36:23\",\"favor\":0,\"id\":4,\"params\":{},\"poetryId\":1,\"user\":{\"avatar\":\"\",\"createBy\":\"admin\",\"createTime\":\"2024-05-14 09:57:47\",\"delFlag\":\"0\",\"loginDate\":\"2024-05-15 12:31:36\",\"loginIp\":\"127.0.0.1\",\"nickName\":\"管理员\",\"params\":{},\"remark\":\"管理员\",\"sex\":\"1\",\"userId\":1,\"userName\":\"admin\"},\"userId\":1},{\"content\":\"求之不得，寤寐思服。悠哉悠哉，辗转反侧\",\"createBy\":\"admin\",\"createTime\":\"2024-05-15 11:37:20\",\"favor\":0,\"id\":5,\"params\":{},\"poetryId\":1,\"user\":{\"avatar\":\"\",\"createBy\":\"admin\",\"createTime\":\"2024-05-14 09:57:47\",\"delFlag\":\"0\",\"loginDate\":\"2024-05-15 12:31:36\",\"loginIp\":\"127.0.0.1\",\"nickName\":\"管理员\",\"params\":{},\"remark\":\"管理员\",\"sex\":\"1\",\"userId\":1,\"userName\":\"admin\"},\"userId\":1},{\"content\":\"测试降序\",\"createBy\":\"admin\",\"createTime\":\"2024-05-15 12:14:13\",\"favor', 0, NULL, '2024-05-15 12:32:15', 9);
INSERT INTO `sys_oper_log` VALUES (323, '角色管理', 2, 'com.main.web.controller.system.SysRoleController.edit()', 'PUT', 1, 'admin', '研发部门', '/system/role', '127.0.0.1', '内网IP', '{\"admin\":false,\"createTime\":\"2024-05-14 09:57:47\",\"dataScope\":\"2\",\"delFlag\":\"0\",\"deptCheckStrictly\":true,\"flag\":false,\"menuCheckStrictly\":true,\"menuIds\":[1,107,2030,2018,1035,2019,2023,2006,2007,2008,2009,2010,2011,2012,2013,2014,2015,2016,2017,2024,2025,2026,2027,2028,2029,2000,2001,2002,2003,2004,2005],\"params\":{},\"remark\":\"用户\",\"roleId\":2,\"roleKey\":\"common\",\"roleName\":\"用户\",\"roleSort\":2,\"status\":\"0\",\"updateBy\":\"admin\"}', '{\"msg\":\"操作成功\",\"code\":200}', 0, NULL, '2024-05-15 12:32:55', 21);
INSERT INTO `sys_oper_log` VALUES (324, '诗词', 2, 'com.main.system.controller.BizPoetryController.read()', 'PUT', 1, '13037503398', NULL, '/system/poetry/read/1', '127.0.0.1', '内网IP', '1', '{\"msg\":\"操作成功\",\"code\":200,\"data\":{\"author\":\"佚名\",\"bizPoetryCommentList\":[{\"content\":\"非常好诗词，是使我的春心萌动，爱来自关中\",\"createBy\":\"admin\",\"createTime\":\"2024-05-15 11:21:37\",\"favor\":0,\"id\":1,\"params\":{},\"poetryId\":1,\"user\":{\"avatar\":\"\",\"createBy\":\"admin\",\"createTime\":\"2024-05-14 09:57:47\",\"delFlag\":\"0\",\"loginDate\":\"2024-05-15 12:32:41\",\"loginIp\":\"127.0.0.1\",\"nickName\":\"管理员\",\"params\":{},\"remark\":\"管理员\",\"sex\":\"1\",\"userId\":1,\"userName\":\"admin\"},\"userId\":1},{\"content\":\"关关雎鸠，在河之洲。窈窕淑女，君子好逑\",\"createBy\":\"admin\",\"createTime\":\"2024-05-15 11:34:13\",\"favor\":0,\"id\":2,\"params\":{},\"poetryId\":1,\"user\":{\"avatar\":\"\",\"createBy\":\"admin\",\"createTime\":\"2024-05-14 09:57:47\",\"delFlag\":\"0\",\"loginDate\":\"2024-05-15 12:32:41\",\"loginIp\":\"127.0.0.1\",\"nickName\":\"管理员\",\"params\":{},\"remark\":\"管理员\",\"sex\":\"1\",\"userId\":1,\"userName\":\"admin\"},\"userId\":1},{\"content\":\"关关雎鸠，在河之洲。窈窕淑女，君子好逑\",\"createBy\":\"admin\",\"createTime\":\"2024-05-15 11:34:56\",\"favor\":0,\"id\":3,\"params\":{},\"poetryId\":1,\"user\":{\"avatar\":\"\",\"createBy\":\"admin\",\"createTime\":\"2024-05-14 09:57:47\",\"delFlag\":\"0\",\"loginDate\":\"2024-05-15 12:32:41\",\"loginIp\":\"127.0.0.1\",\"nickName\":\"管理员\",\"params\":{},\"remark\":\"管理员\",\"sex\":\"1\",\"userId\":1,\"userName\":\"admin\"},\"userId\":1},{\"content\":\"参差荇菜，左右流之。窈窕淑女，寤寐求之\",\"createBy\":\"admin\",\"createTime\":\"2024-05-15 11:36:23\",\"favor\":0,\"id\":4,\"params\":{},\"poetryId\":1,\"user\":{\"avatar\":\"\",\"createBy\":\"admin\",\"createTime\":\"2024-05-14 09:57:47\",\"delFlag\":\"0\",\"loginDate\":\"2024-05-15 12:32:41\",\"loginIp\":\"127.0.0.1\",\"nickName\":\"管理员\",\"params\":{},\"remark\":\"管理员\",\"sex\":\"1\",\"userId\":1,\"userName\":\"admin\"},\"userId\":1},{\"content\":\"求之不得，寤寐思服。悠哉悠哉，辗转反侧\",\"createBy\":\"admin\",\"createTime\":\"2024-05-15 11:37:20\",\"favor\":0,\"id\":5,\"params\":{},\"poetryId\":1,\"user\":{\"avatar\":\"\",\"createBy\":\"admin\",\"createTime\":\"2024-05-14 09:57:47\",\"delFlag\":\"0\",\"loginDate\":\"2024-05-15 12:32:41\",\"loginIp\":\"127.0.0.1\",\"nickName\":\"管理员\",\"params\":{},\"remark\":\"管理员\",\"sex\":\"1\",\"userId\":1,\"userName\":\"admin\"},\"userId\":1},{\"content\":\"测试降序\",\"createBy\":\"admin\",\"createTime\":\"2024-05-15 12:14:13\",\"favor', 0, NULL, '2024-05-15 12:33:11', 12);
INSERT INTO `sys_oper_log` VALUES (325, '诗词', 2, 'com.main.system.controller.BizPoetryController.read()', 'PUT', 1, '13037503398', NULL, '/system/poetry/read/1', '127.0.0.1', '内网IP', '1', '{\"msg\":\"操作成功\",\"code\":200,\"data\":{\"author\":\"佚名\",\"bizPoetryCommentList\":[{\"content\":\"非常好诗词，是使我的春心萌动，爱来自关中\",\"createBy\":\"admin\",\"createTime\":\"2024-05-15 11:21:37\",\"favor\":0,\"id\":1,\"params\":{},\"poetryId\":1,\"user\":{\"avatar\":\"\",\"createBy\":\"admin\",\"createTime\":\"2024-05-14 09:57:47\",\"delFlag\":\"0\",\"loginDate\":\"2024-05-15 12:32:41\",\"loginIp\":\"127.0.0.1\",\"nickName\":\"管理员\",\"params\":{},\"remark\":\"管理员\",\"sex\":\"1\",\"userId\":1,\"userName\":\"admin\"},\"userId\":1},{\"content\":\"关关雎鸠，在河之洲。窈窕淑女，君子好逑\",\"createBy\":\"admin\",\"createTime\":\"2024-05-15 11:34:13\",\"favor\":0,\"id\":2,\"params\":{},\"poetryId\":1,\"user\":{\"avatar\":\"\",\"createBy\":\"admin\",\"createTime\":\"2024-05-14 09:57:47\",\"delFlag\":\"0\",\"loginDate\":\"2024-05-15 12:32:41\",\"loginIp\":\"127.0.0.1\",\"nickName\":\"管理员\",\"params\":{},\"remark\":\"管理员\",\"sex\":\"1\",\"userId\":1,\"userName\":\"admin\"},\"userId\":1},{\"content\":\"关关雎鸠，在河之洲。窈窕淑女，君子好逑\",\"createBy\":\"admin\",\"createTime\":\"2024-05-15 11:34:56\",\"favor\":0,\"id\":3,\"params\":{},\"poetryId\":1,\"user\":{\"avatar\":\"\",\"createBy\":\"admin\",\"createTime\":\"2024-05-14 09:57:47\",\"delFlag\":\"0\",\"loginDate\":\"2024-05-15 12:32:41\",\"loginIp\":\"127.0.0.1\",\"nickName\":\"管理员\",\"params\":{},\"remark\":\"管理员\",\"sex\":\"1\",\"userId\":1,\"userName\":\"admin\"},\"userId\":1},{\"content\":\"参差荇菜，左右流之。窈窕淑女，寤寐求之\",\"createBy\":\"admin\",\"createTime\":\"2024-05-15 11:36:23\",\"favor\":0,\"id\":4,\"params\":{},\"poetryId\":1,\"user\":{\"avatar\":\"\",\"createBy\":\"admin\",\"createTime\":\"2024-05-14 09:57:47\",\"delFlag\":\"0\",\"loginDate\":\"2024-05-15 12:32:41\",\"loginIp\":\"127.0.0.1\",\"nickName\":\"管理员\",\"params\":{},\"remark\":\"管理员\",\"sex\":\"1\",\"userId\":1,\"userName\":\"admin\"},\"userId\":1},{\"content\":\"求之不得，寤寐思服。悠哉悠哉，辗转反侧\",\"createBy\":\"admin\",\"createTime\":\"2024-05-15 11:37:20\",\"favor\":0,\"id\":5,\"params\":{},\"poetryId\":1,\"user\":{\"avatar\":\"\",\"createBy\":\"admin\",\"createTime\":\"2024-05-14 09:57:47\",\"delFlag\":\"0\",\"loginDate\":\"2024-05-15 12:32:41\",\"loginIp\":\"127.0.0.1\",\"nickName\":\"管理员\",\"params\":{},\"remark\":\"管理员\",\"sex\":\"1\",\"userId\":1,\"userName\":\"admin\"},\"userId\":1},{\"content\":\"测试降序\",\"createBy\":\"admin\",\"createTime\":\"2024-05-15 12:14:13\",\"favor', 0, NULL, '2024-05-15 12:33:15', 12);
INSERT INTO `sys_oper_log` VALUES (326, '诗词', 2, 'com.main.system.controller.BizPoetryController.read()', 'PUT', 1, '13037503398', NULL, '/system/poetry/read/1', '127.0.0.1', '内网IP', '1', '{\"msg\":\"操作成功\",\"code\":200,\"data\":{\"author\":\"佚名\",\"bizPoetryCommentList\":[{\"content\":\"非常好诗词，是使我的春心萌动，爱来自关中\",\"createBy\":\"admin\",\"createTime\":\"2024-05-15 11:21:37\",\"favor\":0,\"id\":1,\"params\":{},\"poetryId\":1,\"user\":{\"avatar\":\"\",\"createBy\":\"admin\",\"createTime\":\"2024-05-14 09:57:47\",\"delFlag\":\"0\",\"loginDate\":\"2024-05-15 12:32:41\",\"loginIp\":\"127.0.0.1\",\"nickName\":\"管理员\",\"params\":{},\"remark\":\"管理员\",\"sex\":\"1\",\"userId\":1,\"userName\":\"admin\"},\"userId\":1},{\"content\":\"关关雎鸠，在河之洲。窈窕淑女，君子好逑\",\"createBy\":\"admin\",\"createTime\":\"2024-05-15 11:34:13\",\"favor\":0,\"id\":2,\"params\":{},\"poetryId\":1,\"user\":{\"avatar\":\"\",\"createBy\":\"admin\",\"createTime\":\"2024-05-14 09:57:47\",\"delFlag\":\"0\",\"loginDate\":\"2024-05-15 12:32:41\",\"loginIp\":\"127.0.0.1\",\"nickName\":\"管理员\",\"params\":{},\"remark\":\"管理员\",\"sex\":\"1\",\"userId\":1,\"userName\":\"admin\"},\"userId\":1},{\"content\":\"关关雎鸠，在河之洲。窈窕淑女，君子好逑\",\"createBy\":\"admin\",\"createTime\":\"2024-05-15 11:34:56\",\"favor\":0,\"id\":3,\"params\":{},\"poetryId\":1,\"user\":{\"avatar\":\"\",\"createBy\":\"admin\",\"createTime\":\"2024-05-14 09:57:47\",\"delFlag\":\"0\",\"loginDate\":\"2024-05-15 12:32:41\",\"loginIp\":\"127.0.0.1\",\"nickName\":\"管理员\",\"params\":{},\"remark\":\"管理员\",\"sex\":\"1\",\"userId\":1,\"userName\":\"admin\"},\"userId\":1},{\"content\":\"参差荇菜，左右流之。窈窕淑女，寤寐求之\",\"createBy\":\"admin\",\"createTime\":\"2024-05-15 11:36:23\",\"favor\":0,\"id\":4,\"params\":{},\"poetryId\":1,\"user\":{\"avatar\":\"\",\"createBy\":\"admin\",\"createTime\":\"2024-05-14 09:57:47\",\"delFlag\":\"0\",\"loginDate\":\"2024-05-15 12:32:41\",\"loginIp\":\"127.0.0.1\",\"nickName\":\"管理员\",\"params\":{},\"remark\":\"管理员\",\"sex\":\"1\",\"userId\":1,\"userName\":\"admin\"},\"userId\":1},{\"content\":\"求之不得，寤寐思服。悠哉悠哉，辗转反侧\",\"createBy\":\"admin\",\"createTime\":\"2024-05-15 11:37:20\",\"favor\":0,\"id\":5,\"params\":{},\"poetryId\":1,\"user\":{\"avatar\":\"\",\"createBy\":\"admin\",\"createTime\":\"2024-05-14 09:57:47\",\"delFlag\":\"0\",\"loginDate\":\"2024-05-15 12:32:41\",\"loginIp\":\"127.0.0.1\",\"nickName\":\"管理员\",\"params\":{},\"remark\":\"管理员\",\"sex\":\"1\",\"userId\":1,\"userName\":\"admin\"},\"userId\":1},{\"content\":\"测试降序\",\"createBy\":\"admin\",\"createTime\":\"2024-05-15 12:14:13\",\"favor', 0, NULL, '2024-05-15 12:33:33', 11);
INSERT INTO `sys_oper_log` VALUES (327, '诗词', 2, 'com.main.system.controller.BizPoetryController.read()', 'PUT', 1, '13037503398', NULL, '/system/poetry/read/1', '127.0.0.1', '内网IP', '1', '{\"msg\":\"操作成功\",\"code\":200,\"data\":{\"author\":\"佚名\",\"bizPoetryCommentList\":[{\"content\":\"非常好诗词，是使我的春心萌动，爱来自关中\",\"createBy\":\"admin\",\"createTime\":\"2024-05-15 11:21:37\",\"favor\":0,\"id\":1,\"params\":{},\"poetryId\":1,\"user\":{\"avatar\":\"\",\"createBy\":\"admin\",\"createTime\":\"2024-05-14 09:57:47\",\"delFlag\":\"0\",\"loginDate\":\"2024-05-15 12:32:41\",\"loginIp\":\"127.0.0.1\",\"nickName\":\"管理员\",\"params\":{},\"remark\":\"管理员\",\"sex\":\"1\",\"userId\":1,\"userName\":\"admin\"},\"userId\":1},{\"content\":\"关关雎鸠，在河之洲。窈窕淑女，君子好逑\",\"createBy\":\"admin\",\"createTime\":\"2024-05-15 11:34:13\",\"favor\":0,\"id\":2,\"params\":{},\"poetryId\":1,\"user\":{\"avatar\":\"\",\"createBy\":\"admin\",\"createTime\":\"2024-05-14 09:57:47\",\"delFlag\":\"0\",\"loginDate\":\"2024-05-15 12:32:41\",\"loginIp\":\"127.0.0.1\",\"nickName\":\"管理员\",\"params\":{},\"remark\":\"管理员\",\"sex\":\"1\",\"userId\":1,\"userName\":\"admin\"},\"userId\":1},{\"content\":\"关关雎鸠，在河之洲。窈窕淑女，君子好逑\",\"createBy\":\"admin\",\"createTime\":\"2024-05-15 11:34:56\",\"favor\":0,\"id\":3,\"params\":{},\"poetryId\":1,\"user\":{\"avatar\":\"\",\"createBy\":\"admin\",\"createTime\":\"2024-05-14 09:57:47\",\"delFlag\":\"0\",\"loginDate\":\"2024-05-15 12:32:41\",\"loginIp\":\"127.0.0.1\",\"nickName\":\"管理员\",\"params\":{},\"remark\":\"管理员\",\"sex\":\"1\",\"userId\":1,\"userName\":\"admin\"},\"userId\":1},{\"content\":\"参差荇菜，左右流之。窈窕淑女，寤寐求之\",\"createBy\":\"admin\",\"createTime\":\"2024-05-15 11:36:23\",\"favor\":0,\"id\":4,\"params\":{},\"poetryId\":1,\"user\":{\"avatar\":\"\",\"createBy\":\"admin\",\"createTime\":\"2024-05-14 09:57:47\",\"delFlag\":\"0\",\"loginDate\":\"2024-05-15 12:32:41\",\"loginIp\":\"127.0.0.1\",\"nickName\":\"管理员\",\"params\":{},\"remark\":\"管理员\",\"sex\":\"1\",\"userId\":1,\"userName\":\"admin\"},\"userId\":1},{\"content\":\"求之不得，寤寐思服。悠哉悠哉，辗转反侧\",\"createBy\":\"admin\",\"createTime\":\"2024-05-15 11:37:20\",\"favor\":0,\"id\":5,\"params\":{},\"poetryId\":1,\"user\":{\"avatar\":\"\",\"createBy\":\"admin\",\"createTime\":\"2024-05-14 09:57:47\",\"delFlag\":\"0\",\"loginDate\":\"2024-05-15 12:32:41\",\"loginIp\":\"127.0.0.1\",\"nickName\":\"管理员\",\"params\":{},\"remark\":\"管理员\",\"sex\":\"1\",\"userId\":1,\"userName\":\"admin\"},\"userId\":1},{\"content\":\"测试降序\",\"createBy\":\"admin\",\"createTime\":\"2024-05-15 12:14:13\",\"favor', 0, NULL, '2024-05-15 12:33:42', 15);
INSERT INTO `sys_oper_log` VALUES (328, '诗词', 2, 'com.main.system.controller.BizPoetryController.read()', 'PUT', 1, '13037503398', NULL, '/system/poetry/read/1', '127.0.0.1', '内网IP', '1', '{\"msg\":\"操作成功\",\"code\":200,\"data\":{\"author\":\"佚名\",\"bizPoetryCommentList\":[{\"content\":\"非常好诗词，是使我的春心萌动，爱来自关中\",\"createBy\":\"admin\",\"createTime\":\"2024-05-15 11:21:37\",\"favor\":0,\"id\":1,\"params\":{},\"poetryId\":1,\"user\":{\"avatar\":\"\",\"createBy\":\"admin\",\"createTime\":\"2024-05-14 09:57:47\",\"delFlag\":\"0\",\"loginDate\":\"2024-05-15 12:32:41\",\"loginIp\":\"127.0.0.1\",\"nickName\":\"管理员\",\"params\":{},\"remark\":\"管理员\",\"sex\":\"1\",\"userId\":1,\"userName\":\"admin\"},\"userId\":1},{\"content\":\"关关雎鸠，在河之洲。窈窕淑女，君子好逑\",\"createBy\":\"admin\",\"createTime\":\"2024-05-15 11:34:13\",\"favor\":0,\"id\":2,\"params\":{},\"poetryId\":1,\"user\":{\"avatar\":\"\",\"createBy\":\"admin\",\"createTime\":\"2024-05-14 09:57:47\",\"delFlag\":\"0\",\"loginDate\":\"2024-05-15 12:32:41\",\"loginIp\":\"127.0.0.1\",\"nickName\":\"管理员\",\"params\":{},\"remark\":\"管理员\",\"sex\":\"1\",\"userId\":1,\"userName\":\"admin\"},\"userId\":1},{\"content\":\"关关雎鸠，在河之洲。窈窕淑女，君子好逑\",\"createBy\":\"admin\",\"createTime\":\"2024-05-15 11:34:56\",\"favor\":0,\"id\":3,\"params\":{},\"poetryId\":1,\"user\":{\"avatar\":\"\",\"createBy\":\"admin\",\"createTime\":\"2024-05-14 09:57:47\",\"delFlag\":\"0\",\"loginDate\":\"2024-05-15 12:32:41\",\"loginIp\":\"127.0.0.1\",\"nickName\":\"管理员\",\"params\":{},\"remark\":\"管理员\",\"sex\":\"1\",\"userId\":1,\"userName\":\"admin\"},\"userId\":1},{\"content\":\"参差荇菜，左右流之。窈窕淑女，寤寐求之\",\"createBy\":\"admin\",\"createTime\":\"2024-05-15 11:36:23\",\"favor\":0,\"id\":4,\"params\":{},\"poetryId\":1,\"user\":{\"avatar\":\"\",\"createBy\":\"admin\",\"createTime\":\"2024-05-14 09:57:47\",\"delFlag\":\"0\",\"loginDate\":\"2024-05-15 12:32:41\",\"loginIp\":\"127.0.0.1\",\"nickName\":\"管理员\",\"params\":{},\"remark\":\"管理员\",\"sex\":\"1\",\"userId\":1,\"userName\":\"admin\"},\"userId\":1},{\"content\":\"求之不得，寤寐思服。悠哉悠哉，辗转反侧\",\"createBy\":\"admin\",\"createTime\":\"2024-05-15 11:37:20\",\"favor\":0,\"id\":5,\"params\":{},\"poetryId\":1,\"user\":{\"avatar\":\"\",\"createBy\":\"admin\",\"createTime\":\"2024-05-14 09:57:47\",\"delFlag\":\"0\",\"loginDate\":\"2024-05-15 12:32:41\",\"loginIp\":\"127.0.0.1\",\"nickName\":\"管理员\",\"params\":{},\"remark\":\"管理员\",\"sex\":\"1\",\"userId\":1,\"userName\":\"admin\"},\"userId\":1},{\"content\":\"测试降序\",\"createBy\":\"admin\",\"createTime\":\"2024-05-15 12:14:13\",\"favor', 0, NULL, '2024-05-15 12:38:53', 19);
INSERT INTO `sys_oper_log` VALUES (329, '诗词', 2, 'com.main.system.controller.BizPoetryController.read()', 'PUT', 1, '13037503398', NULL, '/system/poetry/read/1', '127.0.0.1', '内网IP', '1', '{\"msg\":\"操作成功\",\"code\":200,\"data\":{\"author\":\"佚名\",\"bizPoetryCommentList\":[{\"content\":\"非常好诗词，是使我的春心萌动，爱来自关中\",\"createBy\":\"admin\",\"createTime\":\"2024-05-15 11:21:37\",\"favor\":0,\"id\":1,\"params\":{},\"poetryId\":1,\"user\":{\"avatar\":\"\",\"createBy\":\"admin\",\"createTime\":\"2024-05-14 09:57:47\",\"delFlag\":\"0\",\"loginDate\":\"2024-05-15 12:32:41\",\"loginIp\":\"127.0.0.1\",\"nickName\":\"管理员\",\"params\":{},\"remark\":\"管理员\",\"sex\":\"1\",\"userId\":1,\"userName\":\"admin\"},\"userId\":1},{\"content\":\"关关雎鸠，在河之洲。窈窕淑女，君子好逑\",\"createBy\":\"admin\",\"createTime\":\"2024-05-15 11:34:13\",\"favor\":0,\"id\":2,\"params\":{},\"poetryId\":1,\"user\":{\"avatar\":\"\",\"createBy\":\"admin\",\"createTime\":\"2024-05-14 09:57:47\",\"delFlag\":\"0\",\"loginDate\":\"2024-05-15 12:32:41\",\"loginIp\":\"127.0.0.1\",\"nickName\":\"管理员\",\"params\":{},\"remark\":\"管理员\",\"sex\":\"1\",\"userId\":1,\"userName\":\"admin\"},\"userId\":1},{\"content\":\"关关雎鸠，在河之洲。窈窕淑女，君子好逑\",\"createBy\":\"admin\",\"createTime\":\"2024-05-15 11:34:56\",\"favor\":0,\"id\":3,\"params\":{},\"poetryId\":1,\"user\":{\"avatar\":\"\",\"createBy\":\"admin\",\"createTime\":\"2024-05-14 09:57:47\",\"delFlag\":\"0\",\"loginDate\":\"2024-05-15 12:32:41\",\"loginIp\":\"127.0.0.1\",\"nickName\":\"管理员\",\"params\":{},\"remark\":\"管理员\",\"sex\":\"1\",\"userId\":1,\"userName\":\"admin\"},\"userId\":1},{\"content\":\"参差荇菜，左右流之。窈窕淑女，寤寐求之\",\"createBy\":\"admin\",\"createTime\":\"2024-05-15 11:36:23\",\"favor\":0,\"id\":4,\"params\":{},\"poetryId\":1,\"user\":{\"avatar\":\"\",\"createBy\":\"admin\",\"createTime\":\"2024-05-14 09:57:47\",\"delFlag\":\"0\",\"loginDate\":\"2024-05-15 12:32:41\",\"loginIp\":\"127.0.0.1\",\"nickName\":\"管理员\",\"params\":{},\"remark\":\"管理员\",\"sex\":\"1\",\"userId\":1,\"userName\":\"admin\"},\"userId\":1},{\"content\":\"求之不得，寤寐思服。悠哉悠哉，辗转反侧\",\"createBy\":\"admin\",\"createTime\":\"2024-05-15 11:37:20\",\"favor\":0,\"id\":5,\"params\":{},\"poetryId\":1,\"user\":{\"avatar\":\"\",\"createBy\":\"admin\",\"createTime\":\"2024-05-14 09:57:47\",\"delFlag\":\"0\",\"loginDate\":\"2024-05-15 12:32:41\",\"loginIp\":\"127.0.0.1\",\"nickName\":\"管理员\",\"params\":{},\"remark\":\"管理员\",\"sex\":\"1\",\"userId\":1,\"userName\":\"admin\"},\"userId\":1},{\"content\":\"测试降序\",\"createBy\":\"admin\",\"createTime\":\"2024-05-15 12:14:13\",\"favor', 0, NULL, '2024-05-15 12:59:43', 22);
INSERT INTO `sys_oper_log` VALUES (330, '用户诗词收藏', 2, 'com.main.system.controller.BizPoetryFavoriteController.favorite()', 'PUT', 1, '13037503398', NULL, '/system/favorite/do/1', '127.0.0.1', '内网IP', '1', '{\"msg\":\"操作成功\",\"code\":200,\"data\":{\"id\":13,\"params\":{}}}', 0, NULL, '2024-05-15 12:59:44', 13);
INSERT INTO `sys_oper_log` VALUES (331, '诗词', 2, 'com.main.system.controller.BizPoetryController.read()', 'PUT', 1, '13037503398', NULL, '/system/poetry/read/1', '127.0.0.1', '内网IP', '1', '{\"msg\":\"操作成功\",\"code\":200,\"data\":{\"author\":\"佚名\",\"bizPoetryCommentList\":[{\"content\":\"非常好诗词，是使我的春心萌动，爱来自关中\",\"createBy\":\"admin\",\"createTime\":\"2024-05-15 11:21:37\",\"favor\":0,\"id\":1,\"params\":{},\"poetryId\":1,\"poetryTitle\":\"关雎\",\"user\":{\"avatar\":\"\",\"createBy\":\"admin\",\"createTime\":\"2024-05-14 09:57:47\",\"delFlag\":\"0\",\"loginDate\":\"2024-05-15 12:32:41\",\"loginIp\":\"127.0.0.1\",\"nickName\":\"管理员\",\"params\":{},\"remark\":\"管理员\",\"sex\":\"1\",\"userId\":1,\"userName\":\"admin\"},\"userId\":1},{\"content\":\"关关雎鸠，在河之洲。窈窕淑女，君子好逑\",\"createBy\":\"admin\",\"createTime\":\"2024-05-15 11:34:13\",\"favor\":0,\"id\":2,\"params\":{},\"poetryId\":1,\"poetryTitle\":\"关雎\",\"user\":{\"avatar\":\"\",\"createBy\":\"admin\",\"createTime\":\"2024-05-14 09:57:47\",\"delFlag\":\"0\",\"loginDate\":\"2024-05-15 12:32:41\",\"loginIp\":\"127.0.0.1\",\"nickName\":\"管理员\",\"params\":{},\"remark\":\"管理员\",\"sex\":\"1\",\"userId\":1,\"userName\":\"admin\"},\"userId\":1},{\"content\":\"关关雎鸠，在河之洲。窈窕淑女，君子好逑\",\"createBy\":\"admin\",\"createTime\":\"2024-05-15 11:34:56\",\"favor\":0,\"id\":3,\"params\":{},\"poetryId\":1,\"poetryTitle\":\"关雎\",\"user\":{\"avatar\":\"\",\"createBy\":\"admin\",\"createTime\":\"2024-05-14 09:57:47\",\"delFlag\":\"0\",\"loginDate\":\"2024-05-15 12:32:41\",\"loginIp\":\"127.0.0.1\",\"nickName\":\"管理员\",\"params\":{},\"remark\":\"管理员\",\"sex\":\"1\",\"userId\":1,\"userName\":\"admin\"},\"userId\":1},{\"content\":\"参差荇菜，左右流之。窈窕淑女，寤寐求之\",\"createBy\":\"admin\",\"createTime\":\"2024-05-15 11:36:23\",\"favor\":0,\"id\":4,\"params\":{},\"poetryId\":1,\"poetryTitle\":\"关雎\",\"user\":{\"avatar\":\"\",\"createBy\":\"admin\",\"createTime\":\"2024-05-14 09:57:47\",\"delFlag\":\"0\",\"loginDate\":\"2024-05-15 12:32:41\",\"loginIp\":\"127.0.0.1\",\"nickName\":\"管理员\",\"params\":{},\"remark\":\"管理员\",\"sex\":\"1\",\"userId\":1,\"userName\":\"admin\"},\"userId\":1},{\"content\":\"求之不得，寤寐思服。悠哉悠哉，辗转反侧\",\"createBy\":\"admin\",\"createTime\":\"2024-05-15 11:37:20\",\"favor\":0,\"id\":5,\"params\":{},\"poetryId\":1,\"poetryTitle\":\"关雎\",\"user\":{\"avatar\":\"\",\"createBy\":\"admin\",\"createTime\":\"2024-05-14 09:57:47\",\"delFlag\":\"0\",\"loginDate\":\"2024-05-15 12:32:41\",\"loginIp\":\"127.0.0.1\",\"nickName\":\"管理员\",\"params\":{},\"remark\":\"管理员\",\"sex\":\"1\",\"userId\":1,\"userName\":\"adm', 0, NULL, '2024-05-15 13:10:39', 46);
INSERT INTO `sys_oper_log` VALUES (332, '诗词', 2, 'com.main.system.controller.BizPoetryController.read()', 'PUT', 1, '13037503398', NULL, '/system/poetry/read/1', '127.0.0.1', '内网IP', '1', '{\"msg\":\"操作成功\",\"code\":200,\"data\":{\"author\":\"佚名\",\"bizPoetryCommentList\":[{\"content\":\"非常好诗词，是使我的春心萌动，爱来自关中\",\"createBy\":\"admin\",\"createTime\":\"2024-05-15 11:21:37\",\"favor\":0,\"id\":1,\"params\":{},\"poetryId\":1,\"poetryTitle\":\"关雎\",\"user\":{\"avatar\":\"\",\"createBy\":\"admin\",\"createTime\":\"2024-05-14 09:57:47\",\"delFlag\":\"0\",\"loginDate\":\"2024-05-15 12:32:41\",\"loginIp\":\"127.0.0.1\",\"nickName\":\"管理员\",\"params\":{},\"remark\":\"管理员\",\"sex\":\"1\",\"userId\":1,\"userName\":\"admin\"},\"userId\":1},{\"content\":\"关关雎鸠，在河之洲。窈窕淑女，君子好逑\",\"createBy\":\"admin\",\"createTime\":\"2024-05-15 11:34:13\",\"favor\":0,\"id\":2,\"params\":{},\"poetryId\":1,\"poetryTitle\":\"关雎\",\"user\":{\"avatar\":\"\",\"createBy\":\"admin\",\"createTime\":\"2024-05-14 09:57:47\",\"delFlag\":\"0\",\"loginDate\":\"2024-05-15 12:32:41\",\"loginIp\":\"127.0.0.1\",\"nickName\":\"管理员\",\"params\":{},\"remark\":\"管理员\",\"sex\":\"1\",\"userId\":1,\"userName\":\"admin\"},\"userId\":1},{\"content\":\"关关雎鸠，在河之洲。窈窕淑女，君子好逑\",\"createBy\":\"admin\",\"createTime\":\"2024-05-15 11:34:56\",\"favor\":0,\"id\":3,\"params\":{},\"poetryId\":1,\"poetryTitle\":\"关雎\",\"user\":{\"avatar\":\"\",\"createBy\":\"admin\",\"createTime\":\"2024-05-14 09:57:47\",\"delFlag\":\"0\",\"loginDate\":\"2024-05-15 12:32:41\",\"loginIp\":\"127.0.0.1\",\"nickName\":\"管理员\",\"params\":{},\"remark\":\"管理员\",\"sex\":\"1\",\"userId\":1,\"userName\":\"admin\"},\"userId\":1},{\"content\":\"参差荇菜，左右流之。窈窕淑女，寤寐求之\",\"createBy\":\"admin\",\"createTime\":\"2024-05-15 11:36:23\",\"favor\":0,\"id\":4,\"params\":{},\"poetryId\":1,\"poetryTitle\":\"关雎\",\"user\":{\"avatar\":\"\",\"createBy\":\"admin\",\"createTime\":\"2024-05-14 09:57:47\",\"delFlag\":\"0\",\"loginDate\":\"2024-05-15 12:32:41\",\"loginIp\":\"127.0.0.1\",\"nickName\":\"管理员\",\"params\":{},\"remark\":\"管理员\",\"sex\":\"1\",\"userId\":1,\"userName\":\"admin\"},\"userId\":1},{\"content\":\"求之不得，寤寐思服。悠哉悠哉，辗转反侧\",\"createBy\":\"admin\",\"createTime\":\"2024-05-15 11:37:20\",\"favor\":0,\"id\":5,\"params\":{},\"poetryId\":1,\"poetryTitle\":\"关雎\",\"user\":{\"avatar\":\"\",\"createBy\":\"admin\",\"createTime\":\"2024-05-14 09:57:47\",\"delFlag\":\"0\",\"loginDate\":\"2024-05-15 12:32:41\",\"loginIp\":\"127.0.0.1\",\"nickName\":\"管理员\",\"params\":{},\"remark\":\"管理员\",\"sex\":\"1\",\"userId\":1,\"userName\":\"adm', 0, NULL, '2024-05-15 13:18:41', 42);

-- ----------------------------
-- Table structure for sys_post
-- ----------------------------
DROP TABLE IF EXISTS `sys_post`;
CREATE TABLE `sys_post`  (
  `post_id` bigint NOT NULL AUTO_INCREMENT COMMENT '岗位ID',
  `post_code` varchar(64) CHARACTER SET utf8mb4 COLLATE utf8mb4_0900_ai_ci NOT NULL COMMENT '岗位编码',
  `post_name` varchar(50) CHARACTER SET utf8mb4 COLLATE utf8mb4_0900_ai_ci NOT NULL COMMENT '岗位名称',
  `post_sort` int NOT NULL COMMENT '显示顺序',
  `status` char(1) CHARACTER SET utf8mb4 COLLATE utf8mb4_0900_ai_ci NOT NULL COMMENT '状态（0正常 1停用）',
  `create_by` varchar(64) CHARACTER SET utf8mb4 COLLATE utf8mb4_0900_ai_ci NULL DEFAULT '' COMMENT '创建者',
  `create_time` datetime NULL DEFAULT NULL COMMENT '创建时间',
  `update_by` varchar(64) CHARACTER SET utf8mb4 COLLATE utf8mb4_0900_ai_ci NULL DEFAULT '' COMMENT '更新者',
  `update_time` datetime NULL DEFAULT NULL COMMENT '更新时间',
  `remark` varchar(500) CHARACTER SET utf8mb4 COLLATE utf8mb4_0900_ai_ci NULL DEFAULT NULL COMMENT '备注',
  PRIMARY KEY (`post_id`) USING BTREE
) ENGINE = InnoDB AUTO_INCREMENT = 5 CHARACTER SET = utf8mb4 COLLATE = utf8mb4_0900_ai_ci COMMENT = '岗位信息表' ROW_FORMAT = Dynamic;

-- ----------------------------
-- Records of sys_post
-- ----------------------------
INSERT INTO `sys_post` VALUES (1, 'ceo', '董事长', 1, '0', 'admin', '2024-05-14 09:57:47', '', NULL, '');
INSERT INTO `sys_post` VALUES (2, 'se', '项目经理', 2, '0', 'admin', '2024-05-14 09:57:47', '', NULL, '');
INSERT INTO `sys_post` VALUES (3, 'hr', '人力资源', 3, '0', 'admin', '2024-05-14 09:57:47', '', NULL, '');
INSERT INTO `sys_post` VALUES (4, 'user', '普通员工', 4, '0', 'admin', '2024-05-14 09:57:47', '', NULL, '');

-- ----------------------------
-- Table structure for sys_role
-- ----------------------------
DROP TABLE IF EXISTS `sys_role`;
CREATE TABLE `sys_role`  (
  `role_id` bigint NOT NULL AUTO_INCREMENT COMMENT '角色ID',
  `role_name` varchar(30) CHARACTER SET utf8mb4 COLLATE utf8mb4_0900_ai_ci NOT NULL COMMENT '角色名称',
  `role_key` varchar(100) CHARACTER SET utf8mb4 COLLATE utf8mb4_0900_ai_ci NOT NULL COMMENT '角色权限字符串',
  `role_sort` int NOT NULL COMMENT '显示顺序',
  `data_scope` char(1) CHARACTER SET utf8mb4 COLLATE utf8mb4_0900_ai_ci NULL DEFAULT '1' COMMENT '数据范围（1：全部数据权限 2：自定数据权限 3：本部门数据权限 4：本部门及以下数据权限）',
  `menu_check_strictly` tinyint(1) NULL DEFAULT 1 COMMENT '菜单树选择项是否关联显示',
  `dept_check_strictly` tinyint(1) NULL DEFAULT 1 COMMENT '部门树选择项是否关联显示',
  `status` char(1) CHARACTER SET utf8mb4 COLLATE utf8mb4_0900_ai_ci NOT NULL COMMENT '角色状态（0正常 1停用）',
  `del_flag` char(1) CHARACTER SET utf8mb4 COLLATE utf8mb4_0900_ai_ci NULL DEFAULT '0' COMMENT '删除标志（0代表存在 2代表删除）',
  `create_by` varchar(64) CHARACTER SET utf8mb4 COLLATE utf8mb4_0900_ai_ci NULL DEFAULT '' COMMENT '创建者',
  `create_time` datetime NULL DEFAULT NULL COMMENT '创建时间',
  `update_by` varchar(64) CHARACTER SET utf8mb4 COLLATE utf8mb4_0900_ai_ci NULL DEFAULT '' COMMENT '更新者',
  `update_time` datetime NULL DEFAULT NULL COMMENT '更新时间',
  `remark` varchar(500) CHARACTER SET utf8mb4 COLLATE utf8mb4_0900_ai_ci NULL DEFAULT NULL COMMENT '备注',
  PRIMARY KEY (`role_id`) USING BTREE
) ENGINE = InnoDB AUTO_INCREMENT = 100 CHARACTER SET = utf8mb4 COLLATE = utf8mb4_0900_ai_ci COMMENT = '角色信息表' ROW_FORMAT = Dynamic;

-- ----------------------------
-- Records of sys_role
-- ----------------------------
INSERT INTO `sys_role` VALUES (1, '超级管理员', 'admin', 1, '1', 1, 1, '0', '0', 'admin', '2024-05-14 09:57:47', '', NULL, '超级管理员');
INSERT INTO `sys_role` VALUES (2, '用户', 'common', 2, '2', 1, 1, '0', '0', 'admin', '2024-05-14 09:57:47', 'admin', '2024-05-15 12:32:55', '用户');

-- ----------------------------
-- Table structure for sys_role_dept
-- ----------------------------
DROP TABLE IF EXISTS `sys_role_dept`;
CREATE TABLE `sys_role_dept`  (
  `role_id` bigint NOT NULL COMMENT '角色ID',
  `dept_id` bigint NOT NULL COMMENT '部门ID',
  PRIMARY KEY (`role_id`, `dept_id`) USING BTREE
) ENGINE = InnoDB CHARACTER SET = utf8mb4 COLLATE = utf8mb4_0900_ai_ci COMMENT = '角色和部门关联表' ROW_FORMAT = Dynamic;

-- ----------------------------
-- Records of sys_role_dept
-- ----------------------------
INSERT INTO `sys_role_dept` VALUES (2, 100);
INSERT INTO `sys_role_dept` VALUES (2, 101);
INSERT INTO `sys_role_dept` VALUES (2, 105);

-- ----------------------------
-- Table structure for sys_role_menu
-- ----------------------------
DROP TABLE IF EXISTS `sys_role_menu`;
CREATE TABLE `sys_role_menu`  (
  `role_id` bigint NOT NULL COMMENT '角色ID',
  `menu_id` bigint NOT NULL COMMENT '菜单ID',
  PRIMARY KEY (`role_id`, `menu_id`) USING BTREE
) ENGINE = InnoDB CHARACTER SET = utf8mb4 COLLATE = utf8mb4_0900_ai_ci COMMENT = '角色和菜单关联表' ROW_FORMAT = Dynamic;

-- ----------------------------
-- Records of sys_role_menu
-- ----------------------------
INSERT INTO `sys_role_menu` VALUES (2, 1);
INSERT INTO `sys_role_menu` VALUES (2, 107);
INSERT INTO `sys_role_menu` VALUES (2, 1035);
INSERT INTO `sys_role_menu` VALUES (2, 2000);
INSERT INTO `sys_role_menu` VALUES (2, 2001);
INSERT INTO `sys_role_menu` VALUES (2, 2002);
INSERT INTO `sys_role_menu` VALUES (2, 2003);
INSERT INTO `sys_role_menu` VALUES (2, 2004);
INSERT INTO `sys_role_menu` VALUES (2, 2005);
INSERT INTO `sys_role_menu` VALUES (2, 2006);
INSERT INTO `sys_role_menu` VALUES (2, 2007);
INSERT INTO `sys_role_menu` VALUES (2, 2008);
INSERT INTO `sys_role_menu` VALUES (2, 2009);
INSERT INTO `sys_role_menu` VALUES (2, 2010);
INSERT INTO `sys_role_menu` VALUES (2, 2011);
INSERT INTO `sys_role_menu` VALUES (2, 2012);
INSERT INTO `sys_role_menu` VALUES (2, 2013);
INSERT INTO `sys_role_menu` VALUES (2, 2014);
INSERT INTO `sys_role_menu` VALUES (2, 2015);
INSERT INTO `sys_role_menu` VALUES (2, 2016);
INSERT INTO `sys_role_menu` VALUES (2, 2017);
INSERT INTO `sys_role_menu` VALUES (2, 2018);
INSERT INTO `sys_role_menu` VALUES (2, 2019);
INSERT INTO `sys_role_menu` VALUES (2, 2023);
INSERT INTO `sys_role_menu` VALUES (2, 2024);
INSERT INTO `sys_role_menu` VALUES (2, 2025);
INSERT INTO `sys_role_menu` VALUES (2, 2026);
INSERT INTO `sys_role_menu` VALUES (2, 2027);
INSERT INTO `sys_role_menu` VALUES (2, 2028);
INSERT INTO `sys_role_menu` VALUES (2, 2029);
INSERT INTO `sys_role_menu` VALUES (2, 2030);

-- ----------------------------
-- Table structure for sys_user
-- ----------------------------
DROP TABLE IF EXISTS `sys_user`;
CREATE TABLE `sys_user`  (
  `user_id` bigint NOT NULL AUTO_INCREMENT COMMENT '用户ID',
  `dept_id` bigint NULL DEFAULT NULL COMMENT '部门ID',
  `user_name` varchar(30) CHARACTER SET utf8mb4 COLLATE utf8mb4_0900_ai_ci NOT NULL COMMENT '用户账号',
  `nick_name` varchar(30) CHARACTER SET utf8mb4 COLLATE utf8mb4_0900_ai_ci NOT NULL COMMENT '用户昵称',
  `user_type` varchar(2) CHARACTER SET utf8mb4 COLLATE utf8mb4_0900_ai_ci NULL DEFAULT '00' COMMENT '用户类型（00系统用户）',
  `email` varchar(50) CHARACTER SET utf8mb4 COLLATE utf8mb4_0900_ai_ci NULL DEFAULT '' COMMENT '用户邮箱',
  `phonenumber` varchar(11) CHARACTER SET utf8mb4 COLLATE utf8mb4_0900_ai_ci NULL DEFAULT '' COMMENT '手机号码',
  `sex` char(1) CHARACTER SET utf8mb4 COLLATE utf8mb4_0900_ai_ci NULL DEFAULT '0' COMMENT '用户性别（0男 1女 2未知）',
  `avatar` varchar(100) CHARACTER SET utf8mb4 COLLATE utf8mb4_0900_ai_ci NULL DEFAULT '' COMMENT '头像地址',
  `password` varchar(100) CHARACTER SET utf8mb4 COLLATE utf8mb4_0900_ai_ci NULL DEFAULT '' COMMENT '密码',
  `status` char(1) CHARACTER SET utf8mb4 COLLATE utf8mb4_0900_ai_ci NULL DEFAULT '0' COMMENT '帐号状态（0正常 1停用）',
  `del_flag` char(1) CHARACTER SET utf8mb4 COLLATE utf8mb4_0900_ai_ci NULL DEFAULT '0' COMMENT '删除标志（0代表存在 2代表删除）',
  `login_ip` varchar(128) CHARACTER SET utf8mb4 COLLATE utf8mb4_0900_ai_ci NULL DEFAULT '' COMMENT '最后登录IP',
  `login_date` datetime NULL DEFAULT NULL COMMENT '最后登录时间',
  `create_by` varchar(64) CHARACTER SET utf8mb4 COLLATE utf8mb4_0900_ai_ci NULL DEFAULT '' COMMENT '创建者',
  `create_time` datetime NULL DEFAULT NULL COMMENT '创建时间',
  `update_by` varchar(64) CHARACTER SET utf8mb4 COLLATE utf8mb4_0900_ai_ci NULL DEFAULT '' COMMENT '更新者',
  `update_time` datetime NULL DEFAULT NULL COMMENT '更新时间',
  `remark` varchar(500) CHARACTER SET utf8mb4 COLLATE utf8mb4_0900_ai_ci NULL DEFAULT NULL COMMENT '备注',
  PRIMARY KEY (`user_id`) USING BTREE
) ENGINE = InnoDB AUTO_INCREMENT = 101 CHARACTER SET = utf8mb4 COLLATE = utf8mb4_0900_ai_ci COMMENT = '用户信息表' ROW_FORMAT = Dynamic;

-- ----------------------------
-- Records of sys_user
-- ----------------------------
INSERT INTO `sys_user` VALUES (1, 103, 'admin', '管理员', '00', 'admin@163.com', '15888888888', '1', '', '$2a$10$IK68Vz9CexedO.GH3O1ZXuukmTVrOAOz2qqsNI4/62RbXe6LOa5Aa', '0', '0', '127.0.0.1', '2024-05-15 12:32:41', 'admin', '2024-05-14 09:57:47', '', '2024-05-15 12:32:40', '管理员');
INSERT INTO `sys_user` VALUES (2, 105, 'test1', '测试1', '00', '1246453771@qq.com', '15666666666', '1', '', '$2a$10$IK68Vz9CexedO.GH3O1ZXuukmTVrOAOz2qqsNI4/62RbXe6LOa5Aa', '0', '0', '127.0.0.1', '2024-05-14 16:45:18', 'admin', '2024-05-14 09:57:47', '', '2024-05-14 16:45:18', '测试员');
INSERT INTO `sys_user` VALUES (100, NULL, '13037503398', '13037503398', '00', '', '13037503398', '0', '/profile/avatar/2024/05/15/QQ20221021114707_20240515122924A002.jpg', '$2a$10$aIp88LSqKLA50oZDSXNoI.TnKOXK3GrYkOqiH.FJKXv00E9daU9O.', '0', '0', '127.0.0.1', '2024-05-15 12:33:07', '', '2024-05-14 17:44:21', 'admin', '2024-05-15 12:33:06', NULL);

-- ----------------------------
-- Table structure for sys_user_post
-- ----------------------------
DROP TABLE IF EXISTS `sys_user_post`;
CREATE TABLE `sys_user_post`  (
  `user_id` bigint NOT NULL COMMENT '用户ID',
  `post_id` bigint NOT NULL COMMENT '岗位ID',
  PRIMARY KEY (`user_id`, `post_id`) USING BTREE
) ENGINE = InnoDB CHARACTER SET = utf8mb4 COLLATE = utf8mb4_0900_ai_ci COMMENT = '用户与岗位关联表' ROW_FORMAT = Dynamic;

-- ----------------------------
-- Records of sys_user_post
-- ----------------------------
INSERT INTO `sys_user_post` VALUES (1, 1);
INSERT INTO `sys_user_post` VALUES (2, 2);

-- ----------------------------
-- Table structure for sys_user_role
-- ----------------------------
DROP TABLE IF EXISTS `sys_user_role`;
CREATE TABLE `sys_user_role`  (
  `user_id` bigint NOT NULL COMMENT '用户ID',
  `role_id` bigint NOT NULL COMMENT '角色ID',
  PRIMARY KEY (`user_id`, `role_id`) USING BTREE
) ENGINE = InnoDB CHARACTER SET = utf8mb4 COLLATE = utf8mb4_0900_ai_ci COMMENT = '用户和角色关联表' ROW_FORMAT = Dynamic;

-- ----------------------------
-- Records of sys_user_role
-- ----------------------------
INSERT INTO `sys_user_role` VALUES (1, 1);
INSERT INTO `sys_user_role` VALUES (2, 2);
INSERT INTO `sys_user_role` VALUES (100, 2);

SET FOREIGN_KEY_CHECKS = 1;
